CODIGOEAN13,Tipo,Nom_Prod,Concent,Nom_Form_Farm,Nom_Form_Farm_Simplif,Presentac,Fracciones,Fec_Vcto_Reg_Sanitario,Num_RegSan,Nom_Titular
14452,13,OXITOCINA,10UI/mL,Solución para Inyección,Inyectable,Caja Amp.,100,3/25/2014,EG6149,ESKE
15735,13,LORATADINA,10mg,Tableta,Tableta,Caja Tab.,30,9/12/2011,NG5069,LA VICTORIA
15736,13,FLUCONAZOL,150mg,Cápsula,Capsula,Caja Cap.,4,9/15/2011,NG5074,LA VICTORIA
15739,13,OMEPRAZOL,20mg,Cápsula,Capsula,Caja Cap.,20,6/13/2012,NG5355,LA VICTORIA
18372,13,FINEX,250mg,Comprimido,Tableta,Caja Comp.,14,10/22/2011,E14186,FARMAVAL
132093,13,BICARBONATO DE SODIO,,Polvo para Suspensión Oral,Suspension,Caja X 100 g,1,7/19/2011,NG2888,LA VICTORIA
390002,13,NASTERIL,5mg,Comprimido Recubierto,Tableta,Caja Comp.,30,3/26/2012,E14500,TECNOFARMA
1360004,13,ADENEX,5mg,Comprimido,Tableta,Caja Comp.,30,10/19/2009,E12245,TECNOFARMA
2770098,13,TRAVATAN,0.00%,Solución Oftálmica,Solucion Oftalmica,Fco. Got. X 2.5 mL,1,5/23/2011,E13878,ALCON
3186620,13,SRILANE CREMA,5%,Crema,Crema,Tubo X 60 g,1,6/27/2011,E18533,MERCK PERUANA
3418970,13,ATRICAN,250mg,Cápsula,Capsula,Caja Cap.,8,5/23/2012,E14657,QUILAB
4190189,13,CLOXIPOL,1%,Crema,Crema,Tubo X 20 g,1,3/23/2015,N21656,LA VICTORIA
4190486,13,HISTAFED,4mg,Comprimido,Tableta,Caja Comp.,20,3/27/2010,E12759,LA VICTORIA
4191087,13,XINTUS -,15mg/5mL,Jarabe,Solucion,Fco. X 100 mL,1,3/8/2010,N21613,LA VICTORIA
4191384,13,PALDIX FORTE,800mg+160mg,Tableta,Tableta,Caja Tab.,10,10/20/2015,N22052,LA VICTORIA
4192466,13,MULTAMIN C MULTISABOR,,Comprimido,Tableta,Caja Disp. Comp.,96,12/30/2009,E12469,LA VICTORIA
4192626,13,PALDIX FORTE,800mg+160mg,Tableta,Tableta,Caja Tab.,100,10/20/2015,N22052,LA VICTORIA
4192749,13,ANTIHEMORROIDAL,,Crema,Crema,Caja Tbo. X 30 g,1,3/13/2013,E15352,LA VICTORIA
5255078,13,AMBROXOL,15mg/5mL,Jarabe,Solucion,Fco. X 120 mL,1,1/7/2014,EG6033,FARMINDUSTRIA
5275496,13,ATURAL,50mg/5mL,Inyectable,Inyectable,Amp. X 5 mL,6,4/18/2010,E17262,ROEMMERS
5275892,13,DEXTROSA,33.30%,Solución para Inyección,Inyectable,Amp. X 20 mL,1,8/25/2006,NG516,LUSA
5275953,13,ATROPINA SULFATO,0.25mg/mL,Solución para Inyección,Inyectable,Amp. X 1 mL,1,12/30/2012,NG3587,MEDIFARMA
5275960,13,ATROPINA SULFATO,0.5mg/mL,Solución para Inyección,Inyectable,Amp. X 1 mL,1,11/13/2011,NG1522,MEDIFARMA
5275984,13,RIPTAM,20mg,Polvo para Solución Inyectable,Inyectable,Caja Vial,1,10/19/2010,E8821,TECNOFARMA
5279531,13,FARMORUBICINA,10mg,Polvo para Solución Inyectable,Inyectable,Caja Vial + Amp. X 5 mL,1,8/15/2009,E5453,PFIZER
5279562,13,CYTOSAR,100mg,Polvo para Solución Inyectable,Inyectable,Caja Fco. Amp.,100,4/14/2010,E17252,PFIZER
5279579,13,CYTOSAR,500mg,Polvo Liofilizado para Solución Inyectable,Inyectable,Caja Amp. X 10 mL,1,4/18/2010,E17258,PFIZER
5287383,13,KALIUM,20%,Solución para Inyección,Inyectable,Amp. X 10 mL,1,8/19/2011,N264,LUSA
5287437,13,PLIDAN,5mg/mL,Solución para Inyección,Inyectable,Amp.,100,10/18/2008,N14030,ROEMMERS
5287925,13,TRIMOVAX,,Polvo Liofilizado para Solución Inyectable,Inyectable,Caja Fco. Amp. X 1 Dosis,10,11/30/2013,BE00008,SANOFI
5288069,13,ACICLOVIR,200mg,Tableta,Tableta,Caja Tab.,24,9/20/2011,NG5084,LA VICTORIA
5310449,13,K.H.3.,,Cápsula,Capsula,Caja Cap.,20,12/28/2012,N24172,DEUTSCHE PHARMA
5310562,13,CIPROFLOXACINO,500mg,Tableta,Tableta,Caja Tab.,100,8/22/2010,NG1299,FARMINDUSTRIA
5310715,13,CIPROFLOX,500mg,Tableta,Tableta,Caja Tab.,10,12/26/2011,N16253,INFARMASA
5311101,13,HISTATON,4mg,Tableta,Tableta,Caja Tab.,120,2/25/2010,N21596,LUSA
5311125,13,COMBIVIR,150mg+300mg,Tableta,Tableta,Caja Tab.,60,9/30/2013,E11202,GSK
5311156,13,OXYCONTIN,20mg,Tableta de Liberación Prolongada,Tableta,Caja Comp.,30,11/24/2012,E10489,TECNOFARMA
5311392,13,NICOVEL,,Cápsula Vaginal,Ovulo,Caja Cap.,100,4/21/2007,E10189,BAGO
5311538,13,FELDENE FLASH,20mg,Tableta,Tableta,Caja Tab.,10,8/23/2011,E14113,PFIZER
5311682,13,IBUPROFENO,400mg,Tableta,Tableta,Caja Tab.,100,2/26/2016,NG2639,MEDIFARMA
5311705,13,PARACETAMOL,500mg,Tableta,Tableta,Caja Tab.,100,7/27/2011,NG2895,QUILAB
5311767,13,LAMOTRIGINA,50mg,Tableta,Tableta,Caja Tab.,100,3/28/2015,NG2358,AC FARMA
5311781,13,IBUPROFENO,600mg,Tableta Recubierta,Tableta,Caja Tab.,100,7/7/2009,NG2071,INDUQUIMICA
5312047,13,DIETILESTILBESTROL,1mg,Tableta,Tableta,Caja Tab.,100,6/28/2016,EG3423,PALMAGYAR
5312191,13,METOCLOPRAMIDA,10mg/2mL,Solución para Inyección,Inyectable,Caja Amp.,100,12/2/2013,EG895,SANDERSON
5312290,13,DIAZEPAM,10mg/2mL,Solución para Inyección,Inyectable,Caja Amp. X 2 mL,100,6/11/2012,EG5380,SANDERSON
5312337,13,LOVASTATINA,10mg,Tableta,Tableta,Caja Tab.,100,9/3/2013,NG3926,PORTUGAL
5312580,13,ALBEN,100mg/5mL,Suspensión,Suspension,Fco. X 20 mL,1,5/23/2012,N20226,BIOS PERU
5313051,13,EPINEFRINA,1mg/mL,Solución para Inyección,Inyectable,Caja Amp. X 1 mL,100,12/31/2012,EG2059,SANDERSON
5313303,13,HISTAC,300mg,Tableta,Tableta,Caja Tab.,20,1/31/2010,E12576,RANBAXY-PRP
5313785,13,AMOXICILINA,500mg,Cápsula,Capsula,Caja Cap.,100,1/26/2016,NG0137,MEDIFARMA
5313808,13,ANASTROZOL,1mg,Tableta,Tableta,Caja Tab.,30,10/24/2013,NG4060,INDUQUIMICA
5314058,13,OMEPRAZOL,20mg,Cápsula,Capsula,Caja Cap.,100,2/8/2012,NG3165,INDUQUIMICA
5314607,13,MELOXICAM,15mg,Tableta,Tableta,Caja Tab.,10,12/17/2012,EG5630,GENFAR
5314737,13,ATROPINA SULFATO,0.5mg/mL,Solución para Inyección,Inyectable,Caja Amp. X 1 mL,100,6/4/2012,EG3654,SANDERSON
5340552,13,RANITIDINA,50mg/5mL,Solución para Inyección,Inyectable,Caja Amp.,1,10/13/2010,EG4773,SANDERSON
5340668,13,SUERO FISIOLOGICO,0.90%,Solución para Inyección,Inyectable,Caja Amp. X 20 mL,25,8/11/2013,N12341,MEDIFARMA
5340880,13,CLORURO DE SODIO,0.90%,Solución para Inyección,Inyectable,Bolsa X 1 L,1,9/8/2009,NG2113,MEDIFARMA
5340897,13,DEXTROSA,5%,Solución para Inyección,Inyectable,Fco. X 100 mL,1,1/4/2013,EG689,BAXTER
5341566,13,EPINEFRINA,1mg/mL,Solución para Inyección,Inyectable,Caja Amp. X 1 mL,1,12/31/2012,EG2059,SANDERSON
5341610,13,BICARBONATO DE SODIO,8.40%,Solución para Inyección,Inyectable,Amp. X 20 mL,25,1/30/2013,NG3633,LUSA
5342747,13,LIDOCAINA C/EPINEFRINA,2%,Solución para Inyección,Inyectable,Vial,25,3/11/2009,NG4262,DANY
5342754,13,FARMORUBICINA,50mg,Polvo para Solución Inyectable,Inyectable,Caja Vial,1,8/15/2009,E5452,PFIZER
5342778,13,METOTREXATO,500mg,Solución para Inyección,Inyectable,Caja Vial X 20 mL,1,7/31/2012,EG608,PFIZER
5342785,13,METOTREXATO,50mg/2mL,Solución para Inyección,Inyectable,Caja Vial X 2 mL,1,7/31/2012,EG607,PFIZER
5342822,13,CISPLATINO,50mg/50mL,Solución para Inyección,Inyectable,Caja Vial X 50 mL,1,12/1/2009,EG2747,PALMAGYAR
5343423,13,METAMIZOL,1g/2mL,Solución para Inyección,Inyectable,Caja Amp.,1,7/10/2012,EG2005,SANDERSON
5344246,13,LIDOCAINA,2%,Solución para Inyección,Inyectable,Fco. Amp.,25,6/4/2012,EG3653,TERBOL
5344598,13,XILONEST,2%,Solución para Inyección,Inyectable,Fco Amp. X 20 mL,1,10/11/2012,N11306,MEDIFARMA
5345083,13,MENTOLINA NO TOS EXPECTORANTE,,Jarabe,Solucion,Fco. X 120 mL,1,10/29/2012,N20349,INTRADEVCO
5345489,13,PARACETAMOL,120mg/5mL,Jarabe,Solucion,Fco. X 60 mL,1,7/24/2011,NG271,IQ FARMA
5345694,13,XILONEST SP,2%,Solución para Inyección,Inyectable,Caja Fco. Amp. X 20 mL,1,12/21/2009,N17729,MEDIFARMA
5348749,13,MUCOVAL,30mg/5mL,Jarabe,Solucion,Fco. X 120 mL,1,5/23/2013,N20670,INFERMED
5349173,13,AMOXICILINA,250mg/5mL,Suspensión,Suspension,Fco. X 60 mL,1,6/22/2011,EG5038,FARMINDUSTRIA
5350759,13,CELEBREX,200mg,Cápsula,Capsula,Caja Cap.,10,4/18/2015,E17260,PFIZER
34839966,13,UTROGESTAN,200mg,Cápsula Blanda,Capsula,Caja Cap.,15,4/12/2012,E19308,BIOPAS
75004460,13,LUTRAX,"0,02%",Solución Oftálmica,Solucion Oftalmica,Fco. Got. X 15 mL,1,6/28/2010,E13016,ALCON
77014535,13,CALADRYL CLEAR,,Loción,Locion,Fco. X 100 mL,1,5/8/2010,E12857,JOHNSON&JOHNSON
77500212,13,DOLOMAX,5%,Gel,Gel,Tubo X 20 g,1,8/31/2014,N19342,MEDIFARMA
77500397,13,SULFATO FERROSO,75mg/5mL,Jarabe,Solucion,Fco. X 180 mL,1,12/10/2014,NG2220,IQ FARMA
77500519,13,RIFAMPICINA,100mg/5mL,Solución,Solucion,Fco. X 60 mL,1,2/25/2015,NG4598,IQ FARMA
77500526,13,NOTIZOL,,Crema,Crema,Tubo X 20 g,1,11/6/2009,N19415,IQ FARMA
77500533,13,TRIAMCINOLONA,0.03%,Loción,Locion,Fco. X 60 mL,1,8/28/2010,NG2466,IQ FARMA
77503954,13,GRAVOL 1,50mg/mL,Inyectable,Inyectable,Caja Amp. X 1 mL,3,7/17/2013,N20756,MEDIFARMA
77503961,13,GRAVOL,12.5mg/mL,Gotas,Solucion,Fco. Got. X 10 mL,1,4/23/2013,N20640,MEDIFARMA
77505316,13,RIGAMINOL,80mg/2mL,Solución para Inyección,Inyectable,Amp. X 2 mL,1,10/16/2014,N13583,MEDIFARMA
77505330,13,AMOXICILINA,250mg/5mL,Polvo para Suspensión Oral,Suspension,Fco. X 60 mL,1,5/19/2010,NG1251,IQ FARMA
77505354,13,DICLOXACILINA,250mg/5mL,Suspensión,Suspension,Fco. X 60 mL,1,3/7/2015,NG1205,IQ FARMA
77505415,13,FENITOINA,125mg/5mL,Suspensión Oral,Suspension,Fco. X 120 mL,1,6/1/2013,NG1711,IQ FARMA
77505446,13,HIDROFLAT PLUS CEREZA,,Suspensión,Suspension,Fco. X 150 mL,1,7/1/2009,N17485,MARKOS
77505552,13,VERMOFREE,100mg/5mL,Suspensión Oral,Suspension,Fco. X 30 mL,1,5/19/2012,N16477,IQ FARMA
77505736,13,ADECEROL,,Solución Bebible,Solucion,Fco. Amp. X 10 mL,1,8/18/2011,N222,MEDIFARMA
77505743,13,CRELIVEROL,300mg/10mL,Solución Bebible,Solucion,Fco. Amp. X 10 mL,1,8/19/2011,N301,MEDIFARMA
77505750,13,RAQUIFEROL,600000UI,Solución Bebible,Solucion,Amp. X 10 mL,1,8/20/2011,N315,MEDIFARMA
77505767,13,KETOROLACO,60mg/2mL,Inyectable,Inyectable,Amp.,1,11/13/2013,NG1843,MEDIFARMA
77505774,13,RYNATAN D,0.05%,Gotas Nasal,Solucion Nasal,15 mL,1,4/25/2013,N24574,MEDIFARMA
77505842,13,MUPIROCINA,2%,Crema,Crema,Tubo X 15 g,1,5/4/2011,NG2772,IQ FARMA
77505927,13,VITADRIN,,Solución Bebible,Solucion,Amp. X 10 mL,1,7/13/2011,N4677,MEDIFARMA
77505934,13,RIGAMINOL,160mg/2mL,Solución para Inyección,Inyectable,Amp. X 2 mL,1,10/16/2014,N13582,MEDIFARMA
77505958,13,MEBENDAZOL,100mg/5mL,Suspensión Oral,Suspension,Fco. X 30 mL,1,10/4/2010,NG1326,IQ FARMA
77505989,13,CARBATROL,100mg/5mL,Jarabe,Solucion,Fco. X 100 mL,1,2/21/2012,N20134,IQ FARMA
77506023,13,CLORFENAMINA,2mg/5mL,Jarabe,Solucion,Fco. X 120 mL,1,12/10/2010,NG0031,IQ FARMA
77506047,13,COMPLEJO B,,Jarabe,Solucion,Fco. X 120 mL,1,10/31/2011,NG382,IQ FARMA
77506054,13,CALOIDAL NF,,Jarabe,Solucion,Fco. X 200 mL,1,11/25/2011,N3709,IQ FARMA
77506061,13,LOROPHYN,150mg,Ovulo,Ovulo,Caja Ov.,3,12/30/2013,N19110,MEDIFARMA
77506078,13,AMOXICLIN,500mg/5mL,Polvo para Solución Oral,Solucion,Fco. X 60 mL,1,7/5/2009,N19300,SIEGFRIED
77506191,13,CETRIXIN,10mg,Tableta,Tableta,Caja Tab.,10,6/4/2014,N19265,SIEGFRIED
77506252,13,ERYTROM,250mg/5mL,Granulos para Suspensión,Suspension,Fco. X 60 mL,1,6/9/2009,N19275,IQ FARMA
77506283,13,SALBUTAMOL,2mg/mL,Gotas,Solucion,Fco. X 15 mL,1,8/3/2009,NG2101,IQ FARMA
77506375,13,HALOPERIDOL,2mg/mL,Solución,Solucion,Fco. X 20 mL,1,10/20/2015,NG1344,IQ FARMA
77506399,13,SITIDERM,,Crema,Crema,Tubo X 10 g,1,9/2/2009,N19344,MEDIFARMA
77506429,13,MEDICORTIL,,Solución,Solucion,Fco. Got. X 2.5 mL,1,10/14/2009,N19391,MEDIFARMA
77506436,13,AMOXICLIN,125mg/5mL,Polvo para Solución Oral,Solucion,Fco. X 60 mL,1,12/21/2013,N19099,SIEGFRIED
77506467,13,NOTIZOL,,Crema,Crema,Tubo X 10 g,1,11/6/2009,N19415,IQ FARMA
77506559,13,MENTHOLATUM,,Ungüento,Unguento,Disp. Lata X 5g,24,8/18/2012,N2187,MEDIFARMA
77511751,13,CEFACLOR,250mg/5mL,Suspensión Oral,Suspension,Fco. X 75 mL,1,6/17/2014,NG2050,IQ FARMA
77511768,13,CEFACLOR,375mg/5mL,Suspensión Oral,Suspension,Fco. X 50 mL,1,7/1/2012,NG3391,IQ FARMA
77512000,13,FLACORT,22.75mg/mL,Suspensión Oral,Suspension,Fco. X 6.5 mL,1,5/28/2012,N20229,AC FARMA
77512161,13,ESPASMO ANTALGINA,,Inyectable,Inyectable,Amp. X 5 mL,1,9/14/2014,N19358,INFARMASA
77512178,13,DILATOR,10mg/2mL,Inyectable,Inyectable,Amp. X 2 mL,1,1/19/2013,N2607,INFARMASA
77512185,13,DEXACORT DEPOT,,Solución para Inyección,Inyectable,Amp. X 1 mL,1,2/16/2009,N19173,INFARMASA
77512192,13,DEXACORT,8mg/2mL,Inyectable,Inyectable,Amp. X 2 mL,1,10/21/2011,N18558,INFARMASA
77512567,13,GENTAGRAM,0.30%,Gotas Oftálmicas,Solucion Oftalmica,Fco. X 8 mL,1,4/25/2010,N17936,LUSA
77515506,13,DEXACORT,4mg/2mL,Inyectable,Inyectable,Amp. X 2 mL,1,3/15/2012,N4926,INFARMASA
77515605,13,CLORO ALERGAN,10mg/mL,Solución para Inyección,Inyectable,Amp. X 1 mL,1,8/26/2011,N604,INFARMASA
77515803,13,ANTALGINA R NF,1.5g/5mL,Solución para Inyección,Inyectable,Amp. X 5 mL,1,8/25/2011,N575,INFARMASA
77515902,13,ANTALGINA,1g/2mL,Inyectable,Inyectable,Amp. X 2 mL,1,8/25/2011,N574,INFARMASA
77521606,13,GASEOLIQ SABOR A ANIS,80mg/mL,Suspensión,Suspension,Fco. X 15 mL,1,1/20/2013,N20494,SIEGFRIED
77521613,13,GASEOLIQ SABOR A FRESA,80mg/mL,Suspensión,Suspension,Fco. X 15 mL,1,1/20/2013,N20498,SIEGFRIED
77529763,13,FURACIN,6mg,Ovulo,Ovulo,Caja Ov.,3,3/29/2012,N3384,MEDIFARMA
77529770,13,ISODINE,200mg,Ovulo,Ovulo,Caja Ov.,3,4/30/2013,N13194,MEDIFARMA
77701077,13,DOCILEN,7.5mg,Tableta,Tableta,Caja Tab.,10,10/11/2010,E17678,INTI
30900130507,13,SOLU CORTEF,100mg/2mL,Polvo para Solución Inyectable,Inyectable,Amp. X 2 mL,1,1/20/2012,E5610,PFIZER
30909080247,13,SOLU CORTEF,250mg/2mL,Polvo para Solución Inyectable,Inyectable,Amp. X 2 mL,1,1/20/2012,E5611,PFIZER
34643010787,13,SERETIDE,25mcg+125mcg,Aerosol para Inhalación,Inhalador,Aer. X 120 Dosis,1,12/21/2005,E13474,GSK
41167627709,13,SELSUN AMARILLO,2.50%,Champú,Champu,Caja Sachet X 12 mL,40,10/6/2010,N22016,YOBEL SUPPLY
60752782142,13,LIBRAX,,Cápsula,Capsula,Caja Cap.,30,10/3/2010,E13260,ALBIS
77509290022,13,SILDENAFILO,50mg,Tableta Recubierta,Tableta,Caja Tab.,10,2/13/2013,NG5489,MEDROCK
100000274019,13,DOSTINEX,0.5mg,Comprimido,Tableta,Caja Comp.,2,9/1/2012,E10398,PFIZER
100000276013,13,DOSTINEX,0.5mg,Comprimido,Tableta,Caja Comp.,8,9/1/2012,E10398,PFIZER
108601000500,13,MADOPAR HBS,100mg+25mg,Cápsula,Capsula,Caja Fco. Cap.,30,10/9/2010,E8797,ROCHE
110632002600,13,AROVIT,50000UI,Gragea,Tableta,Caja Grag.,30,8/23/2010,E17579,BAYER
130631004300,13,BACTRIM FORTE,400mg+80mg/5mL,Suspensión,Suspension,Fco. X 100 mL,1,12/22/2014,E7786,ROCHE
131167010700,13,BACTRIM,200mg+40mg/5mL,Jarabe,Solucion,Fco. X 60 mL,1,12/6/2009,E7747,ROCHE
131969010400,13,BACTRIM BALSAMICO NIÑOS,200mg+40mg+50mg/5mL,Jarabe,Solucion,Fco. X 100 mL,1,5/22/2011,E13877,ROCHE
141227002400,13,BENEXOL,,Comprimido Laqueado,Tableta,Caja Comp.,30,9/15/2011,E18770,BAYER
257217007200,13,DORMONID,5mg/5mL,Solución para Inyección,Inyectable,Amp.,5,11/28/2009,E7710,ROCHE
260241002400,13,DORMONID,15mg,Comprimido,Tableta,Caja Comp.,10,12/26/2009,E7798,ROCHE
269876001300,13,BEZALIP RETARD,400mg,Comprimido,Tableta,Caja Comp.,30,5/31/2010,E12930,ROCHE
269890000200,13,DILATREND,25mg,Comprimido,Tableta,Caja Comp.,28,2/6/2013,E15267,ROCHE
269906001300,13,DILATREND,6.25mg,Comprimido,Tableta,Caja Comp.,28,2/6/2013,E15264,ROCHE
269943000600,13,XENICAL,120mg,Cápsula,Capsula,Caja Cap.,42,9/24/2013,E21067,ROCHE
281554000200,13,BACTRIM,400mg+80mg,Comprimido,Tableta,Caja Comp.,20,4/14/2010,E12813,ROCHE
300090029043,13,XANAX,0.25mg,Tableta,Tableta,Caja Tab.,20,2/17/2014,E16244,PFIZER
300090055059,13,XANAX,0.5mg,Tableta,Tableta,Caja Tab.,20,12/3/2013,E21293,PFIZER
300090055103,13,XANAX,0.5mg,Tableta,Tableta,Caja Tab.,100,12/3/2013,E21293,PFIZER
300090073305,13,MEDROL,16mg,Tableta,Tableta,Caja Tab.,7,9/30/2009,E7656,PFIZER
300090090036,13,XANAX,1mg,Tableta,Tableta,Caja Tab.,20,4/27/2013,E6701,PFIZER
300090113124,13,SOLU MEDROL,40mg/mL,Polvo para Solución Inyectable,Inyectable,Amp. X 1 mL,1,1/31/2013,E15244,PFIZER
300090280017,13,DEPO MEDROL,40mg/mL,Suspensión para Inyección,Inyectable,Caja Vial X 1 mL,1,9/10/2009,E12155,PFIZER
300090395278,13,DALACIN C,300mg,Cápsula,Capsula,Caja Cap.,48,10/9/2013,E21109,PFIZER
300090400019,13,KAOPECTATE,,Suspensión,Suspension,Fco. X 180 mL,1,9/19/2010,E17629,JOHNSON&JOHNSON
300090500146,13,LINCOCIN,500mg,Cápsula,Capsula,Caja Cap.,12,12/14/2012,E20081,PFIZER
300090775018,13,DALACIN,600mg/4mL,Solución para Inyección,Inyectable,Amp. X 4 mL,1,5/20/2013,E20661,PFIZER
300093548060,13,CHERACOL,,Cápsula,Capsula,Caja Cap.,100,5/13/2011,E9481,JOHNSON&JOHNSON
300252124012,13,DYNASTAT,40mg,Polvo Liofilizado para Solución Inyectable,Inyectable,Vial + Disolv.,1,8/15/2012,E19684,PFIZER
300650429375,13,SYSTANE,,Solución Oftálmica,Solucion Oftalmica,Fco. Got. X 15 mL,1,8/28/2014,E21899,ALCON
300651431247,13,SYSTANE ULTRA,,Solución Oftálmica,Solucion Oftalmica,Caja Fco. X 10 mL,1,9/1/2014,E21905,ALCON
300654013242,13,VIGAMOX,0.50%,Solución Oftálmica,Solucion Oftalmica,Fco. X 5 mL,1,7/3/2014,E21788,ALCON
301320105049,13,FLEET FOSFOSODA,,Solución,Solucion,Fco. X 45 mL,1,11/2/2010,E17748,DANY
301320222029,13,FLEET ENEMA NIÑOS,,Enema,Enema,Fco. X 66 mL,1,2/9/2010,E17088,DANY
302205808543,13,MEGACE,40mg/mL,Suspensión Oral,Suspension,Fco. X 240 mL,1,4/5/2014,E11708,ABEEFE BRISTOL
319417002100,13,APRONAX,125mg/5mL,Suspensión,Suspension,Fco. X 60 mL,1,9/20/2012,N12972,BAYER
400695002800,13,KONAKION MM,10mg/mL,Inyectable,Inyectable,Amp.,5,2/15/2010,E17109,ROCHE
471409000100,13,GLUCAMINOL,850mg,Comprimido,Tableta,Caja Comp.,30,7/23/2009,E16630,ROCHE
472580000500,13,BI EUGLUCON M,500mg+2.5mg,Tableta,Tableta,Caja Tab.,30,4/20/2016,E13799,ROCHE
503710000900,13,BI EUGLUCON M,500mg+5mg,Tableta,Tableta,Caja Tab.,30,4/20/2016,E13800,ROCHE
620142000500,13,REDOXON,200mg/mL,Gotas,Solucion,Fco. Got. X 20 mL,1,5/8/2011,E18365,BAYER
625619002500,13,ROMILAR,15mg/5mL,Jarabe,Solucion,Fco. X 100 mL,1,11/11/2013,E21225,BAYER
625681002200,13,RIVOTRIL,2mg,Comprimido,Tableta,Caja Comp.,20,12/16/2014,E7770,ROCHE
736085020946,13,BIODEXAN OFTENO,,Solución Oftálmica,Solucion Oftalmica,Env. X 5 mL,1,10/25/2011,E18877,OFTALMICOS
736085053883,13,MODUSIK A OFTENO,0.10%,Colirio,Solucion Oftalmica,Env. X 5 mL,1,9/21/2011,E18785,OFTALMICOS
736085069044,13,FLUMETOL NF OFTENO,0.10%,Suspensión,Suspension,Env. X 5 mL,1,12/15/2011,E19022,OFTALMICOS
736085098334,13,IMOT OFTENO,0.50%,Solución Oftálmica,Solucion Oftalmica,Env. X 15 mL,1,9/13/2011,E18751,OFTALMICOS
736085104240,13,ACUAFIL OFTENO,1.40%,Colirio,Solucion Oftalmica,Env. X 15 mL,1,1/12/2012,E19078,OFTALMICOS
736085114041,13,METICEL OFTENO,0.50%,Solución Oftálmica,Solucion Oftalmica,Env. X 10 mL,1,9/25/2011,E18793,OFTALMICOS
736085126006,13,NAPHACEL OFTENO,0.50%,Colirio,Solucion Oftalmica,Env. X 15 mL,1,9/13/2011,E18752,OFTALMICOS
736085181883,13,SOPHIPREN OFTENO,1%,Colirio,Solucion Oftalmica,Env. X 5 mL,1,12/21/2011,E19036,OFTALMICOS
736085182767,13,SOPHIXIN OFTENO,0.30%,Colirio,Solucion Oftalmica,Env. X 5 mL,1,9/18/2011,E18774,OFTALMICOS
736085213195,13,AGGLAD OFTENO,0.20%,Solución Oftálmica,Solucion Oftalmica,Env. X 5 mL,1,11/2/2011,E18892,OFTALMICOS
736085278385,13,TRAZIDEX OFTENO,,Suspensión,Suspension,Env. X 5 mL,1,9/19/2011,E18777,OFTALMICOS
736085278439,13,AZ OFTENO,0.05%,Solución Oftálmica,Solucion Oftalmica,Env. X 5 mL,1,9/13/2011,E18753,OFTALMICOS
736085280005,13,LAGRICEL OFTENO,4mg/mL,Solución,Solucion,Caja Sobre (4) con 5 Unidosis,20,10/10/2011,E18847,OFTALMICOS
736085290202,13,GAAP OFTENO,0.01%,Solución,Solucion,Env. X 3 mL,1,9/15/2011,E18769,OFTALMICOS
736085403923,13,COXYLAN OFTENO,0.03%,Solución,Solucion,Fco. X 5 mL,1,5/2/2012,E19350,OFTALMICOS
736085404722,13,SOPHIXIN DX OFTENO,,Colirio,Solucion Oftalmica,Fco. Got. X 5 mL,1,7/3/2012,E19524,OFTALMICOS
736085405378,13,KRYTANTEKOFTENO,,Solución,Solucion,Fco. X 5 mL,1,2/28/2013,E20406,OFTALMICOS
736085405668,13,HUMYLUB OFTENO,1.8mg+1mg,Solución,Solucion,Caja Fco. X 15 mL,1,8/19/2013,E20927,OFTALMICOS
736085445053,13,3 A OFTENO,0.10%,Solución Oftálmica,Solucion Oftalmica,Env. X 5 mL,1,9/21/2011,E18788,OFTALMICOS
749618818798,13,ICY HOT,,Pomada,Unguento,Pote X 100 g,1,7/30/2013,E20871,SANOFI
751208101630,13,MELOXIC,15mg/1.5mL,Solución para Inyección,Inyectable,Amp. X 1.5 mL,1,1/27/2011,E18107,MEDCO
752301000052,13,AZITROMAC,200mg/5mL,Polvo para Suspensión Oral,Suspension,Fco. X 30 mL,1,2/12/2014,N21059,DELFARMA
775004720000,13,BRONCO AMOXICLIN,125mg+4mg/5mL,Suspensión Oral,Suspension,Fco. X 60 mL,1,8/15/2010,N19737,SIEGFRIED
775062380000,13,BRONCO AMOXICLIN,250mg+4mg/5mL,Suspensión Oral,Suspension,Fco. X 60 mL,1,8/14/2010,N19734,SIEGFRIED
775092900775,13,CELEVIT,200mg,Cápsula,Capsula,Caja Cap.,100,6/17/2009,N21257,MEDROCK
789654819103,13,AFLAREX,0.10%,Suspensión,Suspension,5 mL,1,4/22/2012,E14562,ALCON
890409115601,13,CANDID V1,500mg,Tableta Vaginal,Ovulo,Caja Tab. + Aplic.,1,12/11/2010,E13445,GLENMARK
¡H88010420,13,MASCARA OXIGENO PEDIATRICA,,,,,1,,,HUDSON
¡H880105903,13,MASCARA OXIG.C/RESERV. ADULTO,,,,,1,,,HUDSON
¡H880107703,13,"ADAPTADOR EN ""T"" 1077",,,,,1,,,HUDSON
¡H880108805,13,MASCARA DE VENTURI ADULTO HUDSON,,,,,1,,,HUDSON
¡H88012710%,13,MASCARA DE ANESTESIA NEONATAL (H),,,,,1,,,HUDSON
¡H880127402,13,MASCARA ANESTESIA ADULTO # 1274,,,,,1,,,HUDSON
¡H880127503,13,MASCARA ANESTESIA ADULTO(1275),,,,,1,,,HUDSON
¡H880165909,13,ADAPTADOR MDI (1659),,,,,1,,,HUDSON
¡H88035110301,13,CIRCUITO C/BOL.P/MAQ.ANEST.ADULTO 351103,,,,,1,,,HUDSON
¡H8807801004,13,CIRCUITO VENT.NEONATAL 780-10,,,,,1,,,HUDSON
0000077506429,13,MEDICORTIL OFT X 2.5ML,,CAJA,CAJA,SOLUCION,1,,,MEDIFARMA
00019132387,13,OPTIRAY 320MG I/ML JERINGA PRECARGADA X 125 ML (MLL),320 MG,SOLUCION INYECTABLE,SOLUCION INYECTABLE,JERINGA PRECARGADA X 125 ML,1,6/30/2019,ADE0042,ST LOUIS IMPORT S.A.
00019132390,13,OPTIRAY 320MG I/ML JERINGA PRECARGADA X 100 ML (MLL),320 MG,SOLUCION INYECTABLE,SOLUCION INYECTABLE,JERINGA PRECARGADA X 100 ML,1,6/30/2019,ADE0041,ST LOUIS IMPORT S.A.
00019132395,13,OPTIRAY 320MG I/ML JERINGA PRECARGADA X 75 ML (MLL),320 MG,SOLUCION INYECTABLE,SOLUCION INYECTABLE,JERINGA PRECARGADA X 75 ML,1,6/30/2019,ADE0043,ST LOUIS IMPORT S.A.
0030006030039,13,SINGULAIR 4 MG X 30 SOBRE,4mg,SOBRE,CAJA,CAJA X 30,30,,,MERCK SHARD DOME
0030900130507,13,SOLU-CORTEF,100mg,VIAL,VIAL,VIA *   1,1,2/2/2017,E0056100001,PFIZER
0030909080247,13,SOLU-CORTEF VIA 250MG 2ML,250MG,VIAL,VIA,VIAL,1,6/29/2019,E5611,PFIZER
0065045425,13,SYSTANE GEL DROPS,GEL OFTALMICO,FRASCO X 10 ML,FRASCO X 10 ML,FRASCO,1,1/1/2018,E-23314,LABORATORIO ALCON
0070074117126,13,NEPRO AP LIQ 8OZ,8OZ,TARRO,TAR,TARRO,1,1/10/2017,DE2077,ABBOTT
008400000118,13,CELULOSE GRIN,0.5%,GOTAS OFTALMICAS,GOF,FCO,1,,E21851,LABORATORIOS GRIN
008400004529,13,NOR-TENZ,0.2%,GTS OFT,GOF,FRASCO,1,,EE00673,LABORATORIOS GRIN
0100085412086,13,SUPRANE,240ml,SOLUCION,SOLUCION,Frasco,1,,E90330,HERSIL
030006030039,13,SINGULAIR GRANULADO SOB 4MG,4MG,GRANULOS EFERVESCENTES,GRANULOS EFERVESCENTES,CAJA,30,,E21637,MERCK SHARP & DOHME
0300650023078,13,MIOSTAT,1.5 ML,FRASCO,AMPOLLA,1.5 ML Amp 0.01%,1,,E-15218,Alcon Perú S.A.
0300651795325,13,BSS,,BOLSA,BOLSA,BOL *   1,1,6/21/2017,E0142460010,ALCON
0300654013242,13,VIGAMOX,0.005,FRASCO,FRASCO,FCO *   1,1,6/20/2017,E0164200002,ALCON
030900130507,13,SOLU-CORTEF,100MG,VIAL,VIAL,VIAL,1,,E5610,PFIZER
030909080247,13,SOLU-CORTEF,250MG,VIAL,VIAL,VIAL,1,,E5611,PFIZER
04467710040,13,HPA LANOLIN,,Crema,Crema,Tubo X 40 g,1,,NSOC45075-11CO,FERVAL BABY CARE S.A.C.
0642621061123,13,ONCASPAR 3750UI AMP X 5ML,3750UI,AMPOLLA,AMP,CAJA X 1,1,,,EUROLAB
070074114460,13,PEDIASURE VAINILLA LECHE LIQ X 273ML,X273ML,FRASCO,FCO,FRASCO,1,,I4100413E/NAABLB,ABBOT LABORATORIOS SA
070074117133,13,NEPRO AP  X 237ML,237ML,SUSPENSION,SUSP,LATA X 237 ML,1,9/29/2020,DE2077,ABBOT
070074406992,13,PULMOCARE SABOR A VAINILLA,,SOLUCION ORAL,SOLUCION ORAL,FRASCO x 8 onz,1,7/1/2004,DE0057,FARMINDUSTRIA
070074506319,13,ALITRAQ,,POLVO,POLVO,CAJA,6,,DE0610,ABBOTT
1000000008926,13,ATROPINA SULFATO,0.5mg/mL,Inyectable,Inyectable,Amp. X 1 mL,100,10/23/2008,NG4057,DANY
1000000008933,13,ATROPINA SULFATO,1mg/mL,Inyectable,Inyectable,Amp. X 1 mL,100,10/23/2008,NG4058,DANY
1000000226076,13,ATROPINA SULFATO,0.25mg/mL,Solución para Inyección,Inyectable,Caja Amp. X 1 mL,100,5/12/2012,EG1968,SANDERSON
1130698011493,13,MARTESIA CAP 25MG,25mg,CAPSULA,CAP,CAJA,28,,EE01554,ROEMMERS
1162530,13,VISIPAQUE,,VIAL,VIAL,VIAL,1,,ADE0035,BAGO
11845322210,13,FOLIC ACID,800MCG,TABLETAS,TABLETAS,TABLETAS,1,,DE-0395,TESTET
11845432216,13,VITAMINA B12250MCG TAB SL CJA X 100 (ARION MASON),100 MCO SBLX 100,TABLETA,TAB,CAJA X 100,100,,,AMERICA SALUD
1234567890120,13,CLOVIRAX,250 MG,AMPOLLA,AMP.,FRASCO,1,1/10/2017,EE-00161,OQPHARMA
1277071413512,13,CLORURO DE SODIO 9%  BOLSA 100 ML (BAX),100 ML,BOLSA,BOLS,CAJA X 100,100,,INVIMA 2008M-001117,BAXTER
1277071413513,13,CLORURO DE SODIO 0.9% BOLSA X 1000 (BAX),1000 ML,BOLSA,BOLS,CAJA X 20,20,,INVIMA 2008M-001117,BAXTER
1780006200128,13,ATROPINA SANDERS AMP 0.5MG 1ML,0.5MG,AMPOLLA,AMP,CAJA,100,2/15/2016,EG3654,SANDERSON
1780006200261,13,HALOPERIDOL,5 mg/mL,AMPOLLA,AMP,Caja x 100,100,,EG-674,Sanderson
1780006200262,13,ACARIL-S LOC 30% 60ML,30%,FRASCO,FCO,FRASCO,1,1/1/2013,,MEDIFARMA
1780006200268,13,METAMIZOL SODICO 1G/2ML,1 g/2 ml,SOLUCION INYECTABLE,SOLUCION INYECTABLE,CAJA X 100 UNIDADES,,,EE00827,SANDERSON S.A.
1780006200300,13,AGUA BIDESTILADA,20ml,AMPOLLA,AMPOLLA,Caja,50,,E1162G,SANDERSON
1780006200342,13,ACARIL-S LOC 30% 60ML,30%,FRASCO,FCO,FRASCO,1,1/1/2013,,MEDIFARMA
1780062000785,13,"SULFATO DE ZINC AL 0,88%/10ML",,,,,1,,,SANDERSON S.A. (PERU)
1780062001287,13,ATROPINA 0.5MG/ML. (SA),,,,,1,,,SANDERSON S.A. (PERU)
1780062002178,13,KETOPROFENO AMP IM X 100MG/2ML (SA),,,,,1,,,SANDERSON S.A. (PERU)
1780062002406,13,KETOROLACO AMP 30MG X 1ML (SA),,,,,1,,,SANDERSON S.A. (PERU)
1780062002499,13,EPINEFRINA 1% AMPX1MLX1 (SA),,,,,1,,,SANDERSON S.A. (PERU)
1780062002567,13,AGUA BIDESTILADA,,AMPOLLA,AMPOLLA,CAJA,100,,E1162G,SANDERSON
1780062002628,13,LANATOSIDO C AMP (SA),,,,,1,,,SANDERSON S.A. (PERU)
1780062002680,13,METAMIZOL AMPX1GRX2ML (SA),,,,,1,,,SANDERSON S.A. (PERU)
1780062002697,13,NEOSTIGMINA 0.5MG 1ML (SA),,,,,1,,,SANDERSON S.A. (PERU)
1780062003007,13,AGUA BIDESTILADA AMP X 20 ML,,,,,1,,,SANDERSON S.A. (PERU)
1780062003014,13,AMINOFILINA AMPX250ML/10MLX1 (SA),,,,,1,,,SANDERSON S.A. (PERU)
1780062003083,13,CLORURO-POTASIO 20% AMPX10ML (SA),,,,,1,,,SANDERSON S.A. (PERU)
1780062003151,13,ESCOPOLAMINA 20MG/1ML.,,,,,1,,,SANDERSON S.A. (PERU)
1780062003182,13,DIAZEPAM 10MG/2ML,10 mg/2 ml,Ampolla,Amp,Caja x 50,1,,EG-5380,SANDERSON S.A.
1780062003205,13,FLUMAZENIL 0.5MG/5ML CAJA X 1 AMPOLLA,,,,,1,,,SANDERSON S.A. (PERU)
1780062003380,13,FUROSEMIDA AMPX20MGX2MLX1 (SA),,,,,1,,,SANDERSON S.A. (PERU)
1780062003403,13,KETAMINA AMP. 500MG/10ML,,,,,1,,,SANDERSON S.A. (PERU)
2000000000750,13,MEGESTROL,160mg,Comprimido,Tableta,Caja Comp.,30,8/20/2009,EG4421,PERULAB
2000000000831,13,MULTIBACTYN,,Ungüento,Unguento,Tubo X 14 g,1,9/19/2010,N21963,LAFARPE
2000000001079,13,ACICLOVIR,5%,Crema,Crema,Tubo X 15 g,1,11/4/2009,NG2160,IQ FARMA
2000000001183,13,LATOF T,,Solución Oftálmica,Solucion Oftalmica,2.5 mL,1,7/7/2009,E16593,FARMAVAL
2000000001240,13,AMIODARONA,150mg/3mL,Solución para Inyección,Inyectable,Caja Amp.,1,3/4/2014,EG959,SANDERSON
2000000003139,13,GEODON,20mg/mL,Polvo Liofilizado para Solución Inyectable,Inyectable,Vial + Solv.,1,8/16/2009,E16668,PFIZER
2000000003819,13,ALENDRA,70mg,Tableta,Tableta,Caja Tab.,20,8/1/2012,N20287,MEDCO
2000000003870,13,SOLU MEDROL,500mg/8mL,Polvo para Solución Inyectable,Inyectable,Amp. X 8 mL,1,1/7/2010,E16985,PFIZER
2000000003991,13,FOLCRES,1mg,Comprimido,Tableta,Caja Comp.,30,3/6/2013,E20434,ROEMMERS
2000000003992,13,TAMSUCAR,0.4mg,Cápsula de Liberación Prolongada,Capsula,Caja Cap.,30,10/12/2010,N22026,DA. CARRION
2000000003996,13,NEOPAC,,Tableta,Tableta,Caja Sob.,14,5/6/2014,N25717,MEDCO
2000000003997,13,FILARTROS,20mg,Tableta,Tableta,Caja Tab.,30,5/7/2012,E19370,MEDCO
2000000004016,13,AGUA PARA INYECCION,,Solución para Inyección,Inyectable,Amp. X 10 mL,1,8/12/2015,E1190G,PHARMAGEN
2000000004019,13,CLORFENAMINA,10mg/mL,Solución para Inyección,Inyectable,Caja Amp. X 1 mL,25,9/6/2011,NG298,LUSA
2000000004021,13,METAMIZOL,1g/2mL,Solución para Inyección,Inyectable,Caja Amp.,50,10/24/2013,EG5937,LABOT
2000000004039,13,AMIKACINA,500mg/2mL,Solución para Inyección,Inyectable,Amp. X 2 mL,25,12/10/2010,NG0030,FARMINDUSTRIA
2000000006796,13,ROCEPHIN,1g,Polvo para Solución Inyectable,Inyectable,Amp.,1,11/14/2014,E5483,ROCHE
2000000007670,13,ALPHAGAN P,0.15%,Solución,Solucion,Env. X 5 mL,1,6/4/2009,E16497,QUILAB
2000000051048,13,PEVITREL,2mg,Comprimido,Tableta,Caja Comp.,10,5/31/2010,E12931,LA VICTORIA
2000000051062,13,DYSURGAL,7.5mg/mL,Solución,Solucion,Caja Fco. Got. X 10 mL,1,9/9/2010,E12945,LA VICTORIA
2000000051093,13,UNGÜENTO TOPICO MENTOLADO,,Ungüento,Unguento,Env. Lata x 36 g,1,10/9/2010,E13277,LA VICTORIA
2000018189658,13,RESPIBRON,50mg/5mL,Jarabe,Solucion,Fco. X 100 mL,1,12/5/2013,E11370,ABL PHARMA
2000018189665,13,RESPIBRON,28mg/5mL,Jarabe,Solucion,Fco. X 100 mL,1,1/29/2014,E11534,ABL PHARMA
2000018190203,13,CADINOL PEDIATRICO,,Gotas Oral,Solucion,Fco. X 15 mL,1,12/13/2009,E12388,ABL PHARMA
2050000498947,13,LEVEMIR FLEX PEN 11 U/ML 1 X 3 ML,11 U/ML,CAJA,LAPICEROS DE INSULINA,CAJA X 1 X 3 ML,1,,BE-00419,NORDIC PHARMACEUTICAL
2050000498961,13,NOVORAPID,100UI,INYECTABLE,INYECTABLE,CAJA,1,,BE- 00432,NOVO NORDISK
2050000702174,13,XGEVA 120mg/ml,120mg/ml,SOL INY,INYECTABLE,VIAL,10,7/23/2018,BE-00918,
2060000057730,13,SULFA + TRIM FORTE TAB 800/160MG,800/160MG,TABLETA,TAB,CAJA,100,7/1/2019,NG2692,MEDROCK
2061219790007,13,ENTEREX HEPATIC,110G,POLVO,POLVO,CAJA,24,,DE1234,VICTUS
20685585,13,SEVOFLURANO SOJOURN 100%,,SOLUCION,SOL,FRASCO X 250 ML,1,,E187790,MEDIFARMA S.A.
22568,13,REMIFENTANILO 5 MG POLVO PARA SOLUCION INYECTABLE,5 MG,POLVO PARA SOLUCION INYECTABLE,POLVO PARA SOLUCION INYECTABLE,CAJA X 1,1,11/24/2020,EE02356,LABORATORIOS RICHET S.A.
2712307006781,13,GRAVAMIN,50 MG,AMPOLLA,AMPOLLA,50 MG / 5 ML,1,,N-26025,MEDIFARMA
2712307300186,13,ELECTRORAL NF X 1000 ML,1000 ML,FRASCO,SOLUCION,Fco. x 1000ml Anís,,,N-11899,(Ver MEDIFARMA S.A.)
2712598183345,13,VITACOSE,1 x 2ml,FRASCO,AMPOLLA,Iny. Amp. x 1 x 2ml c/Jer.,,,N-19404,Cipa
2729820980887,13,DEXAMETASONA 4 MG TABETA (IND),4 MG,TABLETA,TAB,CAJA X 100,100,,NG-4881,INDUQUIMICA
2910900934534,13,CAPTOPRIL INDUQ TAB 50MG,50mg,TABLETA,TAB,CAJA,100,,EN00874,INDUQUIMICA
3000030524153,13,SPRYCEL,70mg,Tableta Recubierta,Tableta,Caja Fco. Tab.,60,10/6/2011,E18837,ABEEFE BRISTOL
3000030527154,13,SPRYCEL,20mg,Tableta Recubierta,Tableta,Caja Fco. Tab.,60,10/6/2011,E18839,ABEEFE BRISTOL
3000030528151,13,SPRYCEL 50MG TAB CJA X 60,50 MG,TABLETA,TAB,CJA X 60,60,10/6/2021,EE03889,BRISTOL-MYERS SQUIBB PERU S.A.
3000030852348,13,SPRYCEL,100mg,Tableta Recubierta,Tableta,Caja Fco. Tab.,30,12/9/2013,E21315,ABEEFE BRISTOL
3000031611227,13,BARACLUDE,0.5mg,Tableta,Tableta,Caja Tab.,30,12/9/2010,E17918,ABEEFE BRISTOL
3000032327349,13,YERVOY,50mg,VIAL,VIAL,VIA *   1,1,10/11/2016,,BAXTER ONCOLOGY
300060404726,13,ROTATEQ,,SUSPENSION ORAL,SUSPENSION ORAL,TUBO x 2 mL,1,8/15/2021,BE00358,MERCK SHARP & DOHME
300090029043,13,XANAX 0.25MG TABLETA CAJA X 20,0.25 MG,TABLETA,TABLETA,CAJA,20,,E16244,PFIZER
300090055103,13,XANAX 0.5MG TABLETA CAJA X 100,0.5 MG,TABLETA,TABLETA,CAJA,100,,EE04546,PFIZER
300090113124,13,SOLU-MEDROL AMPx40MGx1CC,,,,,1,,,PFIZER S.A.
300090280017,13,DEPOMEDROL 40MG/ML SOLUCION INYECTABLE X 1VIAL,40MG/ML,INYECTABLE,INYECTABLE,CAJA,1,,E12155,PFIZER
300090395278,13,DALACIN C 300MG CAPSULA CJX48,300 MG,CAPSULA,CAPSULA,CAJA,48,,EE03218,PFIZER
300090775018,13,DALACIN C 600MG/4ML AMPOLLA X4ML,600MG/4ML,INYECTABLE,INYECTABLE,CAJA,1,,EE00943,PFIZER
300190953132,13,CONRAY,0.6,VIAL,VIAL,FRASCO X 30 Ml,1,,ADE0002,MALLINCKRODT
300190953156,13,CONRAY,,VIAL,VIAL,VIAL,1,,ADE0002,MALLINCKRODT
300191177063,13,OPTIMARK,,VIAL,VIAL,VIAL,1,,ADE0030,MALLINCKRODT
300191323064,13,OPTIRAY,,VIAL,VIAL,VIAL,1,,ADE0041,MALLINCKRODT
300191323873,13,OPTIRAY,320/1,JERINGA PRELLENADA,JERINGA PRELLENADA,JERINGA PRELLENADA,1,,ADE0041,MALLINCKRODT
300191323903,13,OPTIRAY,320/1,JERINGA PRELLENADA,JERINGA PRELLENADA,JERINGA PRELLENADA,1,,ADE0041,MALLINCKRODT
300191323958,13,OPTIRAY 320,0.68,JERINGA PRELLENADA,JERINGA PRELLENADA,JERINGA PRELLENADA X 75 Ml,1,,ADE0041,MALLINCKRODT
3001913330630,13,OPTIRAY 350 X 50ML,350mg,SOLUCION,frasco,,1,,,MALLICRONK
300191333117,13,OPTIRAY 350X 100 ML,350,,frasco,frasco,1,,,mallinckrot
300650002318,13,NEVANAC GTS OFT 0.1% 5ML,0.1%,GOTAS OFTALMICAS,GOTAS OFTALMICAS,FRASCO,1,,E19987,ALCON
300650023078,13,MIOSTAT,0.1%,AMPOLLA,AMPOLLA,AMPOLLA,1,,E15218,ALCON
300650429139,13,SYSTANE GTS OFT 0.4% 15ML,0.4%,GOTAS OFTALMICAS,GOTAS OFTALMICAS,FRASCO,1,,E15914,ALCON
300650429375,13,SYSTANE GOTA OFTALMICA FRA X 15ML,,SOLUCION OFTALMICA,SOLUCION OFTALMICA,FRASCO,1,,EE03379,ALCON
300650454254,13,SYSTANE GEL DROPS,GEL OFTALMICO,FRASCO X 10 ML,FRASCO X 10 ML,FRASCO,1,1/1/2018,E-23314,LABORATORIO ALCON
300651431247,13,SYSTANE ULTRA,0.4% + 0.3%,SOLUCION OFTALMICA,SOLUCION OFTALMICA,FRASCO GOTERO x 10 mL,1,9/1/2024,EE02567,ALCON
30065143320,13,SYSTANE BALANCE,PROPILENGLICOL 0.6,FRASCO X 10 ML,FRASCO X 10 ML,FRASCO,1,,E-23313,ALCON
300651433203,13,SYSTANE BALANCE,0.6%,EMULSION OFTALMICA,SOLUCION OFTALMICA,FRASCO GOTERO x 10 mL,1,3/27/2020,E23313,ALCON
300651795615,12,BSS,500ML,SOLUCION PARA IRRIGACION,INYECTABLE,BOLSA x 500 mL,1,6/19/2023,EE08067,ALCON
300654013242,13,VIGAMOX X5ML,,,,,1,,,ALCON PHARMACEUTICAL DEL PERU S.A.
300872014489,13,ENFAMIL HUMAN MILK F AMP 5 ML CAJA X 100 (MDJ),,SOLUCION,SOLUCION,CAJA X 100,100,,I1001510E NAMAJH,MEAD JHONSON
30106659,13,CICAPLAST BAUME BARRIERE REPARATEUR TUBO X 7.5 ML ,,CREMA,CREMA,TUBO X 7.5 ML,,,NSOC21388-14PE,LA ROCHE-POSAY LABORATOIRE PHARMACEUTIQUE
301320105049,13,FLEET,,FRASCO,FRASCO,FCO *   1,1,2/3/2014,E0177480001,FLEET
301320541021,13,FLEET,133ML,ENEMA,ENEMA,FRASCO,1,,E17085,FLEET
3029939171688,13,CETAPHIL,453 GRMS.,CREMA HIDRAT.,CREMA HIDRAT,TUBO,1,,,GALDERMA
302993923046,13,CETAPHIL BARRAx127GR,,,,,1,,,GALDERMA PERU LABORATORIOS S.A.
3031500311034,13,GLYCO-A CREx12%x30GR,,,,,1,,,ISIS LABORATORIO
3031500311423,13,TEEN DERM GEL CR X 150ML,,,,,1,,,SIN LABORATORIO
304090000019,13,PRECEDEX,,VIAL,VIAL,CAJA,5,,E22349,HOSPIRA
311845319258,13,CALCIUM CITRATE + VITAMIN D3 TAB X 60 (MASON),1500 MG + 0.005 MG,FRASCO,FCO,CJA X 1,1,3/24/2024,DE0560,ARION MASON LABORATORIO
311845319319,13,CALCIUM MAGNESIUM + ZINC TAB X 100 (MASON),,FRASCO,FCO,CJA X 1,1,2/6/2023,DE0421,ARION MASON LABORATORIO
311845319791,13,E-1000 IU CAP X 50 (MASON),1000 IU,FRASCO,FCO,CJA X 1,1,11/21/2022,DE0377,ARION MASON LABORATORIO
311845319814,13,E-400 IU CAP X 100 (MASON),400 IU,FRASCO,FCO,CJA X 1,1,11/21/2022,DE0376,ARION MASON LABORATORIO
311845319913,13,PURE C-1000 MG FCO TAB X 100 (MASON),1000 MG,FRASCO,FCO,CJA X 1,1,11/13/2022,DE0371,ARION MASON LABORATORIO
311845320018,13,B-12 250 MCG TAB X 100 (MASON),250 MCG,FRASCO,FCO,CJA X 1,1,9/25/2023,DE1045,ARION MASON LABORATORIO
311845320117,13,GINSENG-KOREAN 518MG X 100CAP,518 MG,FRASCO,FCO,CJA X 1,1,2/11/2023,PNE0497,ARION MASON LABORATORIO
311845320254,13,VALERIAN 500 MG FCO 60 CAPS (MASON),500 MG,FRASCO,FCO,CJA X 1,1,2/11/2023,PNE0498,ARION MASON LABORATORIO
311845320452,13,OMEGA 3 FISH OIL 1000 MG CAP X 60 (MASON),1000 MG,FRASCO,FCO,CJA X 1,1,8/26/2019,DE1890,ARION MASON LABORATORIO
311845320537,13,VITATRUM COMPLETE MULTIVITAMIN & MULTIMINERAL 30 TAB (MASON),,FRASCO,FCO,CJA X 1,1,4/24/2022,DE1543,ARION MASON LABORATORIO
311845320582,13,VITATRUM COMPLETE MULTIVITAMIN & MULTIMINERAL 130 TAB (MASON,,FRASCO,FCO,CJA X 1,1,4/24/2022,DE1543,ARION MASON LABORATORIO
311845320759,13,BIOTIN 800 MCG TAB X 60 (MASON),800 MCG,FRASCO,FCO,CJA X 1,1,9/23/2023,DE1042,ARION MASON LABORATORIO
311845321053,13,"STRESS FORMULA W/ZINC, ANTIOXIDANTS C & E PLUS 60 TAB (MASON",,FRASCO,FCO,CJA X 1,1,12/13/2022,DE0384,ARION MASON LABORATORIO
311845321350,13,SUPER B-50 COMPLEX WITH 400 MCG 60 CAP (MASON),400 MCG,FRASCO,FCO,CJA X 1,1,3/28/2008,DE0454,ARION MASON LABORATORIO
311845321459,13,LUTEIN 6 MG CAP X 60 (MASON),6 MG,FRASCO,FCO,CJA X 1,1,6/7/2019,DE1159,ARION MASON LABORATORIO
311845321855,13,L-ARGININE 500MG CAPSULA FRA X 60(MASON),500MG,CAPSULA,CAPSULA,FRASCO X 60 CAPSULAS,60,10/20/2018,DE1055,CORPORACION ARION SOCIEDAD ANONIMA CERRADA
311845322210,13,FOLIC ACID 800 MCG TAB X 100 (MASON),800 MCG,FRASCO,FCO,CJA X 1,1,1/14/2023,DE0395,ARION MASON LABORATORIO
311845322616,13,D-400 IU SOFTG X 100 (MASON),400 IU,FRASCO,FCO,CJA X 1,1,12/19/2010,DE0719,ARION MASON LABORATORIO
311845322852,13,SAW PALMETTO PROSTATE COMFORT STANDARDIZED EXT 60 CAP (MASON,160 MG,FRASCO,FCO,CJA X 1,1,11/24/2024,PNE1153,ARION MASON LABORATORIO
311845322913,13,MAGNESIUM GLUCONATE 550 MG TAB X 100 (MASON),550 MG,FRASCO,FCO,CJA X 1,1,8/27/2023,DE0512,ARION MASON LABORATORIO
311845323019,13,POTASSIUM GLUCONATE 595 MG TAB X 100 (MASON),595 MG,FRASCO,FCO,CJA X 1,1,7/18/2023,DE0501,ARION MASON LABORATORIO
311845323453,13,GLUCOSAMINE CHONDROITIN 1500/1200 2 STRENGH CAP X 60 (MASON),,FRASCO,FCO,CJA X 1,1,2/11/2020,DE1242,ARION MASON LABORATORIO
311845323514,13,"A 10,000 IU FROM FISH LIVER OIL 100 CAP (MASON)",10000 IU,FRASCO,FCO,CJA X 1,1,8/8/2023,DE1016,ARION MASON LABORATORIO
311845379313,13,ZINC 30 MG FCO TAB X 100 (MASON),30 MG,FRASCO,FCO,CJA X 1,1,5/20/2021,DE1392,ARION MASON LABORATORIO
311845432216,13,B-12 1000 MCG TAB X 100 (MASON),1000 MCG,FRASCO,FCO,CJA X 1,1,2/16/2020,DE1972,ARION MASON LABORATORIO
311845432353,13,COLLAGEN 1500 PLUS BIOTIN + VITAMIN. C CAP X 60 (MASON),,FRASCO,FCO,CJA X 1,1,1/23/2020,DE1957,ARION MASON LABORATORIO
311845439758,13,GINKGO BILOBA 60 MG CAP X 60 (MASON),60 MG,FRASCO,FCO,CJA X 1,1,9/18/2020,PNE1376,ARION MASON LABORATORIO
311845450012,13,HEALTHY KIDS OVERALL HEALTH MULTIVITAMIN GUMMIES (MASON),,FRASCO,FCO,CJA X 1,1,4/28/2021,DE2173,ARION MASON LABORATORIO
311845458056,13,GLUCOSAMINE CHONDROITIN ADVANCE / COLLAGEN + ACIDO HYALURONI,,FRASCO,FCO,CJA X 1,1,12/26/2022,DE2536,ARION MASON LABORATORIO
311845463319,13,B1 - 100 MG TAB X 100 (MASON),100 MG,FRASCO,FCO,CJA X 1,1,8/29/2023,DE2636,ARION MASON LABORATORIO
311845463555,13,"HEART TRIO CO Q-10, VIT. E AND FISH OIL TAB X 60 (MASON)",500MG + 200MG + 25MG,FRASCO,FCO,CJA X 1,1,8/1/2023,DE2626,ARION MASON LABORATORIO
3282779325707,13,ANAPHASE SHAMPOO FRASCO X 200 ML (DUCRAY),,SHAMPOO,SHAMPOO,FRASCO X 200 ML,,,NSOC21486-06CO,LABORATOIRE DERMATOLOGIQUE DUCRAY
3290972001X,13,E-Z CAT,,SUSPENSION,SUSPENSION,FRASCO,1,,ADE0074,EZEM
3290980401,13,BARIO ENEMA E-Z-EM,,POLVO,POLVO,BOLSA,1,,ADE0092,EZEM
332909764012,12,E-Z-HD,98 %,POLVO PARA SUSPENSION ORAL,SUSPENSION,Frasco x 340 g,1,12/29/2016,ADE0089,E-Z-EM CANADA
3337872411816,13,KERIUM ANTICAIDA CHAMPU COMPLEMENTO FRA X 200ML(LRP),,CHAMPU,CHAMPU,FRASCO X 200 ML,,,NSOC35184-09C,LA ROCHE POSAY
3337872412752,13,ANTHELIOS DERMO PEDIATRIC LECHE FRASCO X100ML (LRP),100ML%,LOCION,LOCION,FRASCO X 100ML,,,NSOC22901-15PE,LA ROCHE POSAY
3337872412967,13,ANTHELIOS XL COMFORT SPF50 LOCION S/P TUBO X 300ML(LRP),300ML,LOCION,LOCION,FCO X 300ML,1,,NSOO68643-15OO,LA ROCHE POSAY
3337872412998,13,CICAPLAST BAUME TOPICO FRASCO X40 ML (LRP),,EMULSION,EMULSION,FRASCO X40 ML,,,,LA ROCHE-POSAY LABORATOIRE PHARMACEUTIQUE
3337872413049,13,LIPIKAR ACEITE LAVANTE ANTI IRRITACIONES FRAX 400ML (LRP),,ACEITE,ACEITE,FCO X 400ML,1,,NSOC16381-14PE,LA ROCHE POSAY
3337872414084,13,EFFACLAR DUO GEL TUBO X 40 ML (LRP),,GEL,GEL,TUBO X 40 ML,,,NSOC35573-09C,LA ROCHE-POSAY LABORATOIRE PHARMACEUTIQUE
3337872414107,13,PIGMENTCLAR SERUM FRASCO X 30 ML (LRP),30ML,FRASCO,FRASCO,FRASCO,,,NSOC08750-11PE,ISDIN
3337872414527,13,ANTHELIOS XL SPF50 ULTRA-LIGERO FLUIDO S/PERF FRASCO X 50ML,50ML,LOCION,LOCION,FCO X 50ML,1,,NSOC17345-14PE,LA ROCHE POSAY
3337872418570,13,LIPIKAR BAUME AP+ BALSAMO TUBO X 200ML,200ML,FRASCO,FCO,BALSAMO,,,NS020060021503,LA ROCHE POSAY
3337872419904,13,ANTHELIOS DERMO-PEDIATRICO BEBE,N/A,SOLUCION,SOLUCION,TUBO X 50 ML,,,NSOC22710-15PE,LA ROCHE POSAY S.A
3337872420603,13,LIPIKAR FLUIDE HYDRATANT FRASCO X200 ML (LRP),,CREMA,CREMA,FCO X 200ML,1,,NSOC25835-16PE,LA ROCHE POSAY
3337875491938,13,NTHELIOS XL ANTI-BRILLO SPF50+ CREMA TUBO X 50ML,CREMA,CREMA,CREMA,FCO X 50ML,,,NSO052496-13CO,LA ROCHE POSAY
3337875526821,13,ANTHELIOS BRUMA ULTRALIGERA SPRAY X 75ML,75ML,SPRAY,SPRAY,FCO X 75ML,,,NSOC71967-16CO,LA ROCHE POSAY
3337875537315,13,LIPIKAR SYNDET AP+ CREMA DE DUCHA FRASCO X 400 ML  (LRP),400 ML,CREMA DE DUCHA,CREMA DE DUCHA,FRASCO X 400 ML,1,,NSOC23530-16CO,LA ROCHE-POSAY LABORATOIRE PHARMACEUTIQUE
3337875545891,13,ANTHELIOS XL ANTI-BRILLO SPF50+ C/COLOR GEL-CREMA TUBOX50ML(LRP),,GEL-CREMA,GEL-CREMA,TUBO X 50 ML,,,NSOC28995-16PE,LA ROCHE POSAY
3337875586269,13,CICAPLAST GEL 40 ML (LA ROCHE-POSAY),40ML,GEL,GEL,CAJA X 1,1,,,LA ROCHE-POSAY
3393370026464,13,FLIXOTIDE,125mcg/dosis,Aerosol para Inhalación,Inhalador,Aer. X 120 Dosis,1,4/16/2013,E20586,GSK
3393370026846,13,FLIXOTIDE,250mcg/dosis,Aerosol para Inhalación,Inhalador,Aer. X 120 Dosis,1,12/11/2012,E20060,GSK
3393370029472,13,ZANTAC,300mg,Tableta,Tableta,Caja Tab.,10,7/18/2013,E11037,GSK
3400931238034,13,AZUL PATENTE-V,2.5%,AMPOLLA,AMPOLLA,CAJA,5,,ADE0036,GUERBET
3400970000951,13,POLYGYNAX,,Cápsula Vaginal,Ovulo,Caja Cap.,6,8/8/2013,E15754,QUILAB
3400970002146,13,FLEBODIA 600MG TAB CJA X 30,50 MG,TABLETA,TAB,CJA X 30,30,4/30/2023,EE05937,LABORATORIOS BIOPAS S.A.C.
3401340106914,13,ATODERM PREVENTIVE CREMA TUBO X200ML(BDM),200ML,CREMA,CREMA,TUBO X 200ML,,,NSOC22347-15PE,BIODERMA
3401343696245,13,SENSIBIO AR CREME,Crema x 40ml,crema,CREMA,CREMA,1,12/31/2019,F-69003,NOVADERMA
3401345935571,13, SENSIBIO H2O MICELAR FRA X 500ML (BDM),,SOLUCIÓN,SOLUCIÓN,FRASCO X 500 ML,,,NSOC03231-10PE,BIODERMA
3401347869775,13,HYDRABIO SERUM FRASCO X 40 ML,N/A,SOLUCION,SOLUCION,FRASCO X 40 ML,1,2/20/2019,NSOC25759-16PE,BIODERMA LABORATOIRE DERMATOLOGIQUE NOVADERMA S.A.C.
3401352018786,13,SEBIUM GLOBAL CREMA TUBO X 30 ML (BDM),30 ML,CREMA,CREMA,TUBO X 30 ML,1,,NSOC14827-13PE,NOVADERMA S.A.C.
3401353778733,13,PHOTODERM NUDE TOUCH SPF50 TONO NAT. FCO. X 40 ML (ISDIN),,SPRAY,SPRAY,FRASCO X 40 ML,,,NSOC04019-10P,LABORATORIOS BIODERMA
3401353789159,13,PHOTODERM AR SPF 50 CREMA TUBO X 30 ML ()BDM,30ML,CREMA,CREMA,TUBO X 30ML,1,,NS0C14666-13PE,BIODERMA
3401353790049,13,PHOTODERM MAX,Tubo x 40ml,CREMA,CREMA,Tubo x 40ml,1,5/1/2020,,NOVADERMA
3401361353625,13,SEBIUM PORE REFINER CREMA TUX30ML,30ML,CREMA,CREMA,TU X 30ML,,,NSOC14938-13PE,BIODERMA
3401381507565,13,SENSIBIO GEL MOUSSANT FRAX200 ML(BDM),,GEL,GEL,FRASCO X 200 ML,,,,BIODERMA
3401399373466,13,ATODERM ULTRA-NOURRISSANT CREMA FRAX 500ML (BDM),500ML,CREMA,CRE,FCO X 500ML,1,,NSOCO9643-I2PE,BIODERMA
3401399373527,13,ATODERM INTENSIVE PAIN NETTOYANT SURGRAS,N/A,PASTILLA,PASTILLA,BARRA X 150 GR,,,NSOC20550-14PE,BIODERMA LABORATOIRE DERMATOLOGIQUE NOVADERMA S.A.C.
3401399459085,13,ATODERM ULTRA - NOURISHING CREMA FCOX200ML (BDM),,CREMA,CREMA,FCO X 200ML,1,,NSOC09643-12PE,BIODERMA
3401574131423,13,SEBIUM GEL GOMMANT TUX100ML(BDM),100ML,GEL,GEL,FRA X 200ML,,,NSOC15946-13PE,BIODERMA
342023117250,13,PITRESSIN,20UI,VIAL,VIAL,CAJA,25,,,APP PHARMACEUTICALS
34303,13,RINEPAN,10 mg,Tableta,Tableta,Caja x 10,10,,N26918,AC FARMA
3433422404403,13,EAU THERMALE PEAUX SENSIBLES FRASCO X 300 ML (LRP),300 ML,AGUA,AGUA,FRASCO X 300 ML,,,NSOC44036-11CO,LOREAL PERU S.A.
3433422405318,13,TOLERIANE ULTRA FLUIDE TOPICO FRASCO X 40 ML (LRP) .,40 ML,EMULSION,EMULSION,FRASCO X 40 ML,1,,NSOC46418-12CO,L OREAL PERU S.A.
34490,13,URONOLAB,500 / 100 mg.,Tableta,Tableta,Caja x 102,102,,N26193,LABOFAR
34831,13,LORALAB-D,10 mg,Tableta,Tableta,Caja x 100,100,,N24354,LABOFAR
34839966,13,UTROGESTAN 200 MG,200MG,CAPSULA,CAP BLANDA,CAJA X 15 UNIDADES,15,,E193080,BIOPAS
3499320000291,13,ROZEX,0.75%,Gel,Gel,Tubo X 30 g,1,12/29/2009,E7804,QUILAB
3499320000567,13,BENZAC AC,2.50%,Gel,Gel,Tubo X 60 g,1,7/24/2013,E11051,QUILAB
3499320000659,13,EFFICORT CREMA LIPOFILICA,0.13%,Crema,Crema,Tubo X 30 g,1,3/19/2014,E11670,QUILAB
3499320000680,13,IONAX SCRUB,,Crema,Crema,Tubo X 60 g,1,7/21/1997,E6038,ALCON
3499320000697,13,IONIL T,42.5mg/mL,Champú,Champu,Fco. X 125 mL,1,1/26/2014,E11522,QUILAB
3499320000765,13,BENZAC AC,5%,Gel,Gel,Tubo X 60 g,1,7/24/2013,E11052,QUILAB
3499320000772,13,BENZAC AC,10%,Gel,Gel,Tubo X 60 g,1,7/24/2013,E11053,QUILAB
3499320001212,13,DIFFERIN,0.10%,Gel,Gel,Tubo X 30 g,1,5/28/2013,E20698,QUILAB
3499320001700,13,DIFFERIN,0.10%,Crema,Crema,Tubo X 30 g,1,7/16/2009,E16618,QUILAB
3499320001878,13,LOCERYL,0.0025,CREMA,CREMA,TUBO,1,,E-14490,GALDERMA
3499320002134,13,RETACNYL,0.00025,CREMA,CREMA,0.025% Crema x 30g,1,,E-14096,LAB. GALDERMA PERU
3499320002141,13,RETACNYL 0.05% CREx30GR,,,,,1,,,GALDERMA PERU LABORATORIOS S.A.
3499320002165,13,TETRALYSAL,300MG,CAPSULA,CAPSULA,CAJA,16,,E17073,GALDERMA
3499320002448,13,TRI LUMA,,Crema,Crema,Tubo X 15 g,1,3/28/2013,E15399,QUILAB
3499320002523,13,LOCERYL LACA,5%,Laca,Solucion,Fco. X 2.5 mL,1,8/26/2013,E15802,QUILAB
3499320003018,13,CETAPHIL UVA/UVB DEFENSE SPF50/UVA28V CREMA TUBX50 ML (GDM),SPF50/UVA28V,CREMA,CRE,TUX50ML,1,,NSC2007C024595,BEIRSDORF  S.A
3499320003087,13,EPIDUO 0.1%/ 2.5 % GEL,0.1%/2.5%,GEL,GEL,TUBO X 30 G,1,,2931407,GALDERMA
3499320003179,13,DIFFERIN 0.3%  GEL,0.003,CREMA,CRM,TUBO X 30 G,1,,E021250,GALDERMA
3499320003223,13,CETAPHIL EMULSION HIDRATANTE 473 ML,473 ML,UNIDAD,UND,CJA X 1,1,10/13/2016,NSOC19153-06CO,GALDERMA PERU LABORATORIOS S.A.
3499320003254,13,CETAPHIL LIMPIADOR PIEL GRASA FRASCO X 237 ML,,Loción,Locion,Frasco x 237ml,1,,NSOC07647-02CO,GALDERNA
3499320003827,13,CLOB - X SHAMPOO 125ML,,,,,1,,,GALDERMA PERU LABORATORIOS S.A.
3499320003834,13,AVIXIS,0.03%,Solución Tópica,Solucion,Caja Fco. X 100 mL + Aplicador,1,3/14/2010,E17182,QUILAB
3499320004473,13,  CETAPHIL DERMACONTROL HIDRATANTE FPS 30 FRAX 118 ML (GDM),,CREMA,CREMA,FRASCO X 118 ML,,,NSOC50662-12CO,GALDERMA
3499320007108,13,NUTRADERM CREx60GR,,,,,1,,,GALDERMA PERU LABORATORIOS S.A.
351672411114,13,PHENYTOIN,100MG,CAPSULA,CAPSULA,FRASCO,100,,.,TARO PHARMACEUTICAL
352910023623,13,LANTUS SOLOSTAR 100UI /ml Aplic. Prell. x 1 x 3ml,100 UI/ML,AMPOLLA,AMP,CJA X 1,1,7/9/2017,BE00408,SANOFI-AVENTIS DEL PERU S.A
3553232840100,13,ACIDO FOLICO CAPx800MGx100,800mg,Frasco,Frasco,TABLETAS,100,,,pharmatech
3556610000062,13,TIMOPTIC,0.50%,Gotas Oftálmicas,Solucion Oftalmica,Fco. Got. X 5 mL,1,7/7/2009,E16586,MERCK SHARP DOHME
3556610000178,13,COSOPT,,Solución Oftálmica,Solucion Oftalmica,5 mL,1,2/12/2014,E11596,MERCK SHARP DOHME
3556610000215,13,TRUSOPT GTS OFT 2% 5ML,2%,GOTAS OFTALMICAS,GOTAS OFTALMICAS,FRASCO,1,,E9554,MERCK SHARP & DOHME
3556610000260,13,INVANZ,1G,VIAL,VIAL,VIAL,1,,E19230,MERCK SHARP & DOHME
3556610000734,13,CANCIDAS,50MG,VIAL,VIAL,VIAL,1,,E22800,MERCK SHARP & DOHME
3556610000741,13,CANCIDAS,70MG,VIAL,VIAL,VIAL,1,,E22801,MERCK SHARP & DOHME
3556610001465,13,ZERBAXA,1.5 G,SOLUCION INYECTABLE,AMP,UNIDAD,1,,EE05239,MERCK SHARP & DOHME
3578832015013,13,CYS-CONTROL,36%,POLVO PARA SOLUCION ORAL,SOLUCION ORAL,SOBRE x 5 g,20,8/20/2023,PNE1518,EUROFARMA
3582910001607,13,VALPAKINE GRAX500MGX1,,,,,1,,,SANOFI WINTHROP DEL PERU S.A.
3582910007937,13,STILNOX,10mg,Comprimido,Tableta,Caja Comp.,10,6/15/2014,E7482,SANOFI
3582910008286,13,XANTRAL-OD,10MG,TABLETA,TABLETA,CAJA,20,,E13104,SANOFI-AVENTIS
3582910008750,13,APROVEL,300mg,Tableta,Tableta,Caja Tab.,14,10/11/2009,E12215,SANOFI
3582910009900,13,ENTEROGERMINA,2BillonesUFC/5mL,Suspensión,Suspension,Caja Vial X 5 mL,10,7/19/2009,BE00235,SANOFI
3582910012122,13,VALPAKINE BEBIBLE,200/1,SOLUCION,SOLUCION,FRASCO,1,,E6152,SANOFI-AVENTIS
3582910014164,13,APIDRA,100UI/mL,Solución para Inyección,Inyectable,Caja Vial X 10 mL,1,2/1/2015,BE00261,SANOFI
3582910018605,13,COAPROVEL,300mg+25mg,Tableta,Tableta,Caja Tab.,14,1/16/2012,E19083,SANOFI
3582910023623,13,INSULINA LANTUS SOLOSTAR,100 UI/ML,SOL. INYECTABLE,SOL-INYECTABLE EN SOLOSTAR,AMPOLLA,1,1/5/2018,BE-00408,SANOFI
3582910023630,13,APIDRA,100UI/mL,Solución para Inyección,Inyectable,Cartucho X 3 mL,1,1/31/2015,BE00260,SANOFI
3582910027966,13,CLEXANE AMPX20MG/0.2MLX1,,,,,1,,,AVENTIS PHARMA
3582910028017,13,CLEXANE,80MG,JERINGA PRELLENADA,JERINGA PRELLENADA,CAJA,2,,BE00386,SANOFI-AVENTIS
3582910028031,13,CLEXANE,60 MG/0.6 ML,SOLUCION INYECTABLE,INYECTABLE,JERINGA PRELLENADA X 0.6 ML,2,1/10/2022,BE00387,SANOFI AVENTIS
3582910028055,13,CLEXANE,40 MG/0.4 ML,SOLUCION INYECTABLE,INYECTABLE,JERINGA PRELLENADA X 0.4 ML,2,1/9/2022,BE00384,SANOFI AVENTIS
3582910032397,13,ENTEROGERMINA,,Cápsula,Capsula,Caja Cap.,12,4/6/2014,BE00601,SANOFI
3582910038825,13,PLAVIX,75mg,Tableta Revestida,Tableta,Blist. Tab.,14,11/9/2014,E12278,SANOFI
3582910039525,13,MULTAQ,400mg,Tableta Recubierta,Tableta,Caja Tab.,30,2/22/2015,E22182,SANOFI
3582910052586,13,MULTAQ,400MG,TABLETA,TABLETA,CAJA,30,,E22182,SANOFI-AVENTIS
3582913000324,13,XANTRAL OD,10mg,Comprimido,Tableta,Caja Comp.,20,8/4/2010,E13104,SANOFI
3582913000331,13,XANTRAL OD,10mg,Comprimido,Tableta,Caja Comp.,10,8/4/2010,E13104,SANOFI
3582913025044,13,APROVEL,150mg,Tableta,Tableta,Caja Tab.,14,10/11/2014,E12214,SANOFI
3582913025266,13,CORDARONE,200MG,COMPRIMIDO,COMPRIMIDO,CAJA,20,,E12466,SANOFI-AVENTIS
3582913025280,13,CORDARONE,150MG,AMPOLLA,AMPOLLA,CAJA,6,,E6212,SANOFI-AVENTIS
3582913025501,13,FRAXIPARINE,7500UI,Solución para Inyección,Inyectable,Caja Jer. Prell. X 0.3 mL,2,8/12/2012,E6076,GSK
3582913025532,13,FRAXIPARINE,38000UI,Solución para Inyección,Inyectable,Caja Jer. Prell. X 0.4 mL,2,8/16/2013,E6954,GSK
3582913025792,13,PLAVIX,75MG,TABLETA,TABLETA,CAJA,14,,E12278,SANOFI-AVENTIS
3582913026133,13,CORDARONE,200mg,Comprimido,Tableta,Caja Comp.,20,12/30/2014,E12466,SANOFI
3582913026195,13,CORDARONE,150mg/3mL,Inyectable,Inyectable,Amp. X 3 mL,6,10/13/2012,E6212,SANOFI
3582913026324,13,APROVEL,150mg,Tableta,Tableta,Caja Tab.,28,10/11/2014,E12214,SANOFI
3582913026331,13,APROVEL,300mg,Tableta,Tableta,Caja Tab.,28,10/11/2009,E12215,SANOFI
3582913026348,13,COAPROVEL,150mg+12.5mg,Tableta,Tableta,Caja Tab.,28,12/7/2009,E12376,SANOFI
3582913026355,13,COAPROVEL,300mg+12.5mg,Tableta,Tableta,Caja Tab.,28,12/7/2009,E12375,SANOFI
3582913026584,13,COAPROVEL,300mg+25mg,Tableta,Tableta,Caja Tab.,28,1/16/2012,E19083,SANOFI
3582913026607,13,MAALOX,,Suspensión,Suspension,Caja Sachet,20,1/20/2013,E15184,SANOFI
3582913026683,13,ENTEROGERMINA,2BillonesUFC/5mL,Solución Bebible,Solucion,Caja Amp. X 5 mL,10,7/9/2012,BE00409,SANOFI
3583313646556,13,FLORATIL TUTTI-FRUTTI,200MG,POLVO,POLVO,CAJA,6,,BE00795,MERCK PERUANA
3583315558079,13,FLORATIL,250 ml,POLVO,POLVO,CAJA POLVO,10,2/28/2017,BE00796,AXON PHARMA
3583315558154,13,FLORATIL,250 MG,POLVO PARA SUSPENSION,SOBRE,CAJA X 2 UNIDADES,1,,BE00822,MERCK
3583316669293,13,FLORATIL,250MG,CAPSULA,CAPSULA,CAJA CAPSULA,10,2/28/2017,BE00796,AXON PHARMA
358468775078,13,THYROGEN 0.9MG/ML AMPOLLA CJX2,0.9MG/ML,INYECTABLE,INYECTABLE,CAJA,2,,BE00933,GENZYME
3587381199938,13,VOLTAREN OPHTHA,0.10%,Colirio,Solucion Oftalmica,Fco. Got. X 5 mL,1,1/17/2013,E15174,NOVARTIS BIOSCIENCES
3594452500012,13,DIAMICRON MR,30mg,Comprimido,Tableta,Caja Comp.,30,2/6/2014,E16205,GRUNENTHAL PERUANA
3594455200087,13,NATRILIX SR,1.5mg,Comprimido Recubierto,Tableta,Caja Comp.,30,1/29/2014,E16179,GRUNENTHAL PERUANA
3594456600558,13,COVERSYL 5MG TAB CJA X 30 (SERVIER),5 MG,TABLETA,TAB,CJA X 30,30,6/14/2022,EE05475,LABORATORIOS SERVIER PERU S.A.C.
3594456800545,13,COVERSYL 10MG TAB CJA X 30 (SERVIER),10 MG,TABLETA,TAB,CJA X 30,30,4/16/2022,EE05472,LABORATORIOS SERVIER PERU S.A.C.
3595724102813,13,REVLIMID 10 MG,10 mg,Cápsula,Cap,Caja x 21 unidades,1,,NJ07901,TECNOFARMA
3596540130101,13,GLUCOPHAGE XR 750 MG X 1 TABLETAS,,,,,1,,,MERCK PERUANA S.A.
3596540150048,13,GLUCOPHAGE XR,1g,Tableta de Liberación Prolongada,Tableta,Caja Tab.,30,9/17/2014,E21945,MERCK PERUANA
3660053084265,13,VERORAB JER-PRE 2.5IU 0.5ML,2.5UI,JERINGA PRELLENADA,JER,CAJA,1,3/31/2018,BE00151,SANOFI-AVENTIS
3660053139040,13,AVAXIN 0.5ML JER.PRELL PEDIATRICO,,,,,1,,,AVENTIS PASTEUR MERIUX
3661434000843,13,CICACTIVE TUBO X 30 ML,,,,,1,,,LABORATORIOS DERMATOLOGICOS UREAGE
3661434004452,13,URIAGE EAU THERMAL XEMOSE LIPSTICK BALSAMO TUBO X 4 G,,BALSAMO,BALSAMO,TUBO X 4 G,,,NSOC25352-15PE,LABORATOIRES DERMATOLOGIQUES D URIAGE
3664798008876,13,MENACTRA,16 mcg,SOLUCION INYECTABLE,INYECTABLE,VIAL X 0.5 mL,1,9/28/2020,BE00742,SANOFI
3700039500058,13,ESTRO,,GEL,GEL,FRASCO,1,,E19466,BIOPAS
3700039500287,13,PROGESTOGEL,1%,Gel,Gel,Caja Tbo. X 80 g,1,3/29/2011,E18289,BIOPAS
3700244200125,13,FLOREA,229.1 MG,CAPSULA,CAP,CAJA X 60 UNIDADES,60,,DE01416,LUKOLL
3700288631046,13,SUSTANCIA VISCOELASTICA (IXIUM HPMC),0.02,AMPOLLA,AMP,CAJA X 1 UNIDAD,1,,E195050,LCA PHARMACEUTICAL
3760001040975,13,METEOSPASMIL,60MG/300MG,CAJA,CAPSULAS BLANDAS,60mg /300mg Cplts. Blandas x 30,,,EE-00767,Laboratorios Biopas
3760008321343,13,BETASERC,24mg,Tableta,Tableta,Caja Tab.,20,11/22/2012,E19994,QUILAB
3760031690744,13,EVOMUCY SOLUCION BUCAL FRA X 200 ML (EVAUX),,SOLUCION,SOLUCION,FRASCO X 200 ML,,,,EVAUX LABORATOIRES
3760031691055,13,EVOSKIN CREMA TUBO X 150 ML (EVAUX),,CREMA,CREMA,TUBO X 150 ML,,,,EVAUX LABORATOIRES
3760031691093,13,EVOGYN GEL TUBO X 50 ML (EVL),,GEL,GEL,TUBO X 50 ML,,,NSOC27527-16PE,EVAUX LABORATORIES
37903,13,GONAPEPTYL,3.75MG,JERINGA,JER,JERINGA,1,,EE00968,FERRING
4005800005541,13,EUCERIN SUN SPRAY TRANSP FPS50 FRAX200ML,FPS50,SPRAY,SPRAY,FRA X 200ML,,,NSOC17345-14PE,BIERSDOF
4005800021930,13,EUCERIN HYALURON FILLER DIA CREMA FACIAL FRASCO X 50 ML (BE,50ML,CREMA,CREMA,FRASCO X 50ML,1,,N5OC4234611CO,BEIERSDORF
4005800024139,13,EUCERIN P.SEC REPAR.10% UREA C.LACT X 250ML,250 ML,UNIDAD,UND,CJA X 1,1,2/16/2022,NSOC46671-12CO,BEIERSDORF S.A.C.
4005800024481,13,EUCERIN COMPLETE REPAIR LOC LIG 5% UREA X 250ML,250 ML,UNIDAD,UND,CJA X 1,1,2/16/2022,NSOC46670-12CO,BEIERSDORF S.A.C.
4005800027468,13,EUCERIN SUN LOCIÓN NIÑOS FPS50 PLUS X 150ML,150 ML,UNIDAD,UND,CJA X 1,1,4/9/2022,NSOC47440-12CO,BEIERSDORF S.A.C.
4005800036743,13,EUCERIN DERMOCAPILLAIRE PH5 SHAMPOO X 250ML FCO,250 ML,UNIDAD,UND,CJA X 1,1,1/18/2024,NSOC76660-17CO,BEIERSDORF S.A.C.
4005800040566,13,EUCERIN SHAMPOO ANTICASPA GRAS FRASCO X 250 ML,,Shampoo Gel,Shampoo Gel,Frasco x 250ml,1,,NSOC49510-12CO,EUCERIN
4005800040573,13,EUCERIN SHAMPOO DERMO CAPILAR ANTI CASPA SEC,,UNIDAD,UND,CJA X 1,1,8/3/2022,NSOC49509-12CO,BEIERSDORF S.A.C.
4005800065019,13,EUCERIN SUN FLUIDO FACIAL FPS 50 PLUS X 50ML,50 ML,UNIDAD,UND,CJA X 1,1,3/22/2023,NSOC52774-13CO,BEIERSDORF S.A.C.
4005800065538,13,EUCERIN SUN CREMA FACIAL FPS50 PLUS X 50ML,50 ML,UNIDAD,UND,CJA X 1,1,2/3/2023,NSOC70373-16CO,BEIERSDORF S.A.C.
4005800066627,13,EUCERIN SUN NIÑOS SPRAY FPS50 PLUS,,UNIDAD,UND,CJA X 1,1,4/9/2022,NSOC47444-12CO,BEIERSDORF S.A.C.
4005800077937,13,EUCERIN SUN LOCIÓN EXTRA LIGERA FPS50 X 150ML,150 ML,UNIDAD,UND,CJA X 1,1,2/3/2023,NSOC70377-16CO,BEIERSDORF S.A.C.
4005800079948,13,EUCERIN DA CREMA,EUCERIN DA CREMA,TUBO X 40 GR,TUBO X 40 GR,TUBO,1,11/1/2018,55117876,BEIERSDORF
4005800178368,13,EUCERIN P.SENS LOCION CON PH5 X 250 ML,250 ML,UNIDAD,UND,CJA X 1,1,5/2/2023,NSOC08962-03CO,BEIERSDORF S.A.C.
4005800178382,13,EUCERIN PH5 SYNDET GEL SUST JABÓN X 250 ML,250 ML,UNIDAD,UND,CJA X 1,1,9/22/2021,NSOC44403-11CO,BEIERSDORF S.A.C.
4005800178931,13,EUCERIN P. SENS CREMA CON PH5 X 100 GR,100 GR,UNIDAD,UND,CJA X 1,1,10/23/2021,NSOC62075-14CO,BEIERSDORF S.A.C.
4005800193576,13,EUCERIN BABY BAÑO & SHAMPOO X 240 ML,240 ML,UNIDAD,UND,CJA X 1,1,5/16/2023,NSOC72092-16CO,BEIERSDORF S.A.C.
4005800630538,13,EUCERIN PH5 CREx100GR,,,,,1,,,BEIERSDORF S.A.C.
4005800630958,13,EUCERIN HIGIENE INTIMA x 250ML,250 ML,UNIDAD,UND,CJA X 1,1,7/11/2023,NSOC54287-13CO,BEIERSDORF S.A.C.
4005900140906,13,EUCERIN SUN FACE TOQUE SECO FPS50 X 50 ML,50 ML,UNIDAD,UND,CJA X 1,1,12/12/2021,NSOC63190-14CO,BEIERSDORF S.A.C.
4005900169563,13,EUCERIN BODY TRANSPARENT SPRAY DRY TOUCH FPS50 X 200ML,200 ML,UNIDAD,UND,CJA X 1,1,2/12/2022,NSOC64075-25CO,BEIERSDORF S.A.C.
4005900259639,13,EUCERIN BABY BODY LOTION X 400 ML,400 ML,UNIDAD,UND,CJA X 1,1,5/24/2023,NSOC72300-16CO,BEIERSDORF S.A.C.
4005900259646,13,EUCERIN BABY BAÑO & SHAMPOO X 400ML PUMP,400 ML,UNIDAD,UND,CJA X 1,1,5/16/2023,NSOC72092-16CO,BEIERSDORF S.A.C.
4005900265210,13,EUCERIN SUN LOCIÓN MICROPIGMENTO FPS 30,,UNIDAD,UND,CJA X 1,1,6/6/2023,NSOC27097-16PE,BEIERSDORF S.A.C.
4005900265227,13,EUCERIN SUN ANTI-AGE SPF50 50ML,50 ML,UNIDAD,UND,CJA X 1,1,8/17/2016,NSOC72298-16CO,BEIERSDORF S.A.C.
4008491312790,13,PANTOGAR,,Capsulas,Capsulas,Cap. X 31,30,,PNE0642,MERZ
401353789159,13,PHOTODERM AR,SPF 50,CREMA,CRM,TUBO X 30 ML,1,10/1/2020,F-69003,NOVADERMA
4015600006525,13,ACTONEL ONCE A WEEK,35mg,Tableta Recubierta,Tableta,Caja Tab.,4,1/17/2013,E15175,SANOFI
4015630070350,13,TIRAS REACT ACCUCH ACTIVEX50,,DISPOSITIVO MEDICO,DISPOSITIVO MEDICO,CAJA  X50,50,10/2/2018,DM-DIV0646-E,ROCHE QF
4015630981977,13,ACCU - CHECK PERFORMA X 1 TIRA REACTIVA,,,,,1,,,PRODUCTOS ROCHE Q F S A
4016,13,DORLAMIDA T SOL.OFT 5ML,0.5,SOL OFTALMICA,SOL OFTALMICA,FRASCO,1,11/23/2016,E19995,FARMINDUSTRIA
4022495787514,13,EXTENSION DIS X 50CM (DISCOFIX C),,,,CAJA X 50 UNIDADES,1,,80136990452,B BRAUN
4022536733562,13,THYROZOL,10mg,Tableta Recubierta,Tableta,Caja Tab.,50,4/18/2015,E12817,MERCK PERUANA
4022536741765,13,THYROZOL,20mg,Tableta Recubierta,Tableta,Caja Tab.,50,4/18/2015,E12823,MERCK PERUANA
4022679125743,13,VIVACTIC MAGNESIO + ZINC,,TAB EFERVESCENTE,TAB EFERVESCENTE,CAJA X 20 UNIDADES,20,,DE21710,PHARMARIS PERU
4028685013135,13,BETNOVATE,0.10%,Loción Capilar,Locion,Fco. X 30 mL,1,6/18/2012,E14705,GSK
4030539001694,13,TRACUTIL AMPX10ML.,,,,,1,,,B.BRAUN MEDICAL PERU S.A.
4030539167369,13,AMIELECT,0.1,INYECTABLE,INY,FRASCO,1,11/19/2020,EE02268,B. BRAUN MEDICAL
4030539175104,13,PARACETAMOL 1G/100ML IV(BRAUN),1 GR,SOLUCION INYECTABLE,SOLUCION INYECTABLE,CAJAX1,1,2/24/2022,EE-04762,BRAUN
4030674013903,13,LAGOSA,150 MG,CAJA,COMPRIMIDOS,150mg x 25 Comp.,,,PNE-1254,SIN ESPECIFICAR
4030674013927,13,THIOGAMMA,600mg,CAJA,CAJA,CJA *  30,1,10/22/2015,,WORWAG PHARMA
4030674015471,13,MILGAMMA MONO,150 MG,TABLETAS,COMPRIMIDO,150 MG TAB. 150 X 30,1,,E-23302,SIN ESPECIFICAR
4030674019310,13,MILGAMMA MONO,150 MG,TABLETAS,COMPRIMIDO,150 MG TAB. 150 X 30,1,,E-23302,SIN ESPECIFICAR
4031626710369,13,HYLO-COMOD,10 ml,GOTAS,GTS,FCO x 10 ml,1,1/1/2021,DM13169E,URSAFARMA
4031626711175,13,HYLO-FRESH,0.3 mg/mL,SOLUCION OFTALMICA,SOLUCION,FRASCO x 10 mL,1,6/26/2023,DM14866E,MEDIFARMA
4032046002089,13,TARKA-SR,2/180MG,TABLETA,TABLETA,CAJA,14,,E18472,ABBOTT
4032128012333,13,CREON 25000 X 50CAPSULAS,2500mg,capsula,caja,caja,50,,,alfa
4032129015036,13,VERSATIS,5%,Parche,Parche,Caja Parche,5,8/29/2012,E19716,GRUNENTHAL PERUANA
4032129024632,13,BELARINA,,Tableta Recubierta,Tableta,Caja Tab.,1,4/27/2014,E21668,GRUNENTHAL PERUANA
4032129047914,13,TRANSTEC 35 UG/H,35mcg/H,Parche,Parche,Caja Parche,5,5/31/2010,E17380,GRUNENTHAL PERUANA
4032129060555,13,PAXELIS,50MG,CAJA,COMPRIMIDOS,50mg Comp. x 10,,,EE-00589,Tecnofarma S.A.
4032129060562,13,PAXELIS RETARD 50MG X 10 TAB,50 MG,TABLETAS,TABLETAS,CAJAX10,10,3/13/2020,EE-00825,GRUNENTHAL PERUANA S.A.
4032129060579,13,PAXELIS,100 MG.,COMPRIMIDOS,COMPRIMIDOS,CAJA,10,12/1/2018,EE-00590,GRUNENTHAL
4032129060586,13,PAXELIS RETARD 100 MG,TAPENTADOL 100 MG,CAJA X 10 COMPRIMIDOS,CAJA X 10 COMPRIMIDOS,CAJA X 10 COMPRIDOS,10,1/2/2019,EE-00826,GRUNENTHAL
4032129060593,13,PAXELIS RETARD 200MG,200MG,COMPRIMIDO RECUBIERTO,COM,COM,,,EE-00846,GRUNENTHAL
4032717000376,13,SALOFALK TABx500MGx30,500MG,TABLETAS,caja,,30,,,BIOTOSCANA
4032717005081,13,FIBROFALK NARANJA,5G,POLVO,POLVO,CAJA,10,,PNE0895,BIOTOSCANA
4032717997157,13,SALOFALK GRANULOS 3 GR CJA X 15,3 GR,SOBRE,SBR,CJA X 15,15,,EE-01957,BIOTOSCANA FARMA S.A
4036124000776,13,ALBUMINA HUMANA 20% FRASCO X 50 ML (PHP),0.2,SOLUCION,SOLUCION,FRASCO X 50 ML,,2/28/2018,BE00488,PHARMA HOSTING PERU S.A.C.
4037353444430,13,HYDROXICARBAMIDA 500 MG CAPSULA (MEDAC GMBH),500 MG,CAPSULA,CAPSULA,CAJA X 100,100,,,MEDAC GMBH
4038653700653,13,HISTOACRYL AMP X 0.5 ML,0.5 ML,AMPOLLA,AMP,CAJA x 10 UNIDADES,1,3/7/2018,DM1920E,BRAUN MEDICAL PERU S.A.
4039239517955,13,PRONTOSAN SOL X 350ML,,FRASCO,FRASCO,FRASCO X 350 ML,1,,DM3693E,B BRAUN
4039239517993,13,PRONTOSAN WOUND GEL X 30ML,30ML,GEL,GEL,GEL,1,,DM7677E,B. BRAUN MEDICAL PERU SA
4042200689926,13,RECORMON,30000UI,Solución para Inyección,Inyectable,Caja Jer. Precarg. X 0.6 mL,1,9/9/2014,BE00239,ROCHE
4042809018400,13,TENSOPLAST 7.5CM X 4.5,,,,,1,,,BSN MEDICAL
4044518911393,13,WEISSMOOR CREMA REGENERADORA FACIAL POTE X 50 ML (FISSION LAB),,CREMA,CREMA,POTE X 50 ML,1,,NSOC05476-11P,FISSION LAB SAC
4046222401092,13,CONTRACTUBEX,,Gel,Gel,Tubo X 20 g,1,5/20/2004,E11836,MEDIPLATA
4046222411121,13,VIRU-MERZ GEL,0.01,TUBO,CREMA,1% Gel x 5g,1,,E-16434,Merz Pharmaceuticals
4046222601157,13,AKATINOL 10 mg,Memantina 10 mg,TABLETA,TAB,caja x 56 tab,56,,EE-01590,MERZ
4046963565473,13,SAFEFLOW CON ALARGADERA DOBLE,,DISPOSITIVO MEDICO,DISPOSITIVO MEDICO,CAJA X50,50,,DM10006E,B. BRAUN MEDICAL PERU S.A.
4048846001214,13,SPIRIVA,18mcg,Cápsula para Inhalador,Capsula Inhalatoria,Caja Cap.,30,6/15/2012,E19490,BOEHRINGER
4048846001313,13,MICARDIS PLUS,80mg+25mg,Comprimido,Tableta,Caja Comp.,28,9/25/2013,E21074,BOEHRINGER
4048846001504,13,PRADAXA,75mg,Cápsula,Capsula,Caja Cap.,10,11/4/2013,E21189,BOEHRINGER
4048846001528,13,PRADAXA,110mg,Cápsula,Capsula,Caja Cap.,30,11/5/2013,E21193,BOEHRINGER
4048846001665,13,ATROVENT HFA,20mcg/dosis,Aerosol para Inhalación,Inhalador,Caja Fco. X 10 mL (200 Dosis),1,5/7/2013,E20635,BOEHRINGER
4048846001672,13,BERODUAL HFA,,Aerosol,Inhalador,Fco. Aer. X 10 mL (200 dosis),1,9/24/2013,E21066,BOEHRINGER
4048846001825,13,BEROTEC SOLx20ML,,,,,1,,,BOEHRINGER INGELHEIM
4048846001832,13,MICARDIS PLUS,40mg+12.5mg,Comprimido,Tableta,Caja Comp.,28,6/18/2012,E19491,BOEHRINGER
4048846002006,13,SPIRIVA RESPIMAT,2.5MCG,INHALACION,INHALACION,FRASCO,1,,E21829,BOEHRINGER
4048846002341,13,MICARDIS,40MG,TABLETA,TABLETA,CAJA,28,,E11626,BOEHRINGER
4048846003171,13,DULCOLAX GRAX1,,,,,1,,,BOEHRINGER INGELHEIM
4048846003782,13,INFLAMMIDE-HFA,200MCG,INHALACION,INHALACION,FRASCO,1,,E22527,BOEHRINGER
4048846004260,13,FLURINOL COMX20MGX1,,,,,1,,,BOEHRINGER INGELHEIM
4048846004321,13,PRADAXA,150 MG,CAJA,CAPSULAS,150mg Caja Caps. x 30,,,E-22620,Laboratorio Boehringer Ingelheim
4048846005663,13,MICARDIS AMLO,40/ 5MG,COMPRIMIDO,COMPRIMIDO,CAJA,28,,E22767,BOEHRINGER
4048846005700,13,MICARDIS AMLO,80/10MG,COMPRIMIDO,COMPRIMIDO,CAJA,28,,E22766,BOEHRINGER
4048846005717,13,MICARDIS AMLO,80/ 5MG,COMPRIMIDO,COMPRIMIDO,CAJA,28,,E22769,BOEHRINGER
4048846005731,13,MICARDIS AMLO,40/10MG,COMPRIMIDO,COMPRIMIDO,CAJA,28,,E22768,BOEHRINGER
4048846006103,13,TRAYENTA,5MG,COMPRIMIDO,COMPRIMIDO,CAJA,30,,EE00004,BOEHRINGER
4048846006240,13,CATAPRESAN TABX150UGX1,,,,,1,,,BOEHRINGER INGELHEIM
4048846006851,13,SIFROL ER 0.375 MG X 10,0.375 MG,TABLETAS,TABLETAS,CAJA X 10 COMP,10,12/1/2018,E-23108,BOEHRINGER INGELHEIM
4048846006905,13,TRAYENTA DUO 2.5/1000,2.5/1000,CAJA,COMPRIMIDOS,2.5 /1000 Caja Comp. x 60,,,E-00395,Laboratorio Boehringer Ingelheim
4048846006912,13,TRAYENTA DUO,2.5/500,CAJA,COMPRIMIDOS,2.5 /500 Caja Comp. x 60,1,,EE-00396,LAB. BOEHRINGER
4048846006929,13,TRAYENTA DUO,2.5 MG/850 MG,COMPRIMIDOS,COMP.,2.5 MG/850 MG X 60 COMP.,1,,EE-00393,LAB. BOEHRING
4048846008114,13,GIOTRIF COM 20MG,20MG,COMPRIMIDO,COM,CAJA,28,6/30/2018,EE00305,BOEHRINGER
4048846008138,13,GIOTRIF,40 mg.,COMPRIMIDO,COMPRIMIDO,CAJA,28,,EE00306,BOEHRINGER
4048846008145,13,GIOTRIF,30mg,CAJA,CAJA,CJA *  28,1,5/23/2017,,BOEHRINGER
4048846009289,13,PRADAXA 110MG X 30 CAPS.,110mg,caja,,capsula,30,,,Boeringher
4048846010162,13,JARDIANCE 10 MG,10 mg,Comprimido,Caja,Caja x 30 und,30,,EE00878,BOEHRINGER INGELHEIM
4048846010193,13,JARDIANCE 25MG COMP CJA X 30,25 MG,COMPRIMIDO,COM,CJA X 30,30,3/26/2020,EE00886,BOEHRINGER INGELHEIM LABORATORIO
4048846012463,13,SPIOLTO RESPIMAT,TIOTROPIO/OLODATEROL,INHALADOR,INHALADOR,FRASCO,1,1/1/2018,N-EE-02946,BOEHRINGER
4048846012937,13,VARGATEF 100MG CAP CJA X 120,100 MG,CAPSULA,CAP,CJA X 120,120,3/2/2021,EE02701,BOEHRINGER INGELHEIM PERU S.A.C.
4048846012944,13,VARGATEF 100MG CAP CJA X 60,100 MG,CAPSULA,CAP,CJA X 60,60,3/2/2021,EE02701,BOEHRINGER INGELHEIM PERU S.A.C.
4048846013071,13,JARDIANCE DUO 12.5/850 MG,EMPAGLIFLOXINA/METFORMINA CLORHIDRATO,FRASCO X 60 COMPRIMIDOS,FRASCO X 60 COMPRIMIDOS,FRASCO,1,5/1/2019,EE03388,BOEHRINGER
4048846013088,13,JARDIANCE DUO 12.5/1000 MG,EMPAGLIFLOXINA/METFORMINA CLORHIDRATO,,FRASCO X 60 COMPRIMIDOS,FRASCO,1,7/1/2019,EE03360,BOEHRINGER
4048846014375,13,TRAYENTA 5MG TAB CJAX30,5 MG,TABLETA,TAB,CJA X 30,30,9/13/2017,EE00004,BOEHRINGER INGELHEIM LABORATORIO
4048846014399,13,GLYXAMBI 25 MG/5 MG,EMPAGLIFLOZINA/LINAGLIPTINA,CAJA X 30 COMPRIMIDOS,CAJA X 30 COMPRIMIDOS,CAJA,30,9/1/2020,EE-05212,BOEHRINGER
4051895004662,13,FRESUBIN ORIGINAL,,EMULSION ORAL,EMULSION,BOLSA x 500 mL,1,2/21/2022,DE2347,FRESENIUS
4051895004921,13,FRESUBIN HP ENERGY EMUL ORAL 500ML X 15,500ML,FRASCO,FCO,FRASCO,15,,DE-2350,SANDERSON
4051895004969,13,SURVIMED OPD 500 ML X 15 BOLSA,,EMULSION ORAL,EMULSION ORAL,CAJA X15,15,3/20/2017,DE-2393,FRESENIUS MEDICAL CARE
4052622000001,13,BSS BALANCED SALT SOLUTION X 500 ML,,FRASCO,FRASCO,UNIDAD,1,1/1/2021,DM14884E,ALSANZA
4052682007408,13,CEFEPIME 1G AMP CJA X 10,1G,AMPOLLA,AMP,CAJA X 10,10,,EE-04006,LABORATORIOS SANDERSON
4052682007637,13,MEROPENEM 1G AMP CJA X 10 (SANDERSON),1G,AMPOLLA,AMP,CAJA X 10,10,11/14/2021,EE-04485,SANDERSON
4052682028236,13,PIPERACILINA + TAZOBACTAM,4 g + 0.5 g,POLVO PARA SOLUCION PARA PERFUSION,INYECTABLE,VIAL,10,5/8/2023,EE05953,FRESENIUS KABI
4054839063893,13,VIVERA,,CAJA,STICKERS,Caja x 8 Sticks,,,DE-2114,Merck Peruana S.A.
4054839333248,13,CETROTIDE AMP CJA X 1,0.25 MG,AMPOLLA,AMP,CJA X 1,1,9/4/2018,EE01030,MERCK PERUANA S.A.
4054839333279,13,GONAL F 450UI/0.75ML INY CJA X 1,450 UI/0.75 ML,AMPOLLA,AMP,CJA X 1,1,8/4/2020,BE01011,MERCK PERUANA S.A.
4054839333354,13,SAIZEN 8UI/ML CJA X 1,8UI,AMPOLLA,AMP,CAJA X 1,1,1/29/2020,BE-00971,MERCK PERUANA
4054839415821,13,CONCOR AM 5MG/5MG,BISOPROLOL FUMARATO 5 MG+AMLODIPINO 5 MG,CAJA X 30 TABLETAS,CAJA X 30 TABLETAS,CAJA,30,9/1/2021,EE-05193,MERCK
4054839533006,13,CONCOR AM 5MG/10MG,BISOPROLOL FUMARATO 5 MG+AMLODIPINO 10 MG,CAJA X 30 TABLETAS,CAJA X 30 TABLETAS,CAJA,30,8/1/2021,EE-05185,MERCK
4086000005951,13,FRESUBIN HP ENERGY EMUL ORAL 1000ML X 8,1000ML,FRASCO,FCO,FRASCO,8,,PZN-01554410,SANDERSON
4086000007009,13,FRESUBIN ORIGINAL LIQ 1000ML,,BOLSA,BOL,BOLSA,1,,DE2347,FRESENIUS
4086000010030,13,DIBEN NEUTRO LIQ 500ML,,BOLSA,BOL,BOLSA,1,,DE2279,FRESENIUS
4104480700156,13,ABRILAR,20 MG/ML,GOTAS ORALES,GTS,FRASCO X 20 ML,1,,PNE0905,ROEMMERS
4104480705175,13,ABRILAR,,JARABE,JARABE,FRASCO,1,,PNE0273,ROEMMERS
4250104730013,13,PREVIDOL,400mg,CAJA,COMPRIMIDOS,400mg Caja Comp. Rec. x 50,,,PNE-1420,Lab. Bagó del Perú S.A.
4260095681966,13,KONAKION MM,10 mg/mL,SOLUCION INYECTABLE,INYECTABLE,AMPOLLA,5,2/15/2020,EE00729,SOLTON PHARMA
4260283460106,13,GRANULOX SPRAY X 12ML,10.00G,HEMOGLOBINA CARBOXILICA,SPRAY,FCO SPRAY X 12ML,1,,DM6823E,J&M ESPECIALIDAD FARMACEUTICA S.A.C.
431166160116,13,UREALETI,0.1,EMULSION,EMULSION,frasco x 200 ml,1,,E36769,BAGO
4600245659,13,ACIDO TRICLOACETICO,FCO AL 60%,FRSCO,FRASCO,FCO X 50 ML,1,,NO HAY EN STOCK,UCB
4700030090175,13,MELOXICAM,15mg,Tableta,Tableta,Caja Tab.,100,2/9/2014,EG6113,MC GLOBE
4700030090182,13,OMEPRAZOL,20mg,Cápsula de Liberación Retardada,Capsula,Caja Cap.,100,3/2/2014,EG6130,MC GLOBE
4704146120528,13,OXACILINA AMP 500MG X1 (VTL),,,,,1,,,VITALIS PERU S.A.C.
4716140007019,13,FLEXER,10MG,TABLETA,TABLETA,CAJA,100,,E21198,LABEX
4716140012136,13,LUNGTEC,10MG,TABLETA,TABLETA,CAJA,10,,E21126,EXRAM TRADE
4716140013713,13,MUSOLAX,150mg,Tableta,Tableta,Caja Tab.,10,2/22/2013,E20377,EXMEK
4716140026201,13,ACEMET,90MG,CAPSULA,CAPSULA,CAJA,10,,E21239,LABEX
4719854560337,13,AIR PORE 12 X 15CM,,,,,1,,,MEDSTYLE PERUANA S.A.C.
4968420506754,13,JERINGA DESCARTABLE X 20CC (N),,,,,1,,,NIPRO MEDICAL CORPORATION SUCURSAL DEL P
5000223074043,13,JELONET 10CM X 10CM X1,,,,,1,,,SMITH & NEPHEW MEDICAL LTDA.
5000455005990,13,DIPRIVAN,,AMPOLLA,AMPOLLA,CAJA,5,,E20621,ASTRA - ZENECA
5000455006010,13,NOLVADEX D,20mg,Comprimido Recubierto,Tableta,Caja Comp.,30,5/22/2010,E5516,ASTRAZENECA
5000455006072,13,ZOLADEX,3.6mg,Implante (Pellet),Implante,Amp.,1,3/13/2013,E20470,ASTRAZENECA
5000455006195,13,CASODEX,50mg,Tableta,Tableta,Caja Tab.,28,9/27/2011,E9823,ASTRAZENECA
5000455006423,13,MERONEM,1g,Polvo para Solución Inyectable,Inyectable,Caja Fco. Amp. X 1 g,1,9/25/2012,E14889,ASTRAZENECA
5000455006430,13,ZOLADEX LA,10.8mg,Implante (Pellet),Implante,Amp. Safe System,1,12/22/2009,E16961,ASTRAZENECA
5000455006614,13,ARIMIDEX,1mg,Tableta,Tableta,Caja Tab.,28,10/15/2011,E9846,ASTRAZENECA
5000455007130,13,DIPRIVAN-PFS,,JERINGA PRELLENADA,JERINGA PRELLENADA,JERINGA PRELLENADA,1,,E16882,ASTRA - ZENECA
5000455007253,13,SEROQUEL,25mg,Tableta,Tableta,Caja Tab.,30,9/8/2013,E11137,ASTRAZENECA
5000455007260,13,SEROQUEL,100mg,Tableta,Tableta,Caja Tab.,30,8/29/2013,E11104,ASTRAZENECA
5000455007277,13,SEROQUEL,200mg,Tableta,Tableta,Caja Tab.,30,1/19/2014,E21448,ASTRAZENECA
5000455007765,13,CASODEX TABX150MGX28,,,,,28,,,ASTRA ZENECA S.A
5000455017597,13,DIPRIVAN-PFS,,JERINGA PRELLENADA,JERINGA PRELLENADA,JERINGA PRELLENADA,1,,E20608,ASTRA - ZENECA
5000455017771,13,CRESTOR,10mg,Comprimido Recubierto,Tableta,Caja Comp.,28,3/10/2014,E16315,ASTRAZENECA
5000455017795,13,CRESTOR,20mg,Comprimido Recubierto,Tableta,Caja Comp.,28,3/10/2014,E16314,ASTRAZENECA
5000455017801,13,CRESTOR,20mg,Comprimido Recubierto,Tableta,Caja Comp.,7,3/10/2014,E16314,ASTRAZENECA
5000455017825,13,CRESTOR,10mg,Comprimido Recubierto,Tableta,Caja Comp.,7,3/10/2014,E16315,ASTRAZENECA
5000455018389,13,SEROQUEL,300mg,Tableta,Tableta,Caja Tab.,30,11/4/2009,E16874,ASTRAZENECA
5000455018471,13,FASLODEX,,JERINGA PRELLENADA,JERINGA PRELLENADA,JERINGA PRELLENADA,1,,E20870,ASTRA - ZENECA
5000455019164,13,SEROQUEL XR,200mg,Tableta,Tableta,Caja Tab.,30,10/28/2013,E21169,ASTRAZENECA
5000455019171,13,SEROQUEL XR,300mg,Tableta,Tableta,Caja Tab.,30,12/3/2013,E21290,ASTRAZENECA
5000455019188,13,SEROQUEL XR,50mg,Tableta,Tableta,Caja Tab.,30,12/5/2013,E21309,ASTRAZENECA
5000455019195,13,SEROQUEL XR,400mg,Tableta,Tableta,Caja Tab.,30,11/26/2013,E21264,ASTRAZENECA
5000455019485,13,FASLODEX,250 mg/5ml,JERINGRA-PRE,JERINGA,Caja,2,,E20870,FULVESTRANT
5000455019584,13,MERONEM 1 G AMP X 10 AMP,1gr,CAJA,CAJA,AMPOLLA,1,,,ASTRA
5000456010498,13,DIPRIVAN 1% I.V. JER.PRE X50ML,0.01,CAJA,CAJA,AMPOLLA,1,,,ASTRA
5000456010665,13,LYNPARZA 50MG CAP 4 FRASCOS X 112,50 MG,CAPSULA,CAP,CJA X 448,448,1/31/2022,EE04843,ASTRAZENECA PERU S.A.
5000456012706,13,RHINOCORT AQUA 64MCG X 120D,64MG,SOLUCION,frasco,,1,,,ASTRA
5000456012898,13,SYMBICORT,160/4.5 UG,FCO,FCO,FCO 120 DOSIS,1,9/1/2028,EE-01961,ASTRA - ZENECA
5000456013994,13,CASODEX 150MG,150MG,COMPRIMIDO,COMP,CAJA,28,,EE-02766,AZTRAZENECA
5000456018616,13,SYMBICORT RAPIHALER,160 µg + 4.5 µg/Dosis,Polvo para Inhalación,AEROSOL,Caja Envase Aerosol x 120 Dosis,1,9/14/2022,EE05282,ASTRAZENECA
5000456018623,13,SYMBICORT RAPIHALER 80/4.5 INH ORAL X 120 DOSIS,80/4.5,INHALADOR,INH,CAJA,1,,EE-05281,ASTRAZENECA
5000456021012,13,XIGDUO XR 10MG/1000MG,10MG/1000MG,COMPRIMIDOS,COMPRIMIDOS,CAJA,30,,EE-04965,ASTRA ZENECA
5000456021029,13,XIGDUO-XR COM 5/1000MG,5/1000mg,COMPRIMIDO,COM,CAJA,30,,EE04964,ASTRA - ZENECA
5000456021043,13,XIGDUO XR,5MG/1000 MG,COMPRIMIDO,COMPRIMIDO,CAJA X 30 UNIDADES,,,EE04964,ASTRAZENECA S.A.
5000456026871,13,SYMBICORT TURBUHALER,160 /4.5,FRASCO,POLVO,160 /4.5 Env. x 120 Dosis,,,E-14190,Lab. AstraZeneca Perú S.A.
5000456027366,13,TAGRISSO 80MG TAB CJA X 30,80 MG,TABLETA,TAB,CJA X 30,30,3/23/2023,EE05828,ASTRAZENECA PERU S.A.
5000456031134,13,TAGRISSO 40MG TAB CJA X 30,40 MG,TABLETA,TAB,CJA X 30,30,3/22/2023,EE05825,ASTRAZENECA PERU S.A.
5000456057592,13,PULMICORT 0.5 MG/ML CJA X 5,0.5 MG/ML,AMPOLLA,AMP,CJA X 5,5,5/30/2024,EE07399,ASTRAZENECA PERU S.A.
5000456057653,13,LYNPARZA TAB 150MG,150 mg,Tableta Recubierta,TABLETA,Caja Envase Blister Tableta Recubierta,56,7/18/2024,EE07568,ASTRA - ZENECA
5010706008359,13,LAMICTAL,50mg,Tableta Dispersable,Tableta,Caja Tab.,30,12/23/2010,E17974,GSK
5010706009264,13,LAMICTAL,5mg,Tableta Dispersable,Tableta,Caja Tab.,30,7/19/2012,E19585,GSK
5010706009271,13,LAMICTAL,25mg,Tableta Dispersable,Tableta,Caja Tab.,30,12/7/2010,E17913,GSK
5010706009295,13,LAMICTAL,100mg,Tableta Dispersable,Tableta,Caja Tab.,30,12/23/2010,E17975,GSK
5015919788821,13,FIRMAGON,80 mg.,VIAL,VIAL,VIAL,1,,E22138,FERRING
5015919788876,13,FIRMAGON,120% X 120 mg.,VIA,VIA,CAJA,2,,E22137,FERRING
50223497,13,INTRASITE GEL 25G,,,,,1,,,SMITH & NEPHEW MEDICAL LTDA.
5027314503176,13,MULTIFLORA,,POLVO,SACHETS,Oral Polvo Susp. Sachets x 14,,,DE-1451,Roemmers S.A.
5027314503206,13,MULTIFLORA PLUS CAP CJAX 30,100000000 UFC,CAPSULA,CAP,CJA X 30,30,9/15/2021,DE1449,MEGA LABS LATAM S.A.
5033439001121,13,ZINNAT,500MG,TABLETA,TABLETA,CAJA,50,,E20679,GLAXO
5033439011281,13,FLIXONASE,50MCG,SPRAY,SPRAY,FRASCO,1,,E12836,GLAXO
5033439026940,13,ULTIVA VIA 2MG,2MG,VIAL,VIA,CAJA,5,10/31/2018,E19191,GLAXO
5033439026957,13,ULTIVA,,AMPOLLA,AMPOLLA,CAJA,5,,E19192,GLAXO
5033439027510,13,ZINNAT,250mg/5mL,Suspensión Oral,Suspension,Fco. X 70 mL,1,4/29/2012,E14588,GSK
5033439032965,13,AVAMYS 27.5mcg Nasal Spray x 120 Dosis,27.5 MCG,FRASCO,FCO,CJA X 1,1,7/11/2018,EE03313,GLAXO SMITH KLINE PERU S.A
5033439033795,13,AVAMYS,27.5mcg/dosis,Spray Nasal,Solucion Nasal,Spray X 120 Dosis,1,7/11/2013,E20836,GSK
5034642019729,13,SERETIDE DISKUS,50mcg+250mcg,Inhalador,Inhalador,Caja Env. X 60 Dosis,1,8/31/2009,E12125,GSK
5034642019736,13,SERETIDE DISKUS,50mcg+500mcg,Aerosol para Inhalación,Inhalador,Caja Env. X 60 Dosis,1,8/31/2009,E12122,GSK
5034642021524,13,SERETIDE DISKUS,250/50,POLVO,POLVO,FRASCO,1,,E12125,GLAXO
5034642021531,13,SERETIDE DISKUS,500/50,POLVO,POLVO,FRASCO,1,,E12122,GLAXO
5034642028615,13,NARAMIG,2.5mg,Tableta,Tableta,Caja Tab.,6,11/19/2013,E11326,GSK
5050251007261,13,SPECTRODERM,,Crema,Crema,Caja Tbo. X 15 g,1,9/9/2013,E21008,GSK
5050258003921,13,AUGMENTIN,400mg/57mg /5ml,Polvo para Suspensión Oral,Suspension,Fco. X 70 mL,1,10/5/2013,E20638,GSK
5060130440089,13,CLINELL,2%,SACHET,SACHET,CAJA x 200 sachet,200,5/31/2016,E16415IMM,HEMOCARE PERU S.A.
5060183630932,13,HEPARINA SODICA 5000 UI/ML HEMONOR,,SOLUCION INYECTABLE,SOLUCION INYECTABLE,CAJA X 50 UNIDADES,,,BE00667,NORDIC PHARMACEUTICAL CO.
5060292653532,13,CIRCADIN LP 2MG TAB X30 (BIOP),2MG,TABLETA,TAB,CAJA X 30,30,,EE-01796,LABORATORIOS BIOPAS
5099864009972,13,LECHE SIMILAC 1,,POLVO,POLVO,TARRO,1,,I1002112E,ABBOTT
5337872411052,13,KERIUM ANTICAIDA SPRAY FRASCO X 125 ML(LRP),125ML,SPRAY,SPRAY,UNIDAD,1,,54N510,LA ROCHE POSAY
5390387104206,13,ROWATANAL,,Crema,Crema,Tubo X 26 g,1,9/29/2011,E18817,DROG. REYES
5390387601033,13,ROWATINEX,,Cápsula Blanda,Capsula,Caja Cap.,100,5/26/2013,E20683,DROG. REYES
5390387602030,13,ROWACHOL,,Perla,Perla,Caja Tab.,100,10/20/2012,E1465,DROG. REYES
5391296000108,13,NORDETTE,30mcg+150mcg,Gragea,Tableta,Caja Grag.,1,8/9/2010,E13113,PFIZER
5391523050234,13,ENSURE VAINILLA,400G,POLVO,POLVO,LATA 400 G,1,,P2966912E7NAABLB,ABBOTT
5391523050241,13,ENSURE VAINILLA,900 g,polvo,polvo,Lata x 900 g,1,2/28/2016,P2966912E,ABBOTT
5391523051842,13,SIMILAC 1 EYE Q POLVO LATA X 850 G (ABB),850G,POLVO,POLVO,LATAX 850G,1,,I1000614E/NAABLB,ABBOT
5391523051859,13,SIMILAC 2 EYE Q POLVO LATA X 850 G (ABB),850G,POLVO,POLVO,LTAX 850G,,,I1000714E/NAABLB,ABBOT
5391523055024,13,ENSURE NG VAINILLA POLVO LATA X 850G,,POLVO,POLVO,LATA X 850 G,,,I4100315ENAABLB,ABBOTT LABORATORIOS S.A
5391523056526,13,LECHE SIMILAC 1 PLV 400G (ETAPA 1),0.00,TARRO,TAR,TARRO,1,,I100071,ABBOTT
5391528870110,13,ALFLOREX,20 mg,POLVO PARA SUSPENSION ORAL,SUSPENSION,CAJA SACHET,14,2/28/2023,DE2562,AXON PHARMA
5412039296005,13,XALATAN,0.01%,Gotas Oftálmicas,Solucion Oftalmica,Fco. Got. X 2.5 mL,1,9/14/2009,E12160,PFIZER
5412895022180,13,DUOVISC (PROVISC+VISCOAT),,CAJA,CAJA,CJA,1,,E25455IMM,ALCON PHARMACEUTICAL
5413787001675,13,CIMZIA 200MG/ML INY CJA X 2 JER (BIOPAS),200 MG/ML,AMPOLLA,AMP,CJA X 2,2,7/21/2019,BE00950,LABORATORIOS BIOPAS S.A.C.
5413787006601,13,NOOTROPIL,1.2g,Tableta,Tableta,Caja Tab.,20,11/12/2013,E21230,GSK
5413787009602,13,KEPPRA,100mg/mL,Solución Oral,Solucion,Fco. X 300 mL,1,8/27/2012,E19709,GSK
5413787111107,13,KEPPRA,1g,Tableta,Tableta,Caja Tab.,30,9/1/2011,E18717,GSK
5413787111114,13,KEPPRA,500mg,Tableta,Tableta,Caja Tab.,30,6/7/2012,E19467,GSK
5413895000164,13,ALCAINE GTS OFT 0.5% 15ML,0.5%,GOTAS OFTALMICAS,GOTAS OFTALMICAS,FRASCO,1,,E21588,ALCON
5413895000782,13,NAPHCON,0.01%,Gotas Oftálmicas,Solucion Oftalmica,Fco. Got. X 15 mL,1,2/28/2011,E9258,ALCON
5413895006319,13,MAXITROL UNGx3.5GR,,,,,1,,,ALCON PHARMACEUTICAL DEL PERU S.A.
5413895015779,13,TOBRADEX UNG OFT 0.1%/0.3% 3.5G,0.1%/0.3%,UNGUENTO OFTALMICO,UNGUENTO OFTALMICO,TUBO,1,,E21571,ALCON
5413895021251,13,DUOTRAV,40mcg+5mg/mL,Solución Oftálmica,Solucion Oftalmica,Fco. Got. X 2.5 mL,1,8/13/2012,E19660,ALCON
5413895021466,13,AZARGA,10mg+5mg/mL,Suspensión Oftálmica,Suspension Oftalmica,Caja Fco. Got. X 5 mL,1,7/5/2015,E22298,ALCON
5413895022180,13,DUOVIS SIATEMA VIOELASTICO,0.55ML +0.50ML,JERINGA,jeringa,CJA,1,12/30/2020,DM10344E,ALCON
5413895026171,13,TRAVATAN GTS OFT 0.004% 2.50ML,0.004%,GOTAS OFTALMICAS,GOTAS OFTALMICAS,FRASCO,1,,E22805,ALCON
5413895026669,13,LAGRIMAS-NATURALES GOTx15ML,,,,,1,,,ALCON PHARMACEUTICAL DEL PERU S.A.
5413895027420,13,TOBREX 0.3% SOL,0.003,GOTAS,GTS,FRASCO X 5 ML,1,,E147100,ALCON
5413895027710,13,PROVISC 1% SOL JGA PRELL X 0.55ML(ALC),0.01,Solucion inyectable,Solución,frasco,1,1/6/2016,DM1688E,ALCON
5413895028526,13,DUOTRAV,40 MCG/5,GOTAS,GTS,GOTAS X 2.5 ML,1,2/1/2020,E-19660,ALCON
544001,13,BESONIN AQUA,64MCG 120 DOSIS,SPRAY,SPRAY,FRASCO,1,,E21407,LABEX
557328,13,REDERMIC C10 SERUM FACIAL TUBO X 30 ML,30 ML,FRASCO,FCO,CREMA,,,NSOC26231 -16PE,LA ROCHE POSAY
5600068013650,13,UREADIN,0.3,CREMA,CREMA,FCO,1,,NSOC17521-14PE,ISDIN
5600360010050,13,BETASPORINA IM,1G,AMPOLLA,AMP,UNIDAD,1,11/30/2019,E-7311,ATRAL DEL PERU
5600360010067,13,BETASPORINA,1g,Polvo para Solución Inyectable,Inyectable,Fco. Amp.,1,12/30/2013,E7279,PHARBAL
5600360010098,13,CLAVOXILIN PLUS,875mg+125mg,Tableta Recubierta,Tableta,Caja Tab.,8,9/5/2013,E15824,PHARBAL
5600360010142,13,MAXICEF,400MG,COMPRIMIDO,COMPRIMIDO,CAJA,8,,E14887,ATRAL
5600360010173,13,VARIMINE STRESS,,Comprimido,Tableta,Caja Comp.,20,6/27/2010,E8474,PHARBAL
5600360010197,13,ZINASEN,10mg,Comprimido,Tableta,Caja Comp.,20,12/30/2013,E7261,PHARBAL
5600360011293,13,MAXICEF,100mg/5mL,Suspensión,Suspension,Fco. X 120 mL,1,8/15/2012,E14818,PHARBAL
5600360011415,13,CLAVOXILIN PLUS,250mg/120ml,FRASCO,SUSPENSIÓN,250mg Susp. x 120ml,1,12/10/2019,EE-00658,Grupo Atral-Cipan
5600360011453,13,CLAVOXILIN PLUS 400,AMOXICILINA + ACIDO CLAVULANICO 400mg/5ml +57mg/5ml,POLVO PARA SUSPENSIÓN ORAL X 100 ml,P/SUSP.,SUSPENSIÓN ORAL,1,9/1/2018,E-18232,ATRAL CIPAN
5600360012306,13,DICLORAL SPRAY,DICLOFENACO 0.074 %,FRASCO,FRASCO,FRASCO,1,,E-00311,ATRALCIPAN
5600360012733,13,CLAVOXILIN PLUS FORTE,250 mg + 62.5 mg/5 mL,POLVO PARA SUSPENSION ORAL,SUSPENSION,FRASCO x 60 mL,1,12/10/2019,EE00658,ATRAL-CIPLAN
5600360012887,13,AMOXIDAL PLUS,875 mg + 125 mg,Comprimido Recubierto,TABLETA,Caja Envase Blíster Comprimidos Recubiertos,20,6/13/2023,EE06071,ROEMMERS
5600360012894,13,AMOXIDAL PLUS,400 mg + 57 mg/5 mL,POLVO PARA SUSPENSION ORAL,SUSPENSION ORAL,FRASCO x 100 mL,1,7/3/2023,EE06131,ROEMMERS
5600360012900,13,CLAVOXILIN PLUS,600mg /5ml+49.5mg/5ml,Polvo para suspensión oral,polvo para suspensión,600mg /49.5mg/5m Oral Polvo Susp. Fco. x 75ml,1,11/1/2020,EE - 05890,ATRAL-CIPAN)
5600690127008,13,ONCASPAR 3750 UI SOL. P/INYECCION  VIAL X 5ML (BAXALTA),3750 UI,SOLUCION PARA INYECCION,SOLUCION PARA INYECCION,CAJA X VIAL X 5 ML,1,,C-007-21-EX-A,BAXALTA us inc.
5605709179023,13,DOXIUM 500,500mg,Cápsula,Capsula,Caja Cap.,100,12/27/2012,E20115,OM PHARMA
5690528199024,13,NEOTIGASON,25% X 25 mg.,CAPSULA,CAP,CAJA,30,,E22364,SOLTON PHARMA
5702191005400,13,FUCIDIN,2%,Crema,Crema,Tubo X 15 g,1,4/2/2012,E19281,QUILAB
5702191011401,13,FUCICORT 20 MG/1 MG  CRM X 15G (BIOPAS),20 MG + 1 MG/GR,CREMA,CRM,CJA X 1,1,3/31/2021,EE02839,LABORATORIOS BIOPAS S.A.
5702191021288,13,DAIVOBET,50 µg + 0.5 mg /g,Gel,JALEA,Caja Frasco Dispensador x 30 g,1,4/27/2023,EE05929,BIOPAS
571567,13,HEDILAR FORTE,70mg /5ml Jbe. x 100ml,JARABE X 100ML,JBE.,JARABE,1,12/1/2018,PNE-1112,ABL PHARMA
5997001306130,13,ESMYA,5 MG.,COMPRIMIDOS,COMPRIMIDOS,CAJA,28,,EE-00783,GEDEON RICHTER
5997001309728,13,LENZETTO 1.53 MG/DOSIS,"1.53MG/DOSIS - 8,1 ML",SPRAY,SPY,CAJA X 1,1,,EE-05501,GEDEON RICHTER
5997001367513,13,CURIOSIN X 30 G GEL,30G,GEL,GEL,CAJA X 1,1,,DM11949E,GEDEON RICHTER
6001390118133,13,ALDOMET,250mg,Tableta,Tableta,Caja Tab.,30,1/5/2008,E6395,MERCK SHARP DOHME
6001390118270,13,ALDOMET,500MG,TABLETA,TABLETA,CAJA,30,,E22437,BIOTOSCANA
6001390124479,13,ALDOMET,250 MG.,TABLETAS,TABLETAS,CAJA,30,,E-22436,ASPEN
600360012306,13,DICLORAL 0.074%,0.00074,DICLOFENACO 0.074 ENJUAGUE,DICLORAL 0.074%,Frasco x 120ml,1,1/5/2017,EE-00311,ATRAL DEL PERU
6091403201808,13,ZYLORIC,100MG,TABLETA,TABLETA,CAJA,30,,E14350,BIOTOSCANA
6091403202232,13,ZYLORIC,300MG,TABLETA,TABLETA,CAJA,30,,E14348,BIOTOSCANA
6091403202539,13,ARIXTRA,7.5 MG/ 0.6 mL,INYECTABLE,INY,CAJA X 2,2,,R.S. N°:E-18541,Aspen Peru S.A
6091403215294,13,ARIXTRA,2.5 mg/0.5 mL,SOLUCION INYECTABLE,INYECTABLE,JERINGA PRELLENADA  x 0.5 mL,2,5/15/2022,EE01488,ASPEN
6091403215959,13,METICORTELONE 5MG/5ML,5 mg,Solucion oral,Sol Oral,Frasco x 120 ml,,,EE01882,LABORATORIOS ASPEN S.A.
6091403215973,13,METICORTELONE FORT 15MG X 60ML,15MG,SOLUCION,,FRASCO,1,,,SCHERING
6091403216000,13,OVESTEIN OVULOS,0.5 MG,OVULOS,OVU,CAJA X 10,1,8/1/2020,i-585i,ASPEN
612197111119,13,ESPESANTE,,TARRO,TARRO,TAR *   1,1,6/13/2014,,VICTUS
612197522229,13,PROTEINEX POWDER,275 GR,Suplemento nutricional en polvo,polvo,LATA X 275 GR,1,,DE-1739,VICTUS
612197700108,13,GLUTAPAK-10,10g,polvo,polvo,sobrex10g,1,1/31/2016,DE1232,HEMOCARE PERU S.A.
612197700221,13,GLUTAPAK-R,,POLVO,POLVO,CAJA,50,,DE0876,VICTUS
612197711104,13,GLUTAPAK 10 SOBRE 15GR,"66,67%",SOBRE,SBR,CJA X 10,10,12/21/2019,DE1232,DISTRIBUIDORA CONTINENTAL 6 S.A.
6127970033983,13,GENTEAL GEL,10G,GEL OFTALMICO,GEL OFT.,GEL OFTALMICO,1,1/6/2017,E-15655,NOVARTIS
6250413732002,13,THYROGEN ALFA 0.9MG/ML,0.9MG,FRASCO,FCO,FCO/VIAL,1,,G25041,GENZYME DEL PERU
626763000981,13,CYSTISTAT 40MG/50ML SOL. X 1,40 MG,SOLUCION ESTERIL,SOLUCION ESTERIL,SOL.X1,1,9/1/2020,DM9540E,PHARMARIS
650240001864,13,CICATRICURE GEL,GEL HIDRATANTE,TUBO X 60 GR,TUBO X 60 GR,TUBO,1,1/8/2018,NSOC56946-13CO,GENOMMA LAB
650240028724,13,BIO ELECTRO TAB. X 48,250/65,TABLETAS,TABLETAS,CAJA,48,,EN-00023,GENOMMA
6502556812141,13,VALSARTAN 80MG ( AC FARMA),80MG,TABLETAS,Comprimidos,tabletas,1,1/2/2018,N-19743,ac farma
6709605151318,13,KETOPROFENO GELX2.5%X60GR (GF),,,,,1,,,GENFAR PERU S.A.
677683068803,13,CANENTAVIR 1MG TAB X 30  (PHARMARIS),1 MG,TABLETA,TAB,CJA X 30,30,8/31/2022,EE05235,PHARMARIS PERU SAC
677683068810,13,CANENTAVIR,0.5 mg,TABLETA RECUBIERTA,TABLETA,CAJA TAB,30,9/4/2022,EE05255,PHARMARIS
6800018123340,13,MICOSTOP,250mg,Comprimido,Tableta,Caja Comp.,28,7/25/2010,E13084,ABL PHARMA
6901046401599,13,ASPARAGINASA,"10,000UI",VIAL,VIA,VIA,1,,EE00832,BEIJING SHUANGLU PHARM
6921665001055,13,BECLOMETASONA AERX50MCGX200DOSIS (TP),,,,,1,,,TORRES PHARMA S.A.C.
6921665001062,13,BECLOMETASONA AERX250MCGX200DOSIS (TP),,,,,1,,,TORRES PHARMA S.A.C.
6921665001079,13,BUDESONIDA,200mcg/dosis,Suspensión,Suspension,Env. X 200 Dosis,1,8/8/2010,EG4686,TORRES PHARMA
6921665001154,13,SALBUTAMOL + BROMURO DE IPRATROPIO,100mcg+20mcg/dosis,Aerosol para Inhalación,Inhalador,Aer. X 200 Dosis,1,6/27/2011,EG5050,TORRES PHARMA
6921665001222,13,SALBUTAMOL,100mcg,Aerosol para Inhalación,Inhalador,200 Dosis,1,10/17/2013,E21138,TORRES PHARMA
6922619400054,13,REDUX AMPX50UIX1,,,,,1,,,REFASA S.A.C.
6923564238716,13,ERITROPOYETINA ALFA 2000 UI,2000UI,AMPOLLA,AMP,CAJA X 1 UNIDAD,1,,BE00872,SHANDONG KEXING BIO PRODUCTS
6938741600149,13,PROLONGIN,80 mg/0.8 mL,Solución Inyectable,INYECTABLE,Jeringa Prellenada x 0.8 mL,1,,BE00495,PHARMAGEN
6938741600262,13,PROLONGIN,40MG/0.4 ML,SOLUCION INYECTABLE,SOL. INY.,CAJA X 2 AMPOLLAS,2,,BE-00588,PHARMAGEN
6953462900095,13,PICOPREP PLV 10MG/3.5G 12G,10mg/35g,CAJA,CJA,CAJA,1,,EE03588,BIOPAS
697177004438,13,ADACEL,,VIAL,VIAL,VIAL,1,,BE00571,SANOFI-AVENTIS
700411432,13,ENSURE ADVANCE VAINILLA FCO X 237ML,237 ML,FRASCO,FRASCO,FRASCO,1,,1410013E,ABBOTT LABORATORIOS S.A.
7007411798,13,GLUCERNA TRIPLE CARE,237 ML,Lata,Lata,Lata,1,,I4101013E/NAABLB,ABBOTT
7007440699,13,PULMOCARE FCO X 237 ML,FCO X 237 ML,FCO X 237 ML,FCO X237 ML,FCO X 237 ML,1,,DE-1186,ABBOTT NUTRITION
7037960636904,13,OMNISCAN,287% X 287 mg.,VIA,VIA,CAJA,10,,ADE0071,BAGO
7037960636980,13,VISIPAQUE 320 MG X 100 ML,320mg,CAJA,CAJA,AMPOLLA,1,,,BAGO
7071726874827,13,SERETIDE EVOHALER,25mcg+50mcg,Suspensión para Inhalación,Inhalador,Aer. X 120 Dosis,1,7/15/2009,E16611,GSK
7071726874995,13,SERETIDE INHALADOR CD ,25 /125mcg,Inhalador,Inhalador,25 /125mcg Inhal. x 120 Dosis,1,11/1/2019,E - 22779,GSK
7071726875053,13,SERETIDE EVOHALER,250mcg,Suspensión para Inhalación,Inhalador,Aer. X 120 Dosis,1,7/15/2009,E16610,GSK
7150307000388,13,DEXTROSA 5%,0.05,SOLUCION,SOLUCION,FRASCO X 100 ML,1,,NG2867,B-BRAUN
7150831008386,13,DOLOMELOXIC,15MG+500MG,TABLETA,TAB,CAJA X 60 UNIDADES,60,,N246960,MEDCO
7153820007056,13,AMFOTERECINA B 50 MG,50MG/ML,AMPOLLA,AMP,CAJA X 1 UNIDAD,1,,EG5192,PFIZER
7227762006810,13,SPLENDA SACHETS X 200,,sobre,caja,,200,,,JOHONSON
7300651431247,13,SYSTANE ULTRA,"0,004",GOTAS OFTALMICAS,GOTAS OFTALMICAS,FRASCO,1,,EE-02567,ALCON
730979097185,13,XUMER 120 MG,120 MG,COMPRIMIDO,COMPRIMIDO,CAJA X 7 UNIDADES,7,,EE04993,TECNOFARMA
7315517700118,13,BIOFIL,225mg/5mL,Crema Vaginal,Crema Vaginal,Caja X 7 Tbo. Aplicadores,1,2/15/2013,E20335,BIOPAS
732013080044,13,ULTRA SMOOTHING,,CREMA,CREMA,TUBO,1,,NSOC001870,NEOSTRATA
732013080112,13,ULTRA SMOOTHING,,LOCION,LOCION,FRASCO,1,,NSOC001860,NEOSTRATA
732013086091,13,NEOSTRATA PROBLEM DRY SKIN CREMA X 100 G (MST),,CREMA,CREMA,POTE X 100 G,,,NSOC04804-10P,MEDSTYLE PERUANA S.A.C.
732013088088,13,HQ SKIN LIGHTENING GELX30GR,,,,,1,,,MEDSTYLE PERUANA S.A.C.
732013300135,13,NEOSTRATA CELLULAR RESTORATIONCREMA TUBO X 50 G (MEDSTYLE),,CREMA,CRE,TUX50G,1,,NSOC14249-13PE,MEDSTYLE S.A.
7321831610996,13,RHINOCORT AQUA,64MCG 120 DOSIS,SPRAY,SPRAY,FRASCO,1,,E19075,ASTRA - ZENECA
7321831611962,13,SYMBICORT TURB,160/4.5,INHALACION,INHALACION,FRASCO,1,,E14190,ASTRA - ZENECA
7321831612006,13,SYMBICORT TURB,160/4.5,INHALACION,INHALACION,FRASCO,1,,E14190,ASTRA - ZENECA
7321831612013,13,RHINOCORT AQUA,64 MCG,SPRAY,SPRAY,64mcg Nasal Spray x 120 Dosis,1,,E-19140,LAB. ASTRAZENECA
7321831612198,13,SYMBICORT TURBUHALER,320mcg+9mcg,Polvo para Inhalación,Inhalador,Env. X 60 Dosis,1,11/30/2009,E16925,ASTRAZENECA
7321831620339,13,ATACAND PLUS,16mg+12.5mg,Tableta,Tableta,Caja Tab.,14,9/3/2009,E16715,ASTRAZENECA
7321831621466,13,ATACAND,32mg,Tableta,Tableta,Caja Tab.,14,11/13/2012,E19969,ASTRAZENECA
7321831621657,13,NEXIUM 10 MG,10MG,POLVO,POLVO,CAJA X 28 UNIDADES,28,,E223100,ASTRAZENECA
7321831621886,13,NEXIUM,20MG,COMPRIMIDO,TABLETA,CAJA COMP.,28,11/22/2011,E018947,ASTRAZENECA
7321831621923,13,NEXIUM,40mg,Comprimido,Tableta,Caja Comp.,14,11/21/2011,E18943,ASTRAZENECA
7321831691612,13,VANNAIR,80mcg+4.5mcg,Inhalador,Inhalador,Caja Tbo. X 120 inhalac.,1,10/31/2013,E21184,ASTRAZENECA
7321831691629,13,VANNAIR,160mcg+4.5mcg,Inhalador,Inhalador,Caja Tbo. X 120 inhalac.,1,10/31/2013,E21183,ASTRAZENECA
7321837702589,13,BETALOC ZOK,25mg,Comprimido,Tableta,Caja Comp.,14,3/22/2010,E17212,ASTRAZENECA
7321839710995,13,RHINOCORT AQUA,64mcg/dosis,Suspensión,Suspension,Caja Fco. X 120 Dosis + Valvula Dosif.,1,1/10/2012,E19075,ASTRAZENECA
7321839712005,13,SYMBICORT TURBUHALER,160mcg+4.5mcg,Polvo para Inhalación,Inhalador,Env. X 120 Dosis,1,10/29/2011,E14190,ASTRAZENECA
7321839712012,13,RHINOCORT AQUA,32mcg/dosis,Suspensión,Suspension,Caja Fco. X 120 Dosis + Valvula Dosif.,1,2/8/2012,E19140,ASTRAZENECA
7321839720154,13,BETALOC ZOK,100mg,Comprimido,Tableta,Caja Comp.,30,3/22/2010,E17207,ASTRAZENECA
7321839720185,13,BETALOC ZOK,50mg,Comprimido,Tableta,Caja Comp.,30,3/22/2010,E17210,ASTRAZENECA
7321839721373,13,ATACAND,8mg,Tableta,Tableta,Caja Tab.,28,12/30/2009,E12486,ASTRAZENECA
7321839721397,13,ATACAND,16mg,Tableta,Tableta,Caja Tab.,28,12/30/2009,E12490,ASTRAZENECA
7321839721878,13,NEXIUM,20mg,Comprimido,Tableta,Caja Comp.,14,11/22/2011,E18947,ASTRAZENECA
7321839721885,13,NEXIUM,20mg,Comprimido,Tableta,Caja Comp.,28,11/22/2011,E18947,ASTRAZENECA
7321839721922,13,NEXIUM,40mg,Comprimido,Tableta,Caja Comp.,14,11/21/2011,E18943,ASTRAZENECA
7340022100009,13,AMINOVEN 10%/500 ML AMP CJA X 1,0.1,AMPOLLA,AMP,CJA X 1,1,4/25/2022,EE02461,FRESENIUS KABI PERU S.A.
7350012550585,13,BIOGAIA,6.3X10^8UFC/ML,GOTAS ORALES,GOTAS ORALES,FRASCO X 5 ML,1,,DE12350,RECALCINE
7350012550592,13,BIOGAIA SAB LIMON 26.5 COMP MA CJA X 10,26.5 MG,COMPRIMIDO,COM,CJA X 10,10,5/20/2024,DE1856,FARMINDUSTRIA S.A
7350012551537,13,BIOGAIA SAB LIMON,26.5MG,TABLETA,TAB,CAJA X 10 TABLETA,10,,DE01231,RECALCINE
7350012551681,13,BIOGAIA,5ML,GOTAS,GOTAS,FRASCO,1,,DE-1971,FARMINDUSTRIA
736085048063,13,TRAZIDEX UNG OFT 0.1%/0.3% 3.5G,0.1%/0.3%,UNGUENTO OFTALMICO,UNGUENTO OFTALMICO,TUBO,1,,E19084,SOPHIA
736085053883,13,MODUSIK-A OFTENO 0.1% GOTA OFTALMICA X5ML,0.1%,SOLUCION OFTALMICA,SOLUCION OFTALMICA,FRASCO,1,,EE05800,LABOFTA
736085098334,13,IMOT OFTENO 0.5% GOTA OFTALMICA FRA X15ML,0.5%,SOLUCION OFTALMICA,SOLUCION OFTALMICA,FRASCO,1,,EE03859,LABOFTA
736085114041,13,METICEL OFTENO 0.5% GOTA OFTALMICA X 10ML,0.5%,SOLUCION OFTALMICA,SOLUCION OFTALMICA,FRASCO,1,,EE04116,LABOFTA
736085126006,13,NAPHACEL OFTENO 0.5% GOTA OFTALMICA X15ML,0.5%,SOLUCION OFTALMICA,SOLUCION OFTALMICA,FRASCO,1,,EE04828,LABOFTA
736085181883,13,SOPHIPREN OFTENO 1% GOTA OFTALMICA X 5ML,1%,SOLUCION OFTALMICA,SOLUCION OFTALMICA,FRASCO,1,,EE04903,LABOFTA
736085182767,13,SOPHIXIN,0.003,FRASCO,FRASCO,FCO *   1,1,1/15/2014,E0187740001,SOPHIA
736085278385,13,TRAZIDEX OFTENO GTAS X 5 ML,,,,,1,,,LABORATORIOS OFTALMICOS S.A.C.
736085278439,13,AZ OFTENO 0.05% GOTA OFTALMICA FRA X 5ML,0.005%,SOLUCION OFTALMICA,SOLUCION OFTALMICA,FRASCO,1,,EE04095,LABOFTA
736085280005,13,LAGRICEL OFTENO 4MG/ML UNIDOSIS X0.5ML,4 MG/ML,SOLUCION,SOLUCION,FRASCO,1,,EE05214,LABOFTA
736085290202,13,GAAP 0.005% GOTA OFTALMICA FRA X 3ML,0.005%,SOLUCION OFTALMICA,SOLUCION OFTALMICA,FRASCO,1,,EE06165,LABOFTA
736085405156,13,LAGRICEL OFTENO UNIDOSIS X 20 (SOPHIA),4mg,GOTAS,GTAS,UNIDOSIS X 20,1,1/5/2017,E-18847,SOPHIA
736085405378,13,KRYTANTEK OFTENO GOTAS FCO X 5 ML,0,,,,1,,E20406,LABORATORIOS OFTALMICOS S.A.C.
736085405996,13,AZ OFTENO,0.0005,Solución Oftálmica,SOLUCION OFTALMICA,Caja Frasco Gotero x 5 mL,1,9/13/2021,EE04095,LAB. OFTALMICOS
736085409642,13,PONTI OFTENO FCO X 10 ML,,,,,1,,,LABORATORIOS OFTALMICOS S.A.C.
736085409666,13,KRYTANTEK GTS OFT 2%/0.2%/0.5% 5ML,2%/0.2%/0.5%,GOTAS OFTALMICAS,GOTAS OFTALMICAS,FRASCO,1,,E20406,SOPHIA
736085410099,13,3A,0.1% / 5 ML,GOTAS OFTALMICAS,GOTAS OFTALMICAS,FRASCO,1,,E18788,SOPHIA
736085410112,13,SOPHIXIN DX OFTENO GTS OFT X 5ML (SOP),0.003,solución oftálmica,SOL,SOLUCION,1,,E-19524,LAB OFTALMICOS SOPHIA
736085410471,13,FLUMETOL NF GOTAS X 5 ML OFT - (SOPHIA),0.001,GOTAS,GTAS,FCO X 5ML,1,1/8/2017,EE-01020,SOPHIA
736085410495,13,COXYLAM OFTENO,0.0003,FRASCO,GOTAS,0.03% Fco. x 5ml,,,E-19350,Laboratorios Oftálmicos Sophia S.A.C.
736085410624,13,GAAP OFTENO,0.005%,Solución Oftálmica,SOLUCION OFTALMICA,Caja Frasco Gotero x 3 mL,1,9/15/2021,EE06165,LAB. OFTALMICOS
736085410693,13,METICEL 0.3%  GTS OFT (SOPHIA),"0,30%",FRASCO,FCO,CJA X 1,1,9/25/2021,EE04116,LABORATORIOS OFTALMICOS S.A.C.
736085410860,13,TRAZIDEX UNGENA,0.3% + 0.1%,Ungüento Oftálmico,UNGUENTO OFTALMICO,Caja Tubo x 3.5 g,1,1/16/2022,EE04748,LAB. OFTALMICOS
736085413083,13,DUSTALOX 0.4% - GTS OFT,,FRASCO,FCO,FRASCO,1,,EE03672,SOPHIA
7401036100505,13,TRENTAL GRAX400MGX1,,,,,1,,,AVENTIS PHARMA
7406042018165,13,TONVAL,40mg,Comprimido Recubierto,Tableta,Caja Comp.,14,12/10/2013,E21322,ROEMMERS
7406042018318,13,TONVAL LIOF 40MG AMP/VIAL,,,,,1,,,LABORATORIOS PANALAB DEL PERU S.A.C.
7406042054149,13,MECAFLEX,1.5g+1.2g,Polvo para Solución Oral,Solucion,Sobre X 5 g,30,10/25/2010,E17730,ROEMMERS
7406042076219,13,CLINDOX,1%,Gel,Gel,Tubo X 50 g,1,12/3/2013,E16049,ROEMMERS
7406042076318,13,CLINDOX,1%,Solución,Solucion,Fco. Roll-on X 50 mL,1,10/2/2013,E15887,ROEMMERS
7406042087123,13,ESTABINOL,100mg,Comprimido,Tableta,Caja Comp.,30,3/25/2013,E20506,ROEMMERS
7406042101119,13,PANAGREL,75mg,Comprimido,Tableta,Caja Comp.,28,4/14/2013,E20573,ROEMMERS
7406042105124,13,PONARIS,500mg,Comprimido Recubierto,Tableta,Caja Comp.,7,3/27/2013,E20516,ROEMMERS
7406042105315,13,PONARIS,500mg,FRASCO,AMPOLLA,500mg IV Iny Vial x 1,,,EE-01383,Roemmers S.A.
7406042111415,13,URZAC FLEX,,Comprimido,Tableta,Caja Comp.,10,1/16/2011,E18052,ROEMMERS
7406048002069,13,LATIXA,500 MG.,COMPRIMIDOS,COMPRIMIDOS,CAJA,30,,EE-03208,MENARELI
7415100400101,13,AZIBAY,500mg,Comprimido Recubierto,Tableta,Caja Comp.,3,9/10/2013,E21016,BAYER
7415100400136,13,LOSARBON,100mg,Tableta Recubierta,Tableta,Caja Tab.,30,12/12/2013,E21332,BAYER
7415100400156,13,LOSARBON 100M,100MG,TABLETA,TAB,CAJA X 30 UNIDADES,30,,E021332,BAYER
7415100413736,13,LOSARBON,50mg,Comprimido Recubierto,Tableta,Caja Comp.,30,2/12/2013,E20314,BAYER
7415100474362,13,ADALAT-OROS,30MG,TABLETA,TAB,CAJA,20,,EE02623,BAYER
7415100474393,13,ADALAT OROS 60 MG X 20,60MG,CAJA,CAJA,TABLETAS,20,,,BAYER
7441024723002,13,AFTOTEX SOL BUCAL,15 ML,solucion,frasco,frasco x 1,1,1/10/2015,311063,MEDIGRAY
7441024723101,13,AFTOTEX SOL BUCAL,30 ML,solucion,frasco,frasco x 1,1,1/10/2015,321063,MEDIGRAY
7441024723309,13,TROFODERMAX AEROSOL,,Aerosol,Inhalador,Fco. Aer. x 30g,1,,E226690,DROG. LUKOLL S.A.C.
7441024723705,13,FUSIBIOTIC,2 gr,Crema,Crema,Tubo x 20 gr,1,,E22927,LUKOL SAC
7441026001276,13,PANADOL ANTIGRIPAL NF NIÑOS,,Jarabe,Solucion,Fco. X 60 mL,1,8/15/2012,E14820,GSK
7441026001283,13,PANADOL INFANTIL,,Gotas,Solucion,15 mL,1,9/13/2007,N12960,GSK
7441033602626,13,SINGULAIR,5mg,Comprimido Masticable,Tableta,Caja Comp.,30,5/4/2013,E10860,MERCK SHARP DOHME
7441033602725,13,SINGULAIR,10mg,Comprimido Recubierto,Tableta,Caja Comp.,30,4/28/2013,E10854,MERCK SHARP DOHME
7441033609922,13,ZOCOR,10mg,Tableta,Tableta,Caja Tab.,30,3/30/2014,E11691,MERCK SHARP DOHME
7441033611727,13,COZAAR,100mg,Comprimido,Tableta,Caja Comp.,15,10/3/2013,E21093,MERCK SHARP DOHME
7441033611918,13,SINEMET,25mg+250mg,Tableta,Tableta,Caja Tab.,100,7/2/2013,E20812,MERCK SHARP DOHME
7441033614827,13,ZOCOR,20mg,Tableta,Tableta,Caja Tab.,10,4/12/2009,E11692,MERCK SHARP DOHME
7441033617767,13,AGRASTAT,0.25mg/mL,Solución para Inyección,Inyectable,Caja Fco. Vial X 50 mL,1,10/31/2012,E19924,BIOTOSCANA
7441033621221,13,ZOCOR,40mg,Tableta,Tableta,Caja Tab.,30,3/28/2011,E9340,MERCK SHARP DOHME
7441033622228,13,TIENAM,500mg,Polvo para Solución Inyectable,Inyectable,Caja Vial,1,3/22/2010,E5744,MERCK SHARP DOHME
7441033623423,13,TRUSOPT,2%,Solución Oftálmica,Solucion Oftalmica,Fco. X 5 mL,1,6/5/2011,E9554,MERCK SHARP DOHME
7441033626127,13,TIMOPTOL XE,0.50%,Solución Oftálmica,Solucion Oftalmica,Fco. Got. X 2.5 mL,1,7/19/2011,E9660,MERCK SHARP DOHME
7441033629517,13,NOROXIN,400mg,Tableta,Tableta,Caja Tab.,100,2/6/2011,E18126,MERCK SHARP DOHME
7441033641120,13,HYZAAR FORTE,100mg+25mg,Tableta,Tableta,Caja Tab.,28,1/2/2010,E13331,MERCK SHARP DOHME
7441033653529,13,ZOCOR,80mg,Tableta,Tableta,Caja Tab.,30,7/19/2009,E12015,MERCK SHARP DOHME
7441033660527,13,SINGULAIR,4mg,Gragea,Tableta,Sobre Grag.,10,9/9/2010,E17616,MERCK SHARP DOHME
7441033665126,13,SINEMET CR,50mg+200mg,Tableta,Tableta,Caja Tab.,30,8/16/2011,E18672,MERCK SHARP DOHME
7441033682222,13,MODURETIC,5mg+50mg,Tableta,Tableta,Caja Tab.,30,9/23/2013,E21064,MERCK SHARP DOHME
7441033684226,13,RENITEC,20mg,Tableta,Tableta,Caja Tab.,20,9/9/2013,E15829,MERCK SHARP DOHME
7441033686022,13,TRYPTANOL,25mg,Tableta,Tableta,Caja Tab.,25,6/13/2013,E15606,MERCK SHARP DOHME
7441033695529,13,SINGULAIR,4mg,Granulos,Granulos,Sobre X 4 mg,30,3/27/2014,E21637,MERCK SHARP DOHME
7441033698124,13,ARCOXIA,120mg,Tableta Recubierta,Tableta,Caja Tab.,7,3/15/2012,E19237,MERCK SHARP DOHME
7441033698223,13,ARCOXIA,90mg,Tableta Recubierta,Tableta,Caja Tab.,7,3/6/2012,E19203,MERCK SHARP DOHME
7441033698322,13,ARCOXIA,90mg,Tableta Recubierta,Tableta,Caja Tab.,14,3/6/2012,E19203,MERCK SHARP DOHME
7441033698728,13,ARCOXIA,60mg,Tableta Recubierta,Tableta,Caja Tab.,14,3/5/2012,E19201,MERCK SHARP DOHME
7441082117829,13,FORXIGA 10MG X 30 TAB,10MG,TABLETAS,TABLETAS,caja,30,,,NOVARTIS
7441129800219,13,LAMISIL DERMGEL,1%,Gel,Gel,Tubo X 15 g,1,9/2/2009,E12131,NOVARTIS BIOSCIENCES
7441145400455,13,VOLTAREN AEROSOL SPRAY FCO X85 ML,,,,,1,,,NOVARTIS BIOSCIENCES PERU S.A.
7451079002663,13,PANADOL ANTIGRIPAL NF,,Tableta,Tableta,Caja Tab.,100,2/12/2013,E20318,GSK
7451079002748,13,CONTAC ULTRA,,Tableta,Tableta,Caja Tab.,100,5/22/2013,E20668,GSK
7451079002854,13,PANADOL ALLERGY,500mg+5mg+2mg,Tableta,Tableta,Caja Tab.,25,3/4/2014,E21589,GSK
7453001817284,13,AROMASIN,,GRAGEA,GRAGEA,CAJA,30,,E12116,PFIZER
7453001856023,13,TAZOCIN 4.5 g AMPOLLA,4.5 g,ampolla,amp,FRASCO AMPOLLA,1,,,UNIMED
7453005301604,13,VEPESID,50mg,Cápsula,Capsula,Caja Cap.,20,5/24/2009,E16471,ABEEFE BRISTOL
7460535561551,13,EUKENE H 40/12.5 X 30 COMP,40 MG/12.5 MG,TABLETA,TAB,CJA X 30,30,6/15/2020,E23334,MEGA LABS LATAM S.A.
7460536520152,13,BROSOL COMPUESTO,7.5 mg + 5 mcg/5 mL,SOLUCION ORAL,SOLUCION ORAL,FRASCO x 120 mL,1,2/7/2018,EE05412,ROEMMERS
7460536520183,13,DICLO K,50mg,Comprimido,Tableta,Caja Comp.,100,1/22/2013,E15193,ROEMMERS
7460536520206,13,DICLO K,100mg,Comprimido,Tableta,Caja Comp.,100,12/20/2012,E15074,ROEMMERS
7460536520237,13,DICLO K,15mg/mL,Gotas Oral,Solucion,Fco. X 15 mL,1,12/6/2012,E20039,ROEMMERS
7460536520381,13,GERMIDERM,,Crema,Crema,Tubo X 15 g,1,2/11/2013,E15276,ROEMMERS
7460536520732,13,TUSILEXIL,,Jarabe,Solucion,Fco. X 120 mL,1,1/8/2013,E15128,ROEMMERS
7460536520749,13,TUSILEXIL,,Gotas,Solucion,Fco. X 25 mL,1,3/19/2013,E15371,ROEMMERS
7460536521272,13,DICLO K,60 ML,FRASCO,SUSPENSIÓN,FCO. SUSPENSIÓN X 60 ML,1,,E-15165,ROEMMERS S.A.
7460536550906,13,AZITRAL 500,500mg,Comprimido Recubierto,Tableta,Caja Comp.,3,12/30/2012,E15112,ROEMMERS
7460536550913,13,AZITRAL,200mg/5mL,Polvo para Suspensión Oral,Suspension,30 mL,1,1/8/2013,E15132,ROEMMERS
7460536552658,13,ADAZOL,100/5,CAJA,CAJA,CJA *   5,5,6/22/2017,E0165880002,ROEMMERS
7460536552726,13,AMAZINA,5mg/5mL,Solución Oral,Solucion,Fco. X 60 mL,1,1/19/2014,E16153,ROEMMERS
7460536553310,13,AMAZINA D,5mg+120mg,Cápsula,Capsula,Caja Cap.,10,1/19/2014,E16155,ROEMMERS
7460536553969,13,TANAKAN 80MG COMPRIMIDO (ROE),800MG,COMPRIMIDO,COMP,CJA X 20 UNID,20,,PNE-0783,ROEMERS
7460536554317,13,UMQUAN 80% GOTAS FRASCO X 20 ML (ROE),,GOTAS,GOTAS,FRASCO X 20 ML,,,PNE-0721,ROEMMERS S.A.
7460536554898,13,TANAKAN 40 MG CAJ  X 60(ROEMMERS),40MG,TABLETAS,TAB,TABLETAS,1,1/3/2018,PNE-0764,ROEMMERS
7460536555475,13,ESTABINOL,100MG,COMPRIMIDOS,COMPRIMIDOS,CAJA X 30,1,1/2/2016,E-20506,PANALAB
7460536555550,13,COMPENSIAL,300mg,Cápsula Blanda,Capsula,Caja Cap.,50,2/16/2014,E16234,ROEMMERS
7460536556489,13,PAMEZONE,40 MG,CAJA,CAPSULAS,40mg Caja Caps. x 28,,,E-20896,Roemmers S.A.
7460536556496,13,PAMEZONE 20 MG,20MG,CAPSULA,CAP,CAJA X 28 UNIDADES,28,,E020897,ROEMMERS
7460536556601,13,MOTIDE,5mg,Tableta,Tableta,Caja Tab.,30,3/24/2013,E20503,ROEMMERS
7460536556731,13,PONARIS,750mg,Comprimido Recubierto,Tableta,Caja Comp.,5,3/27/2013,E20518,ROEMMERS
7460536556748,13,PONARIS 500 MG X 14 COMP.,500mg,COMPRIMIDO,CAJA,CAJA X 14,14,,,ROEMMERS
7460536556793,13,URGINAL,5MG,COMPRIMIDO,COMPRIMIDO,CAJA,60,,E20596,ROEMMERS
7460536556816,13,URZAC-FLEX,4/7.5MG,COMPRIMIDO,COMPRIMIDO,CAJA,100,,E20492,PANALAB
7460536557004,13,VAGIPLEX CRM VAG 0.005/2.5% 90G,0.005/2.5%,CREMA VAGINAL,CREMA VAGINAL,TUBO,1,,E21115,ROEMMERS
7460536557424,13,PLENAIR 10 MG X 30 TAB.,10 MG,TABLETA,TAB,CJA X 30,30,6/27/2018,EE03378,ROEMMERS S.A.
7460536557431,13,PLENAIR 4MG CJA X 30 COMP.,4MG,TABLETAS,TAB,CAJA X 30 COMP,30,2/1/2019,EE-03919,ROEMMERS
7460536557448,13,PLENAIR 5MG,5MG,COMPRIMIDOS,COMP,CAJ X30,1,5/1/2019,E-20817,ROEMMERS
7460536557684,13,TONVAL,20mg,Comprimido Recubierto,Tableta,Caja Comp.,14,12/2/2013,E21285,ROEMMERS
7460536557707,13,TONVAL 40MG X 1 COMP,,,,,1,,,LABORATORIOS PANALAB DEL PERU S.A.C.
7460536558063,13,MINOT 100MG X 1 CAP,,,,,1,,,LABORATORIOS ROEMMERS S.A.
7460536559190,13,UMQUAM 20 MG TABLETA (ROE),20MG,TABLETAS,TABLETAS,CJA X 15 TABLETAS,,,PNE-1288,LABORATORIOS ROEMMERS
7460536560547,13,BOLARIA,16 MG,COMPRIMIDO RECUBIERTO,TABLETA,CAJA COMP,20,6/1/2021,EE00317,ROEMMERS
7460536560684,13,BOLARIA 24 MG,BETAHISTINA DICLORHIDRATO 24 MG,CAJA X 20 TAB,CAJA X 20 TAB,CAJA,,,EE-00318,ROEMMERS
7460536561490,13,DOLNOT,37.5 MG+325MG,COMPRIMIDOS,COM,CAJA,50,10/17/2017,E-22902,ROEMMERS
7460536561506,13,DETRUCALM,200 MG,CAJA,COMPRIMIDO,CAJA,30,,EE-02888,ROEMMERS
7460536561513,13,EUKENE H 20/12.5MG TAB CJA X 30,20 MG + 12.5 MG,TABLETA,TAB,CJA X 30,30,6/5/2020,E23328,MEGA LABS LATAM S.A.
7460536561520,13,EUKENE-H,20 mg + 25 mg,COMPRIMIDO RECUBIERTO,TABLETA,CAJA COMP,30,6/15/2020,E23335,MEGA LABS
7460536561537,13,EUKENE 20 MG TAB CJA X 30,20 MG,TABLETA,TAB,CJA X 30,30,2/23/2021,EE02685,MEGA LABS LATAM S.A.
7460536561544,13,EUKENE 40 MG TAB CJA X 30,40 MG,TABLETA,TAB,CJA X 30,30,2/23/2021,EE02689,MEGA LABS LATAM S.A.
7460536561551,13,EUKENE 40,40 mg,Comprimido Recubierto,TABLETA,Caja Envase Blíster Comprimidos,30,2/23/2021,EE02689,ROEMMERS
7460536561568,13,EUKENE H 40/25 MG TAB CJA X 30,40 MG + 25 MG,TABLETA,TAB,CJA X 30,30,6/5/2020,E23329,MEGA LABS LATAM S.A.
749618818859,13,ICY HOT,,Crema,Crema,Tubo X 35 g,1,,E20873,SANOFI
749618818989,13,ICY-HOT STICK BARRAx50GR,,,,,1,,,CHATTEM INC.
7501001116187,13,VICK FORMULA 44 TODO TIPO DE TOS,,Jarabe,Solucion,Fco. X 120 mL,1,7/20/2001,N4690,PROCTER&GAMBLE
7501001116200,13,VICK FORMULA 44 EXPECTORANTE,,Jarabe,Solucion,Fco. X 120 mL,1,9/30/2013,E11205,PROCTER&GAMBLE
7501001280031,13,VICKMIEL,100mg/6.25mL,Jarabe,Solucion,Caja Fco. X 120 mL,1,2/23/2010,E17213,PROCTER&GAMBLE
7501007485577,13,PEPTOBISMOL,262mg,Tableta Masticable,Tableta,Sob. Tab.,4,7/25/2010,E13083,PROCTER&GAMBLE
7501008426944,13,APRONAX GEL,5.50%,Gel,Gel,Tubo X 40 g,1,6/6/2013,E20730,BAYER
7501009072607,13,GLUCAMINOL 850 MG X 30 COMP.,850mg,CAJA,CAJA,COMPRIMIDO,30,,,ROCHE
7501009224174,13,MAQUINA DE GILLETTE PRESTOBARBA ULTRAGRIP (UND),,UNID,UNID,UNIDAD,,,O80012020,PROCTER & GLAMBE
7501033920066,13,PANTOMICINA,125mg/5mL,Granulos para Solución,Solucion,Fco. X 120 mL,1,6/16/2011,E18491,BAGO
7501033922374,13,DEPAKENE,250/5,FRASCO,FRASCO,FCO *   1,1,5/25/2017,E0159130003,ABBOTT
7501033954412,13,CONTROLIP,160mg,Cápsula,Capsula,Caja Cap.,30,9/3/2012,E19726,ABBOTT
7501033955815,13,CONTROLIP,160MG,CAPSULA,CAPSULA,CAJA,30,,E19726,ABBOTT
7501033961151,13,PEDIALYTE,30 MEQ,SOLUCION BEBIBLE,SOLUCION,FRASCO,1,,P2900312E,ABBOT
7501033961175,13,PEDIALYTE 30 NG COCO FCOX500ML,30NG/500ML,FRASCO,FRASCO,FRASCO,500,,P2800118E,ABOTT
7501033961182,13,PEDIALYTE,500 ML,FRASCO,FCO,FRASCO,1,2/28/2021,P2802418E,ABBOTT
7501033961199,13,PEDIALYTE MAX,,Solución Oral,SOLUCION,Frasco X 500ML,1,8/31/2020,P2801718E NAABLB,ABBOT
7501033961649,13,DICETEL 100 MG CJA X 14,100 MG,TABLETA,TAB,CAJA X 14,14,,EE-05504,FARMINDUSTRIA
7501037920055,13,EFFORTIL,5MG,COMPRIMIDO,COMPRIMIDO,CAJA,20,,E11578,BOEHRINGER
7501043100458,13,AUGMENTIN ES,600mg+42mg/5mL,Polvo para Suspensión Oral,Suspension,Fco. X 100 mL,1,10/10/2013,E15909,GSK
7501043170352,13,BECOTIDE,250mcg/dosis,Aerosol,Inhalador,Caja Aer. X 200 Dosis,1,5/19/2008,E6745,GSK
7501043171304,13,GRISOVIN,500mg,Tableta,Tableta,Caja Tab.,30,12/2/2013,E7129,GSK
7501043171700,13,VENTOLIN,2mg/5mL,Solución Oral,Solucion,Fco. X 200 mL,1,8/18/2010,E13137,GSK
7501043171779,13,VENTOLIN SOLUCION PARA RESPIRADOR,0.50%,Solución para Nebulizar,Solucion Inhalatoria,Fco. X 10 mL,1,3/28/2013,E15405,GSK
7501043172097,13,VENTIDE,100mg+50mg,Aerosol para Inhalación,Inhalador,Caja Fco. X 200 Dosis,1,7/22/2009,E16629,GSK
7501043172721,13,FLIXONASE,50mcg/dosis,Spray,Solucion,Aer. X 60 Dosis,1,4/26/2015,E12836,GSK
7501043173506,13,ZANTAC,150mg,Tableta,Tableta,Caja Tab.,20,7/18/2013,E11038,GSK
7501043175364,13,ZINNAT,750mg,Polvo para Solución Inyectable,Inyectable,Vial,1,3/23/2012,E19255,GSK
7501043175715,13,WELLBUTRIN,150mg,Tableta,Tableta,Caja Tab.,30,2/11/2010,E12617,GSK
7501043176873,13,IMIGRAN,100mg,Tableta,Tableta,Caja Tab.,2,11/13/2012,E14963,GSK
7501043178242,13,SEPTRIN FORTE,800mg+160mg,Tableta,Tableta,Caja Comp.,98,1/29/2012,E14331,GSK
7501043178396,13,ZOFRAN,8mg,Tableta,Tableta,Caja Tab.,10,1/11/2013,E20174,GSK
7501043183024,13,ZOVIRAX,200mg,Comprimido,Tableta,Caja Comp.,25,6/28/2011,E13972,GSK
7501043183864,13,ZOVIRAX,200/5,SUSPENSION,SUSPENSION,FRASCO,1,,E14698,GLAXO
7501043198790,13,ZENTEL,200/5,SUSPENSION,SUSPENSION,CAJA,5,,E15346,GLAXO
7501046463215,13,AEROFLUX,2mg+7.5mg/5mL,Solución Oral,Solucion,Fco. X 120 mL + Vaso Dosif.,1,5/25/2013,E10912,GSK
7501049703950,13,ALDACTONE A,25mg,Tableta,Tableta,Caja Tab.,30,9/18/2012,E6186,PFIZER
7501049713454,13,ALDACTONE A,100mg,Tableta,Tableta,Caja Tab.,30,9/18/2012,E6188,PFIZER
7501049714604,13,CYTOTEC,200mcg,Tableta,Tableta,Caja Tab.,28,5/29/2013,E20705,PFIZER
7501050609104,13,NEOCLARITYNE,5mg,Tableta,Tableta,Caja Tab.,20,3/6/2013,E15327,SCHERING PLOUGH
7501050609142,13,ZETIA TAB 10MG X 1,,,,,1,,,SCHERING-PLOUGH DEL PERU S.A.
7501050609180,13,ZETIA,10mg,Tableta,Tableta,Caja Tab.,21,1/29/2013,E15233,SCHERING PLOUGH
7501050611251,13,CLARIGRIP,,Gragea,Tableta,Caja Grag.,12,8/19/2009,E12097,SCHERING PLOUGH
7501050611312,13,AVIANT,5mg,Tableta,Tableta,Caja Tab.,10,5/31/2011,E13905,SCHERING PLOUGH
7501050611336,13,AERIUS,5mg,Tableta,Tableta,Caja Tab.,10,6/1/2011,E13908,SCHERING PLOUGH
7501050613330,13,ZETSIM,10mg+10mg,Comprimido,Tableta,Caja Comp.,28,9/17/2009,E16761,SCHERING PLOUGH
7501050613354,13,ZETSIM,10mg+20mg,Comprimido,Tableta,Caja Comp.,28,9/17/2009,E16758,SCHERING PLOUGH
7501050613378,13,ZETSIM,10mg+40mg,Comprimido,Tableta,Caja Comp.,28,9/10/2009,E16742,SCHERING PLOUGH
7501050614054,13,METICORTELONE,5/5,JARABE,JARABE,FRASCO,1,,E16513,SCHERING-PLOUGH
7501050614160,13,CLOROTRIMETON AMPx10MGx1ML,,,,,1,,,SCHERING-PLOUGH DEL PERU S.A.
7501050614177,13,GENTALYN,0.30%,Solución Oftálmica,Solucion Oftalmica,Fco. X 10 mL,1,9/13/2009,E16745,SCHERING PLOUGH
7501050615983,13,ONICIT,0.25mg/5mL,Inyectable,Inyectable,Caja Vial X 5 mL,1,8/22/2010,E17576,SCHERING PLOUGH
7501050616041,13,GENTALYN,80mg/2mL,Inyectable,Inyectable,Amp. X 2 mL,1,8/15/2011,E18666,SCHERING PLOUGH
7501050616058,13,GENTALYN,160mg/2mL,Inyectable,Inyectable,Amp. X 2 mL,1,8/15/2011,E18658,SCHERING PLOUGH
7501050616065,13,GENTALYN PEDIATRICO,20mg/2mL,Inyectable,Inyectable,Amp. X 2 mL,1,8/15/2011,E18662,SCHERING PLOUGH
7501050616904,13,METICORTELONE FORTE,15mg/5mL,Solución Oral,Solucion,Fco. X 60 mL,1,3/27/2011,E18282,SCHERING PLOUGH
7501050618861,13,AVIANT,DESLORATADINA 5MG X 30 Tb,TABLETAS X 30 Tb,Tb.,TABLETAS,30,2/1/2019,EE-03206,MERCK SHARP DOHME PERU
7501050618878,13,AERIUS,5MG,TABLETA,TABLETA,CAJA,30,,E13908,SCHERING-PLOUGH
7501050619738,13,AVIANT,2.5mg/5mL,Solución Oral,Solucion,Fco. X 60 mL,1,7/6/2012,E19537,SCHERING PLOUGH
7501050619752,13,AERIUS,2.5mg/5mL,Solución Oral,Solucion,Fco. X 60 mL,1,12/13/2012,E15035,SCHERING PLOUGH
7501050619776,13,NEOCLARITYNE,2.5mg/5mL,Solución Oral,Solucion,Fco. X 60 mL,1,3/27/2013,E15397,SCHERING PLOUGH
7501050620291,13,AVIANT,2.5mg/5mL,Jarabe,Solucion,Fco. X 120 mL,1,10/22/2012,E14927,SCHERING PLOUGH
7501050620307,13,AERIUS,2.5mg/5mL,Solución Oral,Solucion,Fco. X 120 mL,1,12/13/2012,E15035,SCHERING PLOUGH
7501050621106,13,DESENFRIOLITO PLUS NF,,Tableta,Tableta,Caja Tab.,24,3/17/2013,E20487,SCHERING PLOUGH
7501050621199,13,DESENFRIOL D NF,,Tableta,Tableta,Caja Tab.,24,4/4/2013,E20542,SCHERING PLOUGH
7501050624497,13,DIPROSPAN FAST,8MG / 2ML,SOLUCION INYECTABLE,INYECTABLE,8mg Iny. Susp. x 2ml,1,1/1/2019,E - 21340,MSD
7501050624862,13,CLARITYNE PLUS,,Tableta,Tableta,Caja Tab.,20,2/9/2014,E21528,SCHERING PLOUGH
7501050632164,13,OLMETECAMLO HCT,"20/5/12,5mg",CAJA,COMPRIMIDOS,"20/5/12,5mg Caja Comp. Rec. x 28",28,1/23/2017,EE-02916,MERCK SHARP & DOHME
7501050632171,13,OLMETECAMLO-HCT COM 40/5/12.5MG,40/5/12.5MG,COMPRIMIDO,COM,CAJA,28,1/2/2019,EE02917,MERCK SHARP &  DOHME
7501050632317,13,ZETIA 10 MG CJA X 30,10MG,TABLETA,TAB,CAJA X 30,30,,E-15233,MSD
7501050641500,13,CLARITYNE D PEDIATRICO,,Solución,Solucion,Fco. X 60 mL,1,12/2/2013,E21280,SCHERING PLOUGH
7501050650007,13,ONICIT,0.25MG/5ML,SOLUCION INYECTABLE,,,1,,E-23189,SCHERING PLOUGH DEL PERU S.A.
7501050650014,13,ONICIT 0.075MG/1.5MLVIAL X 1,0.075MG,AMPOLLA,,CAJA,1,,,SCHERING
7501052713786,13,POLIGELINA 3.5%,0.035,SOL INYECTABLE,SOL INYECTABLE PARA INFUSION,FRASCO X 500 ML,1,,BE00877,SANDERSON
7501059227682,13,NAN OPTIPRO 2 POLVO LATA X 900 G (NES),,POLVO,POLVO,LATA X 900 G,,,I100217E NANSMR,NESTLE
7501059232884,13,NAN OPTIPRO 3 POLVO LATA X 800 G (NES),,POLVO,POLVO,LATA X 800 G,,,I1000516E/NANSMR,NESTLE
7501059240421,13,NAN 2 FORMULA INFANTAL CONF.,900 GR.,LATA,LATA,LATA X 900 GR,1,,L1002314E,NESTLE PERU
7501065054463,13,SCOTT ACEITE DE HIGADO DE BACALAO 10% CEREZA FRA X 400 ML (GSK),,EMULSION,EMULSION,FRASCO X 400 ML,,2/28/2022,DE2362,GLAXOSMITHKLINE PERU S.A.
7501070618919,13,FINTEL,400 MG.,SOLUCION ORAL,SOLUCION ORAL,FRASCO,10,,N-19983,MEDCO
7501070900243,13,DESPAMEN,5/100MG,AMPOLLA,AMPOLLA,AMPOLLA,1,,E19098,TECHSPHERE
7501070903084,13,PATECTOR,150mg+10mg/mL,Solución para Inyección,Inyectable,Amp. X 1 mL,1,2/27/2012,E19179,TECHSPHERE PERU
7501070980955,13,CROLIPSA 200 X 24,200 MG,COMPRIMIDOS,COMPRIMIDOS,CJA X 24,24,,E-22361,TECHSPHERE
7501072325341,13,MAALOX PLUS,,Suspensión,Suspension,Fco. X 180 mL,1,12/6/2011,E18981,SANOFI
7501082208047,13,HUMULIN R,100UI/mL,Solución para Inyección,Inyectable,Fco. Amp. X 10 mL,1,3/10/2015,BE00263,ELI LILLY
7501082208153,13,HUMULIN N,100UI/mL,Suspensión para Inyección,Inyectable,Caja Fco. Vial X 10 mL,1,10/19/2015,BE00757,ELI LILLY
7501082208337,13,HUMULIN 30/70,100UI/mL,Suspensión para Inyección,Inyectable,Caja Fco. Vial X 10 mL,1,6/7/2011,BE00347,ELI LILLY
7501082208733,13,HUMALOG MIX 25,100UI/mL,Suspensión para Inyección,Inyectable,Cartucho X 3 mL,5,5/19/2011,BE00343,ELI LILLY
7501082212105,13,PROZAC,20mg,Cápsula,Capsula,Caja Cap.,28,5/10/2016,E22467,ELI LILLY
7501082212310,13,ZYPREXA,10mg,Tableta,Tableta,Caja Tab.,14,9/17/2009,E16765,ELI LILLY
7501082212334,13,ZYPREXA,5 mg,COMPRIMIDO RECUBIERTO,TABLETA,CAJA COMP,14,11/30/2022,EE05488,ELI LILLY
7501082224221,13,EVISTA,,TABLETA,TABLETA,CAJA,28,,E22564,LILLY
7501082232226,13,PROZAC,20mg,Cápsula,Capsula,Caja Cap.,14,5/10/2016,E22467,ELI LILLY
7501082234497,13,ILOSONE,500mg,Tableta,Tableta,Caja Tab.,100,9/24/2009,N21412,ALBIS
7501082234558,13,KEFLEX,250mg,Solución,Solucion,Fco. X 100 mL,1,2/20/2011,E18168,FARMAKONSUMA
7501082234589,13,EVISTA,60mg,Tableta,Tableta,Caja Tab.,1,6/6/2008,E15585,ELI LILLY
7501086341047,13,COLUFASE,100mg/5mL,Suspensión,Suspension,Fco. X 60 mL,1,5/9/2012,E19379,ROEMMERS
7501092708025,13,ALBOTHYL,1.80%,Gel,Gel,Tubo X 50 g + Aplicador,1,1/9/2013,E10558,QUILAB
7501092708032,13,ALBOTHYL-OVU X 1,,,,,1,,,ALFA S.A.
7501092721154,13,ZURCAL,20MG,ZURCAL GRA,GRAGEAS,CJA,1,1/30/2019,E-11088,TAQUEDA
7501092721161,13,ZURCAL,20MG,Gragea,Tableta,Caja Grag.,28,8/21/2013,E11088,QUIMICA SUIZA
7501092721468,13,DEXILANT,30mg,CAPSULAS,CAPSULAS,CAJA  x 14 Tb,14,,EE-0358,Laboratorios Nycomed
7501092721482,13,DEXILANT,60 mg,CAPSULAS,CAPSULAS,CAJA  x 14 Tb,14,,EE-0359,Laboratorios Takeda
7501092722304,13,FAKTU,20 G,POMADA RECTAL,POMADA,Pda. x 20g,1,10/1/2020,EN - 01601,CARDIOPHARM
7501092771067,13,FAKTU,,Supositorio,Supositorio,Caja Sup.,5,2/4/2013,E10595,QUILAB
7501092771104,13,FAKTU UNGUENTO x20GR,,tubo,,ungüento,1,,,takeda
7501092771173,13,ALBOTHYL,90mg,Ovulo,Ovulo,Caja Ov.,6,1/9/2013,E10560,QUILAB
7501092771265,13,DIMENHIDRINATO,50 MG/5ML,INYECTABLE,AMPOLLA,50mg /5ml Iny. Amp. x 25,,,NG-2866,Línea Comercial G (Ver INFARMAS
7501092771777,13,ZURCAL,20 MG.,GRAGEAS,GRAGEAS,CAJA,7,,E- 11088,TAKEDA
7501092778431,13,FAKTU,,Pomada,Unguento,Tubo X 20 g,1,12/29/2012,E10540,QUILAB
7501092793038,13,RIOPAN,,Gel,Gel,Fco. X 250 mL,1,7/9/2013,E11023,QUILAB
7501092793045,13,RIOPAN,,Gel,Gel,Sachet X 10 mL,20,7/9/2013,E11023,QUILAB
7501092796114,13,PANKREOFLAT N,,Tableta Recubierta,Tableta,Caja Tab.,30,10/16/2013,E21124,BAYER
7501092796121,13,PANKREOFLAT N,,Tableta Recubierta,Tableta,Caja Tab.,60,10/16/2013,E21124,BAYER
7501094912321,13,CATAFLAM,1.50%,Gotas,Solucion,Fco. X 20 mL,1,9/4/2013,E20993,NOVARTIS BIOSCIENCES
7501094912482,13,CATAFLAM PEDIATRICO,9mg/5mL,Suspensión,Suspension,Fco. X 120 mL,1,12/10/2013,E11376,NOVARTIS BIOSCIENCES
7501094912529,13,TEGRETOL CR,400mg,Gragea,Tableta,Caja Grag.,30,6/5/2011,E18450,NOVARTIS BIOSCIENCES
7501094912611,13,PROCTO GLYVENOL,,Supositorio,Supositorio,Caja Sup.,5,5/12/2010,E12874,NOVARTIS BIOSCIENCES
7501094915100,13,VOLTAREN,75mg/3mL,Solución para Inyección,Inyectable,Amp. X 3 mL,50,3/26/2014,E16361,NOVARTIS BIOSCIENCES
7501094915698,13,METHERGIN,200MCG,AMPOLLA,AMPOLLA,CAJA,5,,E20269,NOVARTIS
7501094916008,13,VIBROCIL GOT/NASx15ML,,,,,1,,,NOVARTIS BIOSCIENCES PERU S.A.
7501094916015,13,VOLTAREN EMULGEL,1% Dspl. Tubo x 8 x 30g,Crema,Crema,Tubo X 30 g,1,11/23/2010,E17831,NOVARTIS BIOSCIENCES
7501094916022,13,VOLTAREN EMULGEL,1%,Gel,Gel,Tubo X 60 g,1,11/23/2010,E17831,NOVARTIS BIOSCIENCES
7501094916039,13,VIBROCIL,,Gel,Gel,Caja Tbo. X 12 g,1,9/3/2009,E16713,NOVARTIS BIOSCIENCES
7501095407048,13,DOLOCORDRALAN EXTRA FORTE,50MG/500MG,CAPSULAS,CAPSULAS,Caja Cap.,200,3/14/2010,E12708,ABEEFE BRISTOL
7501095409516,13,DOLOCORDRALAN EXTRA FORTE,,Tableta Recubierta,Tableta,Caja Tab.,10,3/14/2010,E12708,ABEEFE BRISTOL
7501095480911,13,AMIKIN,1g/4mL,Inyectable,Inyectable,Amp. X 4 mL,1,2/20/2011,E13645,ABEEFE BRISTOL
7501095481420,13,AMIKIN,100mg/2mL,Inyectable,Inyectable,Amp. X 2 mL,1,4/1/2011,E9351,ABEEFE BRISTOL
7501095481437,13,AMIKIN,250mg/2mL,Inyectable,Inyectable,Amp. X 2 mL,1,4/12/2011,E9374,ABEEFE BRISTOL
7501095481444,13,AMIKIN,500mg/2mL,Inyectable,Inyectable,Amp. X 2 mL,1,4/1/2011,E9350,ABEEFE BRISTOL
7501098605007,13,INDERAL,10MG,TABLETA,TABLETA,CAJA,50,,E19405,ASTRA - ZENECA
7501098605014,13,INDERAL,,TABLETA,TABLETA,CAJA,50,,E19406,ASTRA - ZENECA
7501098605021,13,TENORETIC,50/12.5MG,TABLETA,TABLETA,CAJA,28,,E19445,ASTRA - ZENECA
7501098605038,13,TENORETIC,100/25MG,TABLETA,TABLETA,CAJA,14,,E19452,ASTRA - ZENECA
7501098605069,13,TENORMIN 100MG,100 MG.,COMPRIMIDO,COMPRIMIDO,CAJA,28,,E-19156,ASTRA ZENECA
7501098606752,13,BETALOC ZOK,25MG,TABLETA,TAB,10,1,10/14/2020,E22346,ASTRAZENECA PERU S.A.
7501098606776,13,BETALOC-ZOK,50MG,TABLETA,TABLETA,CAJA,30,,E22347,ASTRA - ZENECA
7501098606790,13,BETALOC-ZOK,100MG,TABLETA,TABLETA,CAJA,30,,E22348,ASTRA - ZENECA
7501098609739,13,CRESTOR 20MG TAB CJA X30,20 MG,TABLETA,TAB,CJA X 30,30,9/2/2021,EE04071,ASTRAZENECA PERU SA
7501098609883,13,NEXIUM,40 mg,COMPRIMIDO GASTRORRESISTENTE,TABLETA,CAJA COMPRIMIDO,14,6/10/2020,EE01228,ASTRAZENECA
7501098610964,13,CRESTOR 10MG TAB CJA X30,10 MG,TABLETA,TAB,CJA X 30,30,9/2/2021,EE04070,ASTRAZENECA PERU SA
7501108768746,13,LECHE S-26 GOLD 1 NF,,POLVO,POLVO,TARRO,1,,I1000511E,WYETH
7501108783084,13,PREMARIN,0.06%,Crema,Crema,Tubo X 21 g,1,8/13/2009,E12074,WYETH
7501109900558,13,SPORASEC,,Cápsula,Capsula,Caja Cap.,12,6/28/2010,E17459,JOHNSON&JOHNSON
7501109904341,13,AMOEBRIZ,,Tableta,Tableta,Caja Tab.,2,12/29/2011,E19051,JOHNSON&JOHNSON
7501109904426,13,AMOEBRIZ,60mg+10mg/mL,Suspensión,Suspension,Fco. X 10 mL,1,12/14/2011,E19014,JOHNSON&JOHNSON
7501109904433,13,AMOEBRIZ,60mg+20mg/mL,Suspensión,Suspension,Fco. X 10 mL,1,12/14/2011,E19015,JOHNSON&JOHNSON
7501109904549,13,REMINYL ER,8mg,Cápsula,Capsula,Caja Cap.,7,10/11/2010,E17676,JOHNSON&JOHNSON
7501109904556,13,REMINYL ER,16mg,Cápsula,Capsula,Caja Cap.,7,10/11/2010,E17673,JOHNSON&JOHNSON
7501109904624,13,GYNOCLIN V,,Ovulo,Ovulo,Caja Ov.,3,5/5/2011,E18355,JOHNSON&JOHNSON
7501122900313,13,DERMATIX ULTRA GEL TUBO X 15 G,15 G,GEL,GEL,TUBO X 15 G,1,,NSOC24677-15PE,VALEANT FARMACEUTICA PERU S.R.L.
7501122900399,13,EFUDIX,,Crema,Crema,Tubo X 20 g,1,6/30/2015,E22295,ALBIS
7501122961109,13,CUTACLIN,1%,Gel,Gel,Tubo X 30 g,1,3/20/2013,E15378,ALBIS
7501122963608,13,EFUDIX,5%,Ungüento,Unguento,Tubo X 20 g,1,9/15/2010,E13215,ALBIS
7501124182786,13,DOSTEIN,175mg/5ml,ERDOSTEINA,FRASCO SUSPENSIÓN,POLVO PARA SUSPENSIÓN/90ml,1,1/1/2020,EE-02364,CARNOT
7501124760694,13,GLUCAMINOL,500mg,Comprimido,Tableta,Caja Comp.,30,4/23/2012,E19331,ROCHE
7501124807726,13,TONOPAN,,Gragea,Tableta,Caja Grag.,100,3/23/2015,E12748,NOVARTIS BIOSCIENCES
7501124810047,13,LAMISIL,250mg,Comprimido,Tableta,Caja Comp.,14,8/21/2013,E20941,NOVARTIS BIOSCIENCES
7501124810122,13,HYDERGINA,4.5mg,Comprimido,Tableta,Caja Comp.,12,6/4/2013,E20725,NOVARTIS BIOSCIENCES
7501124810849,13,DIGOXINA,0.25mg,Comprimido,Tableta,Caja Comp.,24,12/12/2010,EG3228,NOVARTIS BIOSCIENCES
7501124810948,13,LEPONEX,100mg,Comprimido,Tableta,Caja Comp.,20,6/30/2014,E11973,NOVARTIS BIOSCIENCES
7501124813069,13,LAMISIL 1,1.12%,Solución,Solucion,Tubo X 4 g,1,1/31/2012,E19121,NOVARTIS BIOSCIENCES
7501124813253,13,LAMISIL,1 % X 15ML,CREMA,CR,TUBO X 15ML,1,,E-22828,NOVARTIS
7501124813321,13,LAMISIL 1,1%,Crema,Crema,Disp. Tbo. X 15 g,8,11/8/2011,E18913,NOVARTIS BIOSCIENCES
7501142953566,13,DALACIN,100mg,Ovulo,Ovulo,Caja Ov.,3,3/22/2011,E18269,PFIZER
7501142966702,13,DYNASTAT IV/IM,40MG,VIAL,VIAL,VIAL,1,,E19684,PFIZER
7501165005075,13,CERVILANE,,Gragea,Tableta,Caja Grag.,30,6/14/2012,E19485,SANOFI
7501165006072,13,AMARYL M,2mg+1g,Comprimido,Tableta,Caja Comp.,16,12/20/2012,E20099,SANOFI
7501165006089,13,AMARYL M,4mg+1g,Comprimido,Tableta,Caja Comp.,16,12/20/2012,E20096,SANOFI
7501165007956,13,GELICART,,POLVO,POLVO,CAJA X 30 UNIDADES,30,,SD20130,SANOFI-AVENTIS
7501165010444,13,NOVALGINA,500mg,CAJA,CAJA,CJA *  50,50,,,SANOFI-AVENTIS
7501233224032,13,MAXIPIME,1g,Polvo para Solución Inyectable,Inyectable,Caja Vial,1,11/24/2013,E11337,ABEEFE BRISTOL
7501233240100,13,VELAMOX,500mg,Cápsula,Capsula,Caja Cap.,100,6/25/2014,E11966,ABEEFE BRISTOL
7501233240124,13,VELAMOX,250mg/5mL,Suspensión,Suspension,Fco. X 60 mL,1,6/25/2009,E11972,ABEEFE BRISTOL
7501233240681,13,VELOCEF,250mg/5mL,Suspensión,Suspension,Fco. X 100 mL,1,4/29/2011,E9432,ABEEFE BRISTOL
7501233285521,13,DURACEF,500mg,Cápsula,Capsula,Caja Cap.,48,3/8/2011,E18211,ABEEFE BRISTOL
7501233285545,13,DURACEF,250mg/5mL,Polvo para Suspensión,Suspension,Fco. X 60 mL,1,4/16/2011,E9389,ABEEFE BRISTOL
7501233286849,13,VELOCEF,500mg,Cápsula,Capsula,Caja Cap.,64,4/16/2011,E9390,ABEEFE BRISTOL
7501277055401,13,PROSPEC,30MG,TABLETA,TABLETA,CAJA,20,,E18311,LABEX
7501287628893,13,ACCUPRIL,40MG,TABLETA,TABLETA,CAJA,28,,E22818,PFIZER
7501287628916,13,ACCUPRIL TABX10MGX1,,,,,1,,,PFIZER S.A.
7501287628930,13,ACCUPRIL,20MG,TABLETA,TABLETA,CAJA,28,,E22820,PFIZER
7501287691057,13,FASIGYN ORAL TAB X 1G X 2 UND,1 GR,OVULO,OVL,CJA X 2,2,11/22/2020,EE02201,PFIZER S.A.
7501287691132,13,ZITROMAX,500mg,Tableta,Tableta,Caja Tab.,3,1/12/2015,E7841,PFIZER
7501287691217,13,ZOLOFT,50mg,Tableta,Tableta,Caja Tab.,10,3/11/2011,E9298,PFIZER
7501287691255,13,VIAGRA,100mg,Tableta,Tableta,Caja Tab.,1,3/21/2015,E12737,PFIZER
7501287691262,13,VIAGRA,100mg,Tableta,Tableta,Caja Tab.,4,3/21/2015,E12737,PFIZER
7501287695789,13,VIBRAMICINA 100 MG x 50 CAPS.,100mg,comprimido,caja,,1,,,PFIZER
7501293200946,13,PYLOPAC,,Cápsula,Capsula,Caja 7 Blist.,8,7/11/2010,E17485,OM PHARMA
7501298204468,13,NEUROBION 10000 HYPAK,,Solución para Inyección,Inyectable,Caja Amp. + Jer. Prell. X 2 mL,1,12/16/2012,E15042,MERCK PERUANA
7501298209067,13,EUTIROX 125MCG x 50 TAB.,125MCG,TABLETAS,,CAJA,50,,,MERCK PERUANA
7501298210766,13,EUTIROX 150MCG x 50 TAB,150MCG,TABLETAS,,CAJA,50,,,MERCK PERUANA
7501298211022,13,DOLO NEUROBION FORTE,,Tableta,Tableta,Caja Tab.,15,4/13/2014,E11725,MERCK PERUANA
7501298214221,13,DOLO NEUROBION FORTE,,Inyectable,Inyectable,Caja Amp. I X 1 mL + Amp. II X 2 mL,1,7/11/2013,E20838,MERCK PERUANA
7501298214399,13,EUTIROX 88MCG TAB CJA X 50,88MCG,TABLETA,TAB,CAJAX50,50,,EE-00097,MERCK
7501298214429,13,EUTIROX 112 MCG,112 MCG,TABLETA,TAB,CAJA X 50,50,,EE-00169,MERCK PERUANA
7501298214436,13,EUTIROX 137MCG,137MCG,TABLETA,TAB,CAJA X 50,50,,EE-00355,MERCK PERUANA
7501298217901,13,EUTIROX,200 mcg,TABLETA,TABLETA,CAJA,50,9/6/2023,EE00098,MERCK PERUANA
7501298222431,13,DOLO NEUROBION FORTE,,CAJA,TABLETAS,Caja Tab. x 100,,4/13/2019,EE-03678,Merck Peruana S.A.
7501298222813,13,NEUROBION DC 10 000,60G,Solución inyectable,Solución,CAJA X 3 UNIDADES,,,E-15042,MERCK PERUANA
7501298223094,13,CONCOR 2.5 x 30,2.5MG,CAJA,COMPRIMIDOS,2.5mg Comp. x 30,,,EE-01689,Merck Peruana S.A.
7501298223100,13,CONCOR,5 MG.,COMPRIMIDOS,COMPRIMIDOS,CAJA,30,,EE-01690,MERCK
7501298223117,13,CONCOR 10 MG,10 mg,Comprimido recubierto,Tableta,Caja x 30,1,,EE01693,MERCK PERUANA
7501298223452,13,DEXA NEUROBION DC,,SOLUCION INYECTABLE,SOLUCION INYECTABLE,UNIDAD,1,,EE03205,MERCK PERUANA
7501298223476,13,DOLO NEUROBIO FORTE,1 x 3 x 1ml +Amp.x3 Nº2x2ml,CAJA,AMPOLLAS,Caja Amp. Nº 1 x 3 x 1ml +Amp.x3 Nº2x2ml,,,,Merck Peruana S.A.
7501298234601,13,EUTIROX 100MCG x 50 TAB.,100MCG,TABLETAS,,CAJA,50,,,MERCK PERUANA
7501298234700,13,EUTIROX 75MCG x 50 TAB.,75mcg,TABLETAS,CAJA,CAJA X 50,50,,,MERCK PERUANA
7501298234809,13,EUTIROX 25MCG X 50 TAB.,25MCG,TABLETAS,,CAJA,50,,,MERCK PERUANA
7501298234908,13,EUTIROX 50MCG x 50 TAB.,50mcg,TABLETAS,CAJA,CAJA X 50,50,,,MERCK PERUANA
7501298244709,13,GLUCOVANCE,250mg+1.25mg,Comprimido,Tableta,Caja Comp.,30,6/11/2011,E13927,MERCK PERUANA
7501298244808,13,GLUCOVANCE,500mg+2.5mg,Comprimido,Tableta,Caja Comp.,30,6/11/2011,E13928,MERCK PERUANA
7501298244907,13,GLUCOVANCE,500mg+5mg,Comprimido,Tableta,Caja Comp.,30,6/11/2011,E13926,MERCK PERUANA
7501299307199,13,VESICARE,5mg,Tableta,Tableta,Caja Tab.,10,11/10/2010,E17780,ALBIS
7501303433500,13,LUCIARA – DERM,200 ML,TUBO,CREMA,CREMA X 200 ML,1,,N-15458-01-MC,BAYER SHERING
7501303436501,13,ICADEN,600mg,Ovulo,Ovulo,Caja Ov.,1,2/28/2011,E9259,BAYER
7501303436518,13,ICADEN 600 MG OVULO X 1,600MG,CAJA,CAJA,OVULO,1,,,BAYER
7501303443202,13,MESIGYNA,,Solución para Inyección,INYECTABLE,Vial X 1 mL,1,11/14/2019,E7703,BAYER
7501303443301,13,MESIGYNA,,Solución para Inyección,Inyectable,Fco. Amp. X 1 mL,1,11/14/2009,E7703,BAYER
7501303443554,13,GYNODIAN DEPOT,,Solución para Inyección,Inyectable,Amp. X 1 mL o Jer. Prell. X 1mL,1,4/8/2013,E15433,BAYER
7501303451528,13,MIRENA,20mcg,Sistema Terapéutico,Sistema,Endoceptivo x 1 + 1 endoceptor,1,9/9/2009,E12148,BAYER
7501303456011,13,PROLUTON DEPOT,250MG,AMPOLLA,AMPOLLA,AMPOLLA,1,,E22458,SCHERING PERUANA
7501303462005,13,SCHERIPROCT,,CAJA,SUPOSITORIO,Sup. x 6,,,EE-00834,Bayer Schering Pharma (Ver BAYER S.A
7501314701704,13,FOSFOCIL,250mg,FRASCO,FRASCO,FCO *   1,1,6/26/2017,E0177380001,LABORATORIOS SENOSIA
7501314701735,13,FOSFOCIL,1g,VIAL,VIAL,VIA *   1,1,,,LABORATORIOS SENOSIA
7501314701766,13,FOSFOCIL,500mg,CAJA,CAJA,CJA *  12,12,6/26/2017,E0177440000,LABORATORIOS SENOSIA
7501314701773,13,FOSFOCIL-GU,3g,CAJA,CAJA,CJA *   1,1,6/21/2017,E0177490001,LABORATORIOS SENOSIA
7501314705542,13,AFUMIX,37.5/500mg,CAJA,CAJA,CJA *   4,4,12/7/2015,,LABORATORIOS SENOSIA
7501318634503,13,ADALAT,10mg,Cápsula,Capsula,Caja Cap.,96,12/15/2004,E12393,BAYER
7501318645806,13,CANESTEN,1%,Polvo Tópico,Polvo,Caja Fco X 20 g,1,9/23/2009,E12192,BAYER
7501326021043,13,HYZAAR,12.5mg+100mg,Tableta,Tableta,Caja Tab.,30,2/5/2012,E19125,MERCK SHARP DOHME
7501326021081,13,FOSAMAX TABX70MGX1,,,,,1,,,MERCK SHARP & DOHME PERU S.R.L.
7501326025096,13,HYZAAR,12.5mg+50mg,Tableta,Tableta,Caja Tab.,30,8/29/2011,E18708,MERCK SHARP DOHME
7501326025430,13,EZETROL,10mg,Comprimido,Tableta,Caja Comp.,10,2/10/2013,E15274,MERCK SHARP DOHME
7501326025621,13,EMEND,125mg+80mg,Cápsula,Capsula,Caja Cap.,1,9/14/2009,E16747,MERCK SHARP DOHME
7501326025676,13,VYTORIN,10mg+10mg,Tableta,Tableta,Caja Tab.,28,8/6/2009,E16647,MERCK SHARP DOHME
7501326025706,13,VYTORIN,10mg+20mg,Tableta,Tableta,Caja Tab.,28,8/6/2009,E16649,MERCK SHARP DOHME
7501326025713,13,VYTORIN,10mg+40mg,Tableta,Tableta,Caja Tab.,28,8/6/2009,E16648,MERCK SHARP DOHME
7501326025836,13,FOSAMAX PLUS,70mg+70mcg,Tableta,Tableta,Caja Tab.,4,10/11/2010,E17677,MERCK SHARP DOHME
7501326026031,13,JANUVIA,100MG,COMPRIMIDO,COMPRIMIDO,CAJA,14,,E23023,MERCK SHARP & DOHME
7501326026109,13,JANUVIA,50mg,Tableta,Tableta,Caja Tab.,14,12/12/2011,E18999,MERCK SHARP DOHME
7501326026161,13,JANUMET,50mg+500mg,Comprimido Recubierto,Tableta,Caja Comp.,28,6/27/2012,E19519,MERCK SHARP DOHME
7501326026178,13,JANUMET,50mg+1000mg,Comprimido Recubierto,Tableta,Caja Comp.,28,6/26/2012,E19513,MERCK SHARP DOHME
7501326050944,13,JANUVIA,100mg,Comprimido Recubierto,Tableta,Caja Comp.,14,10/19/2011,E18868,MERCK SHARP DOHME
7501326051743,13,HYZAAR FORTE,100mg+25mg,Tableta Recubierta,Tableta,Caja Tab.,30,1/2/2010,E13331,MERCK SHARP DOHME
7501326052337,13,COZAAR,50mg,Tableta,Tableta,Caja Tab.,30,1/17/2011,E9101,MERCK SHARP DOHME
7501326052344,13,COZAAR,50mg,Tableta,Tableta,Caja Tab.,15,1/17/2011,E9101,MERCK SHARP DOHME
7501326052832,13,FOSAMAX,70mg,Tableta,Tableta,Caja Tab.,4,4/3/2010,E12776,MERCK SHARP DOHME
7501384545116,13,DEPRECTAL 300MG TAB (OXCARBAZEPINA) CJA X20 UND (NEOLPHARMA),300 MG,TABLETA,TAB,CJA X 20,20,,EE-00042,NEOLPHARMA PERÚ S.A.C
7501384545123,13,DEPRECTAL 600MG - TAB X20 (NEOLPHARMA),600 MG,TABLETA,TAB,CJA X 20,20,,EE00069,NEOLPHARMA PERÚ S.A.C
7501384548261,13,ARQUERA ( DULOXETINA) 30 MG CAJA X 14  CAP (NEOLPHARMA),30 MG,CAPSULA,CAP,CJA X 14,14,11/29/2023,EE06675,NEOLPHARMA PERU S.A.C.
7501385430015,13,AMOXIL,500mg,Cápsula,Capsula,Caja Cap.,100,12/9/2012,E10502,GSK
7501385430121,13,POSIPEN,500mg,Cápsula,Capsula,Caja Cap.,100,2/4/2010,E10599,GSK
7501385430152,13,POSIPEN,250mg,Suspensión,Suspension,Fco. X 60 mL,1,2/22/2013,E20379,GSK
7501406803002,13,DUOFILM,,Solución,Solucion,Fco. X 15 mL,1,8/16/2011,E9726,GSK
7501406808007,13,PRURIX,,Loción,Locion,Fco. X 120 mL,1,9/25/2011,E18795,GSK
7501406809011,13,SASTID,,Jabón,Jabon,Caja Barra X 100 g,1,9/7/2012,E19751,GSK
7501406812172,13,STIEVA A,0.05%,Crema,Crema,Tubo X 30 g,1,9/18/2011,E18771,GSK
7501406812189,13,STIEVA A,0.10%,Crema,Crema,Tubo X 30 g,1,9/1/2011,E18715,GSK
7501406814008,13,SOLUGEL,4%,Gel,Gel,Tubo X 40 g,1,9/26/2011,E9816,GSK
7501406817009,13,DUOPLANT,27%,Gel,Gel,Tubo X 15 g,1,7/12/2010,E13045,GSK
7501406818006,13,TARMED,4%,Champú,Champu,Fco. X 120 mL,1,12/29/2012,E10541,GSK
7501406825011,13,STIEVAMYCIN,0.025%+4%,Gel,Gel,Tubo X 30 g,1,8/2/2011,E14067,GSK
7501406825028,13,STIEVAMYCIN,0.05%+4%,Gel,Gel,Tubo X 30 g,1,8/1/2011,E14064,GSK
7501406829002,13,INDOXYL GEL,,Gel,Gel,Tubo X 30 g,1,1/7/2014,E16121,GSK
7501406834006,13,WARTEC,0.15%,Crema,Crema,Tubo X 5 g,1,5/28/2011,E13887,GSK
7501431794166,13,ZOVIRAX,200mg/5mL,Suspensión,Suspension,Fco. X 125 mL,1,6/12/2012,E14698,GSK
7501559601333,13,AZILECT 1MG,1MG,TABLETAS,TABLETAS,CAJA,30,,E-19151,TEVA
7501559613206,13,LEMBLASTINE,10mg,Solución para Inyección,Inyectable,Caja Vial + Disolvente,1,9/15/2010,E8741,WORLD PHARMA
7501567700714,13,LIDOCAINA SPRAY 10 %,0.1,SPRAY,SPRAY,CAJA,1,,321M2003SSA IV,ZEYCO
7501871721306,13,CORRILAX 17G X 15 SOBRES,17 GR,SOBRE,SBR,CJA X 15,15,3/22/2020,E22213,TECNOFARMA S.A.
7501871721320,13,CORRILAX X 50 SOB.,17 G.,CAJA,SOBRES,Sobres x 50 x 17g,,,EE-00840,Tecnofarma S.A.
7501871772130,13,CORRILAX 17 G,,Polvo,Polvo,SOBRE X 15 UNIDADES,,,EE00840,TECNOFARMA
750215015650,13,HONGODERM,0.02,CREMA,CREMA,CREMA X 2G,1,1/12/2016,N-27375,PORTUGAL
750215178881,13,MENTHOLFROST,,Ungüento,Unguento,Pote X 100 g,1,,N19966,PORTUGAL
7502209290495,13,GELCLAIR,,GEL,GEL,CAJA,1,,DM1495E,HELSINN HEALTHCARE SA
7502241940006,13,ISENTRESS COM 400MG,400mg,FRASCO,FCO,FRASCO,1,,E22939,MERCK SHARP & DOHME
7502241940334,13,AZINZA,100MG,CAPSULA,CAPSULA,CAJA,120,,E20710,MERCK SHARP & DOHME
7502241940891,13,ARCOXIA,120 mg,COMPRIMIDO RECUBIERTO,TABLETA,CAJA COMP,7,5/28/2018,EE08572,MSD
7502241940907,13,ARCOXIA,90MG,Tableta Recubierta,Tableta,Caja Tab.,14,3/6/2012,E23039,MERCK SHARP DOHME
7502241940914,13,ARCOXIA,60MG,TABLETA,TABLETA,CAJA,14,,E23038,MERCK SHARP & DOHME
7502241940921,13,PROPECIA,1mg,Tableta Recubierta,Tableta,Caja Tab.,28,3/8/2009,E11644,MERCK SHARP DOHME
7502241941010,13,SINGULAIR TABX4MGX1,,,,,1,,,MERCK SHARP & DOHME PERU S.R.L.
7502241941034,13,SINGULAIR,10MG,COMPRIMIDO RECUBIERTO,TABLETA,CAJA COMP.,30,4/28/2013,E23041,MERCK SHARP DOHME
7502241941096,13,RENITEC,10mg,Tableta,Tableta,Caja Tab.,60,6/6/2013,E15584,MERCK SHARP DOHME
7502241941102,13,RENITEC,20mg,Tableta,Tableta,Caja Tab.,30,9/9/2013,E15829,MERCK SHARP DOHME
7502241941126,13,HYZAAR FORTE 100/ 25 MG TABX1,,,,,1,,,MERCK SHARP & DOHME PERU S.R.L.
7502241941218,13,CO-RENITEC,20mg+12.5mg,Tableta,Tableta,Caja Tab.,30,6/20/2013,E20777,MERCK SHARP DOHME
7502241941317,13,JANUMET 50/850 MG,50/850 MG CAJA X 28,JANUMET,JANUMET,comprimido,1,1/6/2017,E-23083,JANUMET 50/850 MG CAJA X 28 COMP.(MSD)
7502241941362,13,COZAAR TABX100MGX1,,,,,1,,,MERCK SHARP & DOHME PERU S.R.L.
7502241941515,13,IVEMEND,150MG,VIAL,VIAL,VIAL,1,,E22909,MERCK SHARP & DOHME
7502253070524,13,S-26 GOLD LECHE PLV X 400G,,LATA,LTA,LTA X 1,1,,I1000511ENAP15A,DIMEXA S.A.
7502253070562,13,PROMIL GOLD 2 NF LATA X900 G(LED),,POLVO,POLVO,LATA X 900 G,,,I1000611ENAPISA,"WYETH, S. DE R.L. DE C.V."
7502253070593,13,PROGRESS GOLD POLVO LATA X 900 G,900 G,POLVO,POLVO,FRASCO X 900 G,1,,I3000511ENAPISA,ASPEN PERU S.A.
7502253070623,13,PROMISE PE GOLD POLVO LATA X 900 G (LED),,POLVO,POLVO,LATA X 900 G,,,I9000313ENANSMR,"WYETH, S. DE R.L. DE C.V."
7502253071590,13,LECHE,,FRASCO,FRASCO,FCO *   1,1,6/26/2017,,WYETH
7502253071637,13,S-26 PDF GOLD PREMATUROS LECHE PLV X 400G,,LATA,LTA,LTA X 1,1,,I1001316ENAPPR,DIMEXA S.A.
7502253071668,13,S - 26 GOLD COMFORT LTA 400GR (ASPEN),400GR,LATA,LTA,LATA,1,,I1000216E,ASPEN
7502253073358,13,S-26 COMFORT ALULA 400 GR,400 GR,FRASCO,FCO,CJA X 1,1,5/29/2023,1000518E,APEN PERU S.A.
7503000883558,13,TRACTOCILE 6.75MG/ 0.90MLX1VIA,6.75mg,ampolla,caja,,1,,,BIOPAS
7503000883565,13,TRACTOCILE 37.5MG/ 5MGMLX1VIA,37.5mg,ampolla,caja,,1,,,BIOPAS
7503000883602,13,MENOPUR,75UI,AMPOLLA,AMP,CAJA X 5 UNIDADES,5,,BE00663,BIOPAS
7503013040658,13,SUSTAGEN X 400 GR VAINILLA,N/A,POLVO,POLVO,LATA X 400 GR,1,3/14/2019,19000514E NAMAJH,MEAD JOHNSON
7503013040689,13,SUSTAGEN X 400 GR CHOCOLATE,N/A,POLVO,POLVO,LATA X 400 GR,1,3/14/2019,19000614E NAMAJH,MEAD JOHNSON
750304002479,13,CEFACLOR,250MG/5ML,FCO,FCO,JARABE,1,,N-3357,FARMINDUSTRIA
750304052214,13,ACETAZOLAMIDA,250mg,Tableta,Tableta,Caja Tab.,30,,NG3379,FARMINDUSTRIA
7506205800979,13,LECHE ENFAMIL-1 PREM HIERR,,POLVO,POLVO,TARRO,1,,I1002209E,MEAD JOHNSON
7506205803796,13,ENFAGROW PREMIUM VAINILLA  INTELI DHA NF X 900GR,,,,,1,,,MEAD JOHNSON NUTRITION (PERU) S.R.L.
7506205803833,13,ENFAGROW PREMIUM INTELI DHA NF X 900GR,,,,,1,,,MEAD JOHNSON NUTRITION (PERU) S.R.L.
7506205807831,13,ENFAMIL PREMIUM DIGEST + A.E. POLVO LATA X 352 G (MDJ),,POLVO,POLVO,LATA X 352 G,,,I1001815E NAMAJH,MEAD JOHNSON NUTRICION (PERÚ) S.R.L.
7506205810398,13,LECHE ENFAMIL ENFACAR PREM PLV 363G,,TARRO,TAR,TARRO,1,,I100151,MEAD JOHNSON
751208101630,13,MELOXIC 15MG/1.5ML AMPOLLA X 1.5ML,15MG/1.5ML,INYECTABLE,INYECTABLE,CAJA,1,,E18107,TEVA
752092000187,13,YODOX SOLUCION,10% Fco. x 60ml,FRASCO,FRASCO,10% Fco. x 60ml,1,12/1/2019,EN-00179,(GENCOPHARMAC.)
753803000298,13,BUPIVACAINA HIPERBARICA,0.5%,AMPOLLA,AMPOLLA,UN,1,3/11/2021,R.S EE-02733,DROGUERIA DANY
7550215008836,13,UROALIV,,CAJA,TABLETAS,Caja Tab. Rec. x 30,,,N-25252,Lab. Portugal S.R.L.
7551940000256,13,HIRUDOID FORTE POMADA,14g,POMADA,POMADA,Tubo x 14g,1,2/1/2019,N - 24216,DEUTSCHE PHARMA
7556133000044,13,KOMBIGLYZE,5/1000,COMPRIMIDOS,COMPRIMIDOS,CAJA,28,,E-22967,ASTRA-ZENECA
7590002012468,13,VAPORUB,,Ungüento,Unguento,Pote X 50 g,1,8/19/2010,E17575,PROCTER&GAMBLE
7590002012475,13,VAPORUB,,Ungüento,Unguento,Pote X 100 g,1,8/19/2010,E17575,PROCTER&GAMBLE
7590019030387,13,METHERGIN,0.125mg,Gragea,Tableta,Caja Grag.,30,3/26/2012,E19262,NOVARTIS BIOSCIENCES
7590019178423,13,GLIVEC,400mg,Comprimido Recubierto,Tableta,Caja Comp.,30,5/14/2013,E20651,NOVARTIS BIOSCIENCES
7591019000295,13,FENISTIL,0.10%,Gel,Gel,Tubo X 30 g,1,1/13/2014,E16124,NOVARTIS BIOSCIENCES
7591044001526,13,LASIX,20MG,AMPOLLA,AMPOLLA,CAJA,5,,E14385,SANOFI-AVENTIS
7591044002745,13,TRENTAL,400mg,Gragea,Tableta,Caja Grag.,20,6/10/2014,E21755,SANOFI
7591044005623,13,ARAVA,20mg,CAJA,COMPRIMIDOS,20mg Comp. x 30,,,E-11624,Grupo Sanofi Aventis
7591044006163,13,AMARYL,2MG,TABLETA,TABLETA,CAJA,15,,E17196,SANOFI-AVENTIS
7591044006170,13,AMARYL,4MG,TABLETA,TABLETA,CAJA,15,,E17197,SANOFI-AVENTIS
7591044008952,13,ALLEGRA,120mg,Tableta Recubierta,Tableta,Caja Tab.,10,11/11/2014,E22042,SANOFI
7591044009010,13,ALLEGRA,180MG,TABLETA,TABLETA,CAJA,10,,E22034,SANOFI-AVENTIS
7591044009171,13,NOVALGINA,250mg/5mL,Jarabe,Solucion,Fco. X 60 mL,1,11/7/2010,E8873,SANOFI
7591044009225,13,NOVALGINA,500/1 15 ml.,GOTAS,GOTAS,FRASCO,1,,E21897,SANOFI-AVENTIS
7591044009423,13,ALLEGRA D,60mg+120mg,Tableta,Tableta,Caja Tab.,10,10/29/2014,E22012,SANOFI
7591044009799,13,LASIX,40mg,Comprimido,Tableta,Caja Comp.,24,7/10/2010,E8618,SANOFI
7591044010276,13,ALLEGRA,180mg,Tableta Recubierta,Tableta,Caja Tab.,10,11/9/2014,E22034,SANOFI
7591044106245,13,LANTUS,1000UI/10mL,Polvo para Solución Inyectable,Inyectable,Caja Vial X 10 mL,1,7/9/2012,BE00407,SANOFI
7591044107037,13,NOVALGINA,1g/2mL,Solución para Inyección,Inyectable,Amp. X 2 mL,5,2/14/2012,E14380,SANOFI
7591044107983,13,BATRAFEN,8%,Laca,Solucion,Fco. X 3 g,1,12/22/2013,E7181,SANOFI
7591044108904,13,URBADAN,10mg,Comprimido,Tableta,Caja Comp.,100,4/3/2012,E10152,SANOFI
7591044110006,13,LANTUS 100UI / ML CARTUCHO.(AVENTIS),,,,,1,,,AVENTIS PHARMA
7591044207560,13,RIFOCINA,1%,SPRAY,SPRAY,FRASCO,1,,E8732,SANOFI-AVENTIS
7591044300506,13,NEOFLAX,4mg,Tableta,Tableta,Caja Tab.,12,1/31/2010,E17057,SANOFI
7591044400534,13,CLEXANE,60mg/0.6mL,Solución para Inyección,Inyectable,Caja Jer. Prell. X 0.6 mL,2,1/10/2012,BE00387,SANOFI
7591044401166,13,PROFENID,,Gel,Gel,Tubo X 30 g,1,1/23/2012,E14320,SANOFI
7591044401180,13,PROFENID,100mg/2mL,Solución para Inyección,Inyectable,Amp. X 2 mL,6,2/7/2014,E7323,SANOFI
7591044401210,13,PROFENID IV,100MG,VIAL,VIAL,CAJA,6,,E12195,SANOFI-AVENTIS
7591044401234,13,RILUTEK 50 MG,,TAB,TAB,CAJA X 56 UNIDADES,,,E15317,SANOFI - AVENTIS S.A.
7591044401241,13,SECNIDAL,500MG,SUSPENSION,SUSPENSION,FRASCO,1,,E19295,SANOFI-AVENTIS
7591044402156,13,PROFENID,100MG,COMPRIMIDO,COMPRIMIDO,CAJA,30,,E13915,SANOFI-AVENTIS
7591044402224,13,FLAGYL,500 MG,CAJA,COMPRIMIDOS,500mg Comp. x 20,,,EE-02705,Grupo Sanofi Aventis
7591044402255,13,FLAGYL,500mg,Ovulo,Ovulo,Caja Ov.,10,11/26/2011,E14214,SANOFI
7591044402323,13,SECNIDAL,500mg,Comprimido,Tableta,Caja Comp.,4,7/19/2011,E14034,SANOFI
7591044403146,13,FLAGYL SUSP 4% FCOx125MGx120ML,,,,,1,,,AVENTIS PHARMA
7591044403153,13,FLAGYL,250mg/5mL,Suspensión,Suspension,Fco. X 120 mL,1,7/19/2011,E14039,SANOFI
7591044403184,13,FLAGYSTATINE,"500MG/100,000UI",OVULO,OVULO,CAJA,10,,E14355,SANOFI-AVENTIS
7591044601955,13,FLAGYL IV VIA 0.5% 100ML,0.5%,SOLUCION,SOLUCION,VIAL,1,,E14746,SANOFI-AVENTIS
7591044912419,13,ACTONEL,150mg,Tableta,Tableta,Caja Tab.,1,3/19/2014,E21613,SANOFI
7591055601951,13,FLAGYL,500mg/100mL,Solución Inyectable para Infusión IV,Inyectable,Bolsa X 100 mL,1,6/27/2012,E14746,SANOFI
7591142000940,13,ACTOS MET,15mg+850mg,Tableta Recubierta,Tableta,Caja Tab.,30,5/6/2013,E20631,ABBOTT
7591142001183,13,LECHE SIMILAC SPEC CARE 24 LIQ 2 OZ,,SOLUCION,SOLUCION,CAJA,48,,I1000310E,ABBOTT
7591142001197,13,SIMILAC SPECIAL CARE 24 KCAL,24 Kcal/onza fluida,fórmula líquida,líquido,caja x 48 frascos,48,,I1000310E/NAABLB,Abbott Laboratorios S.A.
7591165304902,13,CANESTEN,1%,Crema,Crema,Tubo X 20 g,1,3/2/2013,E6582,BAYER
7591165304926,13,CANESTEN,1%,Solución,Solucion,20 mL,1,4/29/2014,E11786,BAYER
7591165810021,13,CIPROXINA 500,500mg,Tableta,Tableta,Caja Tab.,50,11/30/2010,E8943,BAYER
7591165810076,13,CIPROXINA 200MG/100ML AMP X 1,200mg,AMPOLLA,CAJA,CAJA X 1,1,,,BAYER
7591165810083,13,CIPROXINA SOL I.V 400MGX200ML,,,,,1,,,BAYER S.A.
7591165810519,13,CIPROXINA XR,1g,Tableta Recubierta,Tableta,Caja Tab.,3,2/17/2010,E17118,BAYER
7591165820020,13,BAYCUTEN N,,Crema,Crema,Tubo X 20 g,1,11/22/2009,E12315,BAYER
7591165820402,13,GYNOCANESTEN 3,,Comprimido Vaginal,Ovulo,Caja Comp.,3,5/28/2009,E11864,BAYER
7591165820419,13,GYNOCANESTEN 1,500mg,Comprimido Vaginal,Ovulo,Caja Comp.,1,11/4/2013,E11272,BAYER
7591165820501,13,CANESTEN,1%,Solución,Solucion,20 mL,1,4/27/2009,E11782,BAYER
7591165840110,13,NEXAVAR 200MG X 60,200mg,TABLETAS,TABLETAS,CAJA,60,,EE-03299,BAYER
7591165840158,13,XUNIRO 10MG TAB CJAX14,10 MG,TABLETA,TAB,CJA X 14,14,1/14/2018,EE00024,SANOFI-AVENTIS DEL PERU S.A
7591165860101,13,ADALAT OROS,60mg,Tableta,Tableta,Caja Tab.,16,2/15/2010,E12635,BAYER
7591165860477,13,ADALAT OROS,20mg,Tableta,Tableta,Caja Tab.,16,11/24/2013,E11342,BAYER
7591165860484,13,ADALAT OROS,30mg,Tableta,Tableta,Caja Tab.,16,12/30/2009,E12458,BAYER
7591165860491,13,ADALAT-OROS TABX60MGX1,,,,,1,,,BAYER S.A.
7591165860644,13,ADALAT OROS 20MG,20 MG%,CAJA,TABLETAS,20MG x14 TABLETAS,,,E-11342,Bayer Schering Pharma (Ver BAYER S.A.)
7591223936021,13,MOBIC AMPx15MGx1.5ML x1,,,,,1,,,BOEHRINGER INGELHEIM
7591257000064,13,ATAMEL,500mg,Tableta,Tableta,Caja Tab.,200,8/22/2011,E9740,PFIZER
7591257000071,13,DIABINESE,250mg,Tableta,Tableta,Caja Tab.,100,10/30/2013,E11259,PFIZER
7591257000088,13,FELDENE,20mg,Cápsula,Capsula,Caja Cap.,10,2/17/2014,E16241,PFIZER
7591257000156,13,QUANTREL,100mg,Tableta,Tableta,Caja Tab.,12,12/23/2012,E6353,PFIZER
7591257000170,13,TERRAMICINA,,Ungüento Tópico,Unguento,Tubo X 15 g,1,1/26/2011,E13579,PFIZER
7591257000187,13,UNASYN,250mg/5mL,Suspensión,Suspension,Fco. X 30 mL,1,1/20/2013,E6432,PFIZER
7591257000194,13,UNASYN,250mg/5mL,Suspensión,Suspension,Fco. X 60 mL,1,1/20/2013,E6432,PFIZER
7591257000224,13,UNASYN,375mg,Tableta,Tableta,Caja Tab.,60,1/20/2013,E6433,PFIZER
7591257000248,13,VIBRAMICINA,100mg,Cápsula,Capsula,Caja Cap.,50,2/6/2013,E20287,PFIZER
7591257000255,13,QUANTREL,,Suspensión,Suspension,Fco. X 15 mL,1,9/6/2009,E16716,PFIZER
7591257000286,13,COMBANTRIN,250mg/5mL,Suspensión,Suspension,Fco. X 15 mL,1,2/5/2013,E6494,PFIZER
7591257000316,13,TROSYD,1%,Crema Tópica,Crema,Tubo X 20 g,1,1/30/2011,E13587,PFIZER
7591257000347,13,DIFLUCAN,150mg,Cápsula,Capsula,Caja Cap.,2,6/9/2016,E22502,PFIZER
7591257000361,13,TROSYD,28%,Solución,Solucion,Fco. X 10 mL,1,3/11/2014,E11654,PFIZER
7591257001672,13,MYLANTA ROLLTABS,,Tableta Masticable,Tableta,Dspl. Tbo. Menta,12,6/24/2010,E17451,JOHNSON&JOHNSON
7591257001979,13,DALACIN T,1%,Solución Tópica,Solucion,Fco. X 30 mL,1,6/7/2010,E8399,PFIZER
7591257002112,13,LINCOCIN,600mg,Solución para Inyección,Inyectable,Amp. X 2 mL,1,7/25/2013,E20866,PFIZER
7591257002273,13,DEPO-MEDROL,40MG,VIAL,VIAL,VIAL,1,,E12155,PFIZER
7591257002501,13,PROVERA,5 MG,CAJA,TABLETAS,5mg Tab. x 30,1,5/1/2021,E-21405,PFIZER
7591257002679,13,MEDROL,16MG,TABLETA,TABLETA,CAJA,7,,E22287,PFIZER
7591257002730,13,XANAX,0.50MG,TABLETA,TABLETA,CAJA,100,,E21293,PFIZER
7591257002976,13,GENOTROPIN,16UI,Polvo Liofilizado para Solución Inyectable,Inyectable,Caja Amp. + Solvente,1,12/26/2006,E10001,PFIZER
7591257004635,13,ZYVOX,600MG,TABLETA,TABLETA,CAJA,10,,E18482,PFIZER
7591257004734,13,ZYVOX,200 mg/100 mL,SOLUCION INYECTABLE,INY,Caja x 10 Bolsas,10,,R.S. N° E-13157,Pfizer
7591257014306,13,CYTOTEC,200MCG,TABLETA,TABLETA,CAJA,28,,E20705,PFIZER
7591821003644,13,DOLOFAST,100mg,Tableta,Tableta,Caja Tab.,10,3/26/2014,E11681,FARMAKONSUMA
7592228001271,13,TERATOS,,Jarabe,Solucion,Fco. X 90 mL,1,8/22/2011,E14106,FARMAKONSUMA
7592228002131,13,KALMAX COMPOSITUM,,Tableta Masticable,Tableta,Caja Tab.,10,4/29/2014,E21671,FARMAKONSUMA
7592229002215,13,DUOPRES,2.5mg+10mg,Cápsula,Capsula,Caja Cap.,24,8/12/2009,E16662,FARMAKONSUMA
7592229002239,13,DUOPRES,5mg+10mg,Cápsula,Capsula,Caja Cap.,24,8/17/2009,E16673,FARMAKONSUMA
7592229002253,13,DUOPRES,5mg+20mg,Cápsula,Capsula,Caja Cap.,24,8/12/2009,E16661,FARMAKONSUMA
7592229002277,13,RIDRINAL D,,Tableta Recubierta,Tableta,Caja Tab.,10,2/21/2010,E17126,FARMAKONSUMA
7592229002284,13,RIDRINAL D,,Suspensión Oral,Suspension,Fco. X 120 mL,1,11/26/2013,E21266,FARMAKONSUMA
7592229002666,13,IBUDEN,,Tableta Recubierta,Tableta,Caja Tab.,10,2/5/2014,E16201,FARMAKONSUMA
7592229002680,13,KEFLEX,250 mg/5 ml,Cefalexina,Suspensión oral,100 ml,1,9/1/2019,EE-02294,FARMAKONSUMA S.A.
7592229002802,13,KEFLEX,500mg,Tableta,Tableta,Caja Tab.,24,3/2/2011,E18190,FARMAKONSUMA
7592229002819,13,RIDRINAL,120mg,Tableta Recubierta,Tableta,Caja Tab.,10,5/5/2011,E18353,FARMAKONSUMA
7592229003144,13,ARANDA,2.5mg+50mg,Cápsula,Capsula,Caja Cap.,30,3/15/2012,E19236,FARMAKONSUMA
7592229003151,13,ARANDA,5mg+100mg,Cápsula,Capsula,Caja Cap.,30,3/16/2012,E19238,FARMAKONSUMA
7592229003229,13,UROCIT K,1080mg,Tableta,Tableta,Fco. Tab.,100,7/13/2012,E19560,FARMAKONSUMA
7592229003304,13,FIXOPAN PLUS,,Tableta,Tableta,Caja Tab.,4,11/17/2013,E21244,FARMAKONSUMA
7592229003328,13,BONAMES,150mg,Tableta Recubierta,Tableta,Caja Tab.,1,8/24/2014,E21882,FARMAKONSUMA
7592229003403,13,UROCIT K,1080mg,Tableta,Tableta,Fco. Tab.,14,7/13/2012,E19560,FARMAKONSUMA
7592231000674,13,BEDOYECTA TRI,,Solución para Inyección,Inyectable,Amp. X 2 mL,1,6/14/2012,E13947,FARMAKONSUMA
7592231001343,13,FIXOPAN,70mg,Tableta,Tableta,Caja Tab.,4,10/23/2012,E14930,FARMAKONSUMA
7592485501170,13,DERMOVATE,0.05%,Loción Capilar,Locion,Fco. X 30 mL,1,6/28/2012,E14748,GSK
7592620000063,13,POSTINOR 2,0.75mg,Comprimido,Tableta,Caja Comp.,2,11/20/2011,E14208,FARMAGE
7594002620036,13,UTROGESTAN,100mg,Cápsula Blanda,Capsula,Caja Cap.,15,3/22/2012,E19251,BIOPAS
7594002620128,13,ANDROGEL,50mg,Gel,Gel,Caja Sachet X 5 g,4,6/7/2011,E18458,BIOPAS
7594002621248,13,PENTASA 1G GRANULADO SOBRE CJA X 30,1G,SOBRE,SBR,CAJA X 30,30,,EE-00327,BIOPAS SA
7594002621583,13,MINIRIN COM,0.2MG,CAJA,CAJA,CAJA,30,1/30/2017,E22131,FERRING
7594002621729,13,DAFLON,500MG,TABLETAS,TABLETAS,CAJA,80,,E-8673,BIOPAS
7594002621736,13,DIAMICRON-MR,30MG,COMPRIMIDO,COMPRIMIDO,CAJA,30,,E16205,BIOPAS
7594002621743,13,NATRILIX SR X 1 COMP,,,,,1,,,GRUNENTHAL PERUANA S.A.
7594002622108,13,COVERAM 10/10 MG X 30 COMP,10/10 mg,comprimido,caja,,160,,,BIOPAS
7594002622160,13,PENTASA 2G GRANULADO SOBRE CJA X 30,2G,SOBRE,SBR,CAJA X 30,30,,E-23000,BIOPAS SA
7594002622351,13,PENTASA SUP 1G,1G,CAJA,CJA,CAJA,1,,EE03267,FERRING
7595980036810,13,DISLEP COMP 25MG X 1,,,,,1,,,FERRER INTERNACIONAL S.A.
7612076457256,13,CETAPHIL GEL LIGERO FPS 50 100 ML,100 ML,TUBO,TBO,CJA X 1,1,8/18/2016,NSOC56408-13CO,GALDERMA PERU LABORATORIOS S.A.
7612197800006,13,INMUNEX PLUS 500MG SOBRES X 12GR,500MG,SOBRES,SOBRES,SOBRES,1,,DE-0886,VICTUS
7612367002622,13, MEDELA PURELAN 100 CREMA TUBO X 7 G (HALLMARK) ,,CREMA,CREMA,TUBO X 7 G,,,NSOC26309-16PE,HALLMARK
7612377004050,13,SANDOGLOBULINA VIA 6G 100ML,6G,SOLUCION,SOLUCION,VIAL,1,,BE00373,CSL BEHRING
7612377004272,13,PRIVIGEN,5g,VIAL,VIAL,VIA *   1,1,4/28/2017,,CSL BEHRING
7612377005880,13,HIZENTRA 20% AMP CJA X 1,"20,00%",AMPOLLA,AMP,CJA X 1,1,7/31/2020,BE01010,MEGA LABS LATAM S.A.
7612711000304,13,ZYRTEC,5mg/5mL,Solución,Solucion,Caja Fco. X 60 mL,1,3/25/2009,N17366,GSK
7612711000328,13,XYZAL,5mg,Tableta Recubierta,Tableta,Caja Tab.,10,2/11/2014,E16216,GSK
7612711000403,13,ZYRTEC,10mg,Comprimido,Tableta,Caja Comp.,100,8/14/2012,N16441,GSK
7612711517222,13,ZYRTEC,10mg/mL,Gotas,Solucion,Fco. X 10 mL,1,5/16/2010,E12883,GSK
7612791008207,13,VOLTAREN,50mg,Gragea,Tableta,Caja Grag.,100,1/12/2014,E21425,NOVARTIS BIOSCIENCES
7612791013508,13,ANAFRANIL SR,75mg,Gragea,Tableta,Caja Grag.,20,2/1/2012,E14341,NOVARTIS BIOSCIENCES
7612791019227,13,TEGRETOL-CR,400MG,TABLETA,TABLETA,CAJA,30,,E18450,NOVARTIS
7612791022999,13,VOLTAREN SR,100mg,Gragea,Tableta,Caja Grag.,30,7/27/2011,E14060,NOVARTIS BIOSCIENCES
7612791062759,13,MIACALCIC,200UI,Spray Nasal,Solucion Nasal,Spray X 14 Dosis,1,6/20/2011,E18499,NOVARTIS BIOSCIENCES
7612791262890,13,VOLTAREN FORTE,,Comprimido Recubierto,Tableta,Caja Comp.,10,12/1/2010,E17886,NOVARTIS BIOSCIENCES
7612791275173,13,DIOVAN HCT,80mg+12.5mg,Comprimido,Tableta,Caja Comp.,28,4/1/2013,E10802,NOVARTIS BIOSCIENCES
7612791281471,13,ZURCAL,20mg,Gragea,Tableta,Caja Grag.,7,8/21/2013,E11088,QUILAB
7612791336287,13,SYNVISC JER PRE 8MG 2ML,8MG,AMPOLLA,AMPOLLA,JERINGA PRELLENADA,1,,E6253IMM,SANOFI-AVENTIS
7612791400872,13,SANDOSTATIN VIAL MULX0.2MGX5ML,,,,,1,,,NOVARTIS BIOSCIENCES PERU S.A.
7612791401442,13,NAVOBAN IV,5MG,AMPOLLA,AMPOLLA,AMPOLLA,1,,E6267,NOVARTIS
7612791417924,13,RITALIN LA,30mg,Cápsula,Capsula,Caja Cap.,30,11/20/2008,E16017,NOVARTIS BIOSCIENCES
7612791417948,13,RITALIN LA,20mg,Cápsula,Capsula,Caja Cap.,30,11/21/2013,E16023,NOVARTIS BIOSCIENCES
7612791423420,13,GENTEAL,,Colirio,Solucion Oftalmica,Fco. X 10 mL,1,4/4/2010,E12781,NOVARTIS BIOSCIENCES
7612791441288,13,ZADITEN GTS OFT 0.025% 5ML,0.025%,GOTAS OFTALMICAS,GOTAS OFTALMICAS,FRASCO,1,,E15256,NOVARTIS
7612791448195,13,DIOVAN HCT,160mg+12.5mg,Comprimido Recubierto,Tableta,Caja Comp.,28,10/3/2013,E21099,NOVARTIS BIOSCIENCES
7612791496202,13,STALEVO,100mg+25mg+200mg,Comprimido,Tableta,Fco. Comp.,30,1/7/2010,E16979,NOVARTIS BIOSCIENCES
7612791496219,13,STALEVO,150mg+37.5mg+200mg,Comprimido,Tableta,Fco. Comp.,30,1/7/2010,E16978,NOVARTIS BIOSCIENCES
7612791496226,13,STALEVO,50mg+12.5mg+200mg,Comprimido,Tableta,Fco. Comp.,30,11/13/2013,E21234,NOVARTIS BIOSCIENCES
7612797002810,13,SANDOSTATIN-LAR,20MG,JERINGA PRELLENADA,JERINGA PRELLENADA,JERINGA PRELLENADA,1,,E17718,NOVARTIS
7612797003398,13,GENTEAL GEL OFT  10G,10G,UNGUENTO OFTALMICO,UNGUENTO OFTALMICO,TUBO,1,,E15655,NOVARTIS
7612797005200,13,RITALINA,10mg,CAJA,CAJA,CJA *  30,1,9/9/2016,E0162890000,NOVARTIS
7612797011232,13,FEMARA,2.5mg,Comprimido,Tableta,Caja Comp.,30,8/7/2012,E10364,NOVARTIS BIOSCIENCES
7612797044537,13,ACLASTA,5mg/100mL,Solución para Inyección,Inyectable,Fco. X 100 mL,1,12/5/2010,E17907,NOVARTIS BIOSCIENCES
7612797053720,13,DIOVAN-HCT,160/25.0MG,COMPRIMIDO,COMPRIMIDO,CAJA,14,,E21034,NOVARTIS
7612797058565,13,TRILEPTAL,300/5,SUSPENSION,SUSPENSION,FRASCO,1,,E14410,NOVARTIS
7612797094891,13,EXELON,1.5mg,Cápsula,Capsula,Caja Cap.,28,6/30/2013,E15652,NOVARTIS BIOSCIENCES
7612797094907,13,EXELON CAPX6.0MGX1,,,,,1,,,NOVARTIS BIOSCIENCES PERU S.A.
7612797095317,13,EXELON,3mg,Cápsula,Capsula,Caja Cap.,28,3/24/2013,E15389,NOVARTIS BIOSCIENCES
7612797096314,13,EXFORGE,160mg+5mg,Comprimido,Tableta,Caja Comp.,28,5/12/2013,E20642,NOVARTIS BIOSCIENCES
7612797096468,13,EXFORGE,80mg+5mg,Comprimido,Tableta,Caja Comp.,28,3/29/2012,E19271,NOVARTIS BIOSCIENCES
7612797098899,13,GALVUS,50MG,COMPRIMIDO,COMPRIMIDO,CAJA,28,,E20609,NOVARTIS
7612797101803,13,EXFORGE,160mg+10mg,Comprimido,Tableta,Caja Comp.,28,3/20/2012,E19244,NOVARTIS BIOSCIENCES
7612797102831,13,GALVUS 50 MG,50 MG,TABLETA,TAB,CAJA X 56 UNIDADES,56,,E206090,NOVARTIS
7612797104040,13,EXFORGE,160mg+5mg,Comprimido,Tableta,Caja Comp.,14,3/29/2012,E19268,NOVARTIS BIOSCIENCES
7612797104088,13,EXFORGE,160mg+10mg,Comprimido,Tableta,Caja Comp.,14,3/20/2012,E19244,NOVARTIS BIOSCIENCES
7612797105948,13,TEGRETOL,2%,JARABE,JARABE,FRASCO,1,,E20925,NOVARTIS
7612797110546,13,TASIGNA,200MG,CAPSULA,CAPSULA,CAJA,112,,E20474,NOVARTIS
7612797117217,13,RASILEZ,300mg,Tableta,Tableta,Caja Tab.,28,9/13/2012,E19779,NOVARTIS BIOSCIENCES
7612797124970,13,GALVUS MET,50mg+1g,Comprimido Recubierto,Tableta,Caja Comp.,60,5/7/2015,E22249,NOVARTIS BIOSCIENCES
7612797130667,13,GALVUS-MET,50/1000MG,COMPRIMIDO,COMPRIMIDO,CAJA,30,,E22249,NOVARTIS
7612797138793,13,EXELON PATCH 10,18mg(9.5mg/24h),Parche,Parche,Caja Sob. X 10 cm2,30,3/17/2013,E20478,NOVARTIS BIOSCIENCES
7612797138816,13,EXELON PATCH 5,9mg(4.6mg/24h),Parche,Parche,Caja Sob. X 5 cm2,30,3/14/2013,E20477,NOVARTIS BIOSCIENCES
7612797158579,13,RASILEZ HCT,300mg+12.5mg,Comprimido,Tableta,Caja Comp.,28,8/20/2014,E21879,NOVARTIS BIOSCIENCES
7612797158609,13,RASILEZ HCT,300mg+25mg,Comprimido,Tableta,Caja Comp.,28,8/19/2014,E21869,NOVARTIS BIOSCIENCES
7612797160701,13,EXFORGE 5/160MG X 28 TAB,5/160MG,TABLETAS,caja,,28,,,NOVARTIS
7612797165614,13,EXFORGE HCT 160/5/12.5MG X 28C,160/5/12.5mg,CAJA,CAJA,TABLETAS,28,,,NOVARTIS
7612797165652,13,EXFORGE HCT 160+10+12.5MG X 28,160 mg,TABLETAS,CAJA,CAJA X 28,28,,,NOVARTIS
7612797172339,13,GLIVEC 400 MG X 30 COMPR.,40mg,CAJA,CAJA,COMPRIMIDO,30,,,NOVARTIS
7612797178799,13,LUCENTIS,,VIAL,VIAL,VIAL,1,,BE00378,NOVARTIS
7612797203644,13,DIOVAN HCT 80/12.5MG X 28 COMP,80/12.5mg,caja,,compremido,28,,,novartis
7612797204108,13,TEGRETOL,2%,JARABE,SOLUCION ORAL,FRASCO x 100 mL,1,8/19/2018,EE03478,NOVARTIS
7612797204344,13,DIOVAN HCT 160+12.5MG X 28 COM,160/12.5mg,comprimido,caja,,28,,,NOVARTIS
7612797214411,13,ACLASTA,5MG/100ML,FRASCO,AMP,1,,,en-00263,NOVARTIS PHARMA
7612797217221,13,ONBRIZE CAP INH 150MCG,150MCG,CAPSULA PARA INHALACION,CAPSULA PARA INHALACION,CAJA,30,,EE00090,NOVARTIS
7612797227305,13,EXFORGE HCT,160/5/12.5MG,COMPRIMIDOS,COMPRMIIDOS,CAJA,28,,EE-04889,NOVARTIS
7612797228371,13,EXFORGE HCT 10MG/160MG/25MG,10MG/160MG/25MG,TAB,TAB,CAJA X 28,,,EE02426,NOVARTIS FARMACEUTICA S.A.
7612797239261,13,EXELON PATCH 5,9 mg (4.6 mg/24 h),Parche Transdérmico,PARCHE,Caja Sobre Parches,30,3/14/2018,EE04107,NOVARTIS
7612797239278,13,EXELON PATCH 10,18 mg (9.5 mg/24 h),Parche Transdérmico,PARCHE,Caja Sobre x 10 cm2,30,3/17/2018,EE04105,NOVARTIS
7612797244265,13,CERTICAN 0.75 MG X 60 COMP.,0.75mg,comprimido,caja,,60,,,NOVARTIS
7612797244340,13,AFINITOR 5 MG TAB CJA X 30,5 MG,TABLETA,TAB,CJA X 30,30,4/11/2024,E23210,NOVARTIS BIOSCIENCES PERU S.A.
7612797250723,13,GALVUS-MET,50/500 MG,COMPRIMIDO,COM,CJA,60,,EE00900,NOVARTIS
7612797250730,13,GALVUS-MET,50% X 850 MG,COMPRIMIDO,COM,CJA,60,,EE00865,NOVARTIS
7612797250761,13,GALVUS MET,50 /1000mg,COMPRIMIDOS,COMP,CAJA,60,,EE-00869,Novartis Pharma Biosciences Perú S.A.
7612797252079,13,AFINITOR 10MG X 30,10 MG,TABLETA,TAB,CAJA X 30,30,,E-23211,NOVARTIS
7612797257579,13,VOLTAREN 50MG GRAG. X 100,50MG,GRAGEAS,GRAGEAS,CAJA,100,,E-23143,NOVARTIS
7612797257609,13,VOLTAREN SR,100 MG.,TABLETS,TABELTAS,CAJA,30,,EE-03802,NOVARTIS
7612797259207,13,XOLAIR,150 MG,SOLUCION PARA INYECCION,Inyectable,Caja Amp.,1,,BE00638,NOVARTIS BIOSCIENCIES PERU
7612797260821,13,EXELON PATCH 15 CM PARCHE CJA X 30,15CM,UNIDAD,UND,CAJAX30,30,,EE-04344,NOVARTIS PHARMA
7612797262733,13,GALVUS,50mg,CAJA,TABLETAS,50mg Caja Tab. x 56,,,EE-01103,Novartis Pharma Biosciences Perú S.A.
7612797279090,13,SEEBRI,50mcg,CAJA,CAJA,CJA *  30,1,7/13/2016,,NOVARTIS
7612797286340,13,EXELON PATCH,5cm2,CAJA,PARCHE,5cm2 Parche x 30,,,EE-04107,Novartis Pharma Biosciences Perú S.A.
7612797291542,13,JAKAVI,5MG,Comprimido,Comprimido,Caja Comp.,60,,,NOVARTIS
7612797292471,13,FEMARA TAB 2.5MG X1,,,,,1,,,NOVARTIS BIOSCIENCES PERU S.A.
7612797295182,13,ONBRIZE BREEZHALER,300 MG,CAPSULAS,CAPSULAS,300 MG CAP. DURAS X 30,1,,EE-00065,NOVARTIS PHARMA
7612797299173,13,SANDIMMUN NEORAL 50MG X 50CAPS,50MG,CAPSULA,caja,,50,,,NOVARTIS
7612797300992,13,ULTIBRO BREEZHALER,0.003,POLVO,POLVO,POLVO PARA INHALACION EN CPS. DURA,1,,NEE00495,NOVARTIS
7612797303214,13,TASIGNA 150 MG CAP CJA X 120,150 MG,CAPSULA,CAP,CJA X 120,120,7/9/2018,E23079,NOVARTIS S.A.
7612797304334,13,FEMARA 2.5MG CAJA X 30,2.5MG,TABLETAS RECUBIERTAS,TABELTAS,CAJAS,30,,EE-03281,NOVARTIS
7612797329689,13,TEGRETOL CR 400MG X 30 GRAGEAS,400mg,caja,,Grageas,30,,,novartis
7612797358474,13,REVOLADE,25mg,CAJA,CAJA,CJA *  28,1,,,NOVARTIS
7612797394335,13,GLIVEC COM 400MG,400MG,CAJA,CJA,CAJA,1,9/30/2018,EE01211,NOVARTIS
7612797400524,13,MADDRE-DHA CAP,,CAPSULA,CAP,FRASCO,30,9/26/2022,DE2482,HERSIL
7612797403280,13,ENTRESTO,24 mg + 26 mg,Comprimido Recubierto,TABLETA,Caja Envase Blíster Comprimidos Recubiertos,30,10/29/2023,EE06500,NOVARTIS
7612797403297,13,ENTRESTO,49 mg + 51 mg,Comprimido Recubierto,TABLETA,Caja Envase Blíster Comprimidos Recubiertos,60,10/29/2023,EE06502,NOVARTIS
7612797403303,13,ENTRESTO 97MG/103MG CAJA X 60,97MG/103MG,TABLETAS,TABLETAS,CAJA X 60 COM,60,9/1/2018,EE-03698,NOVARTIS
7612797422557,13,TOBRADEX UNGUENTO ESTERIL 3.5,,UNG OFTALMICO,UNG OFTALMICO,TUBO X 3.5 G,,,E21571,ALCON
7612797443712,13,SANDOSTATIN LAR 30MGX1 JER.REFRIG.,30MG,AMPOLLA,AMP,CAJA X 1,1,,EE04501,NOVARTIS
7613033033889,13,NAN H.A. 1,,POLVO,POLVO,LATA X 400 g,1,8/30/2015,l1000112E,NESTLE
7613033038808,13,NAN PREMATUROS LECHE PLV X 400G,,LATA,LTA,LATA X 1,1,,I1001917E,NESTLE SA
7613033734441,13,NAN COMFORT INICIO LECHE PLV X 400G,,LATA,LTA,LATA X 1,1,,I1002214E,NESTLE SA
7613035652583,13,NESTUM ARROZ POLVO CAJA X 350 G,,POLVO,POLVO,CAJA X 350 G,,,I1700616E/NANSMR,NESTLE MARCAS PERU S.A.C.
7613035945142,13,NAN AE POLVO LATA X 400 G (NES),,POLVO,POLVO,LATA X 400 G,,,I1000117E/NANSMR,NESTLE
7613326002745,13,COTELLIC 20MG TAB CJA X 63,20 MG,TABLETA,TAB,CJA X 63,63,6/30/2021,EE03425,PRODUCTOS ROCHE Q.F. S.A.
7613326004282,13,TECENTRIQ VIA 1200MG/20ML,1200mg,VIAL,VIA,VIAL,1,,BE01094,ROCHE
7613326009232,13,OCREVUS 300 MG/ 10 ML 1 VIAL,300 MG / 10 ML,AMPOLLA,AMP,CJA X 1,1,,BE-01109,LABORATORIOS ROCHE
7613326009249,13,ALECENSA 150MG(ALECTINIB) X 224 TAB (ROCHE),150MG,TABLETA,TAB,CAJA X 224,224,,EE-05533,ROCHE
7613326036405,13,ACTEMRA,400 MG/20 ML,POLVO PARA CONCENTRADO PARA SOLUCION PARA PERFUSION,INYECTABLE,VIAL x 20 mL,1,11/25/2018,BE00561,ROCHE
7640111930457,13,TRACLEER,125mg,CAJA,CAJA,CJA *  60,1,10/16/2015,,BIOTOSCANA
7640114721410,13,VENOFER 100mg /5ml Amp. x 5,100 MG,AMPOLLA,AMP,CJA X 5,5,5/9/2021,EE03023,OM PHARMA S.A.
7640114721809,13,FERINJECT-500,50/1,VIAL,VIAL,VIAL,1,,E22784,OM
7640114721823,13,VENOFER,100mg/5mL,Solución para Inyección,Inyectable,Amp. X 5 mL,5,1/16/2016,E18057,ABL PHARMA
7640114722783,13,MALTOFER AMP BEBIBLES X 10AMP,,ampolla,caja,caja,10,,,abl
7640128010012,13,AVASTIN,400mg/16mL,Solución para Inyección,Inyectable,Vial,1,1/17/2013,BE00458,ROCHE
7640128010029,13,AVASTIN,100mg/4mL,Solución para Inyección,Inyectable,Vial,1,2/4/2013,BE00472,ROCHE
7640128010104,13,COPEGUS,,COMPRIMIDO,COMPRIMIDO,CAJA,168,,E19750,ROCHE
7640128010128,13,CYMEVENE,500 mg,POLVO PARA CONCENTRADO PARA SOLUCION PARA PERFUSION,INYECTABLE,VIAL,1,4/13/2019,EE02110,ROCHE
7640128010289,13,HERCEPTIN,440MG,VIAL,VIAL,VIAL,1,,BE00676,ROCHE
7640128010395,13,KONAKION,10MG,AMPOLLA,AMPOLLA,CAJA,5,,E17109,ROCHE
7640128010401,13,KYTRIL IV,1MG,AMPOLLA,AMPOLLA,CAJA,5,,E20758,ROCHE
7640128010418,13,KYTRIL,3MG/3ML,SOLUCION INYECTABLE,SOL.,FRASCO 3mL.,1,,E-21072,ROCHE
7640128010517,13,MABTHERA,,AMPOLLA,AMPOLLA,CAJA,2,,BE00614,ROCHE
7640128010524,13,MABTHERA,500MG,AMPOLLA,AMPOLLA,AMPOLLA,1,,BE00741,ROCHE
7640128010562,13,NEUPOGEN,30MUI/0.5mL,Solución para Inyección,Inyectable,Amp.,1,11/11/2009,E12288,ROCHE
7640128010579,13,NEUPOGEN,48MIO/0.5mL,Solución para Inyección,Inyectable,Amp.,1,11/11/2009,E12285,ROCHE
7640128010685,13,PULMOZYME,1MG/ML,AMPOLLA,AMPOLLA,CAJA,6,,BE00806,ROCHE
7640128010692,13,ROCEPHIN IV AMPX2GR,,,,,1,,,PRODUCTOS ROCHE Q F S A
7640128010708,13,ROCEPHIN IV,500MG,VIAL,VIAL,VIAL,1,,E5480,ROCHE
7640128010722,13,ROCEPHIN,250mg,Polvo para Solución Inyectable,Inyectable,Amp.,1,10/17/2014,E5473,ROCHE
7640128010791,13,ROACCUTAN,10mg,Cápsula,Capsula,Caja Cap.,30,6/18/2009,E16523,ROCHE
7640128010814,13,ROACCUTAN,20mg,Cápsula,Capsula,Caja Cap.,30,5/7/2013,E10869,ROCHE
7640128010876,13,TARCEVA,100mg,Comprimido,Tableta,Caja Comp.,30,5/26/2010,E17367,ROCHE
7640128011200,13,BONDRONAT,,VIAL,VIAL,VIAL,1,,E16678,ROCHE
7640128011224,13,BONVIVA,3mg/3mL,Solución para Inyección,Inyectable,Amp. X 3 mL,1,1/31/2012,E19123,ROCHE
7640128011347,13,RECORMON,2000UI,Solución para Inyección,Inyectable,Caja Jer. Precarg. X 0.3 mL,6,6/22/2015,BE00282,ROCHE
7640128013082,13,VESANOID,,CAPSULA,CAPSULA,CAJA,100,,E22334,ROCHE
7640128014935,13,ACTEMRA,200mg/10mL,Solución para Inyección,Inyectable,Caja Vial,1,11/14/2013,BE00559,ROCHE
7640128014942,13,ACTEMRA,80mg/4mL,Solución para Inyección,Inyectable,Caja Vial X 4 mL,1,10/15/2013,BE00552,ROCHE
7640128015000,13,ACTEMRA 200MG,200mg,INYECTABLE,INYECTABLE,CAJA,1,,BE-00559,ROCHE
7640128015161,13,ACTEMRA,80 mg/4 mL,CONCENTRADO PARA SOLUCION PARA PERFUSION,INYECTABLE,AMPOLLA x 4 mL,1,10/15/2018,BE00552,ROCHE FARMA
7640128015185,13,ACTEMRA,200 mg/10 mL,CONCENTRADO PARA SOLUCION PARA PERFUSION,INYECTABLE,AMPOLLA x 10 mL,1,11/14/2018,BE00559,ROCHE FARMA
7640128543770,13,EUFLEXXA 1% (ACIDO HIALURONICO),0.01,AMPOLLA,AMP,CJA X 1,1,8/26/2016,BE00815,LABORATORIOS BIOPAS S.A.C.
7640137410018,13,SODERMIX CREMA,,,,,1,,,SIN LABORATORIO
7640137610012,13,QUASIX SPF30+ CREMA PROTECTORA ANTI-RUBORES TUBO X 30 G (M,30G,CREMA,CRE,TUBO X  30G,1,,NSOCO8612-11PE,MEDSTYLE S.A
7640137610203,13,QUASIX SPF 30,20mg,Unidad,UND,Unidad,,,NSOCO82,SIN FABRICANTE
7640149610604,13,KYTRIL 1 MG X 10 COMP.,1MG,COMPRIMIDO,,CAJA,10,,,ROCHE
7640149610864,13,ROACCUTAN 20 MG X 30 CAPS.,20 mg,caja,,capsula,30,,,roche
7640149611182,13,ROACCUTAN 10 MG X 30 CAPS.,10MG,CAPSULA,,CAJA,30,,,ROCHE
7640149612769,13,ZELBORAF,240mg,CAJA,CAPSULAS,240mg Caps. x 56,,,EE-00023,Productos Roche Q.F. S.A.
7640149614985,13,KONAKION IM IV MG AMPOLLA,10mg/1ml,Ampolla,Amp,Caja x 5 amp,5,,E-17109,Roche
7640149615296,13,AVASTIN 100MG /4ML VIAL X 1,100MG/4ML,INYECTABLE,INYETABLE,CAJA,1,,B6-00650,ROCHE
7640149615906,13,PERJETA,420 mg.,VIA,VIA,VIAL,1,,BE00938,ROCHE
7640149615944,13,KADCYLA,100 MG,TRASTUZUMAB / EMTANSINA,INY,INY,1,,BE-01001,PRODUCTOS ROCHE
7640149615951,13,KADCYLA,160 MG.,AMPOLLA,AMPOLLA,FCO.,1,,BE-00999,ROCHE
7640149615975,13,HERCEPTIN,600 mg/5 mL,VIAL,INY,caja x 1 amp,1,,R.S. N° BE-00951,Roche
7640149616125,13,MABTHERA 1400MG/11.7ML (ROCHE),1400MG,AMPOLLA,AMP,CAJA X 1,1,,BE-01024,ROCHE
7640149616842,13,ACTEMRA,162MG/0.9ML,UNIDAD,UNIDAD,CAJA X 4 UNIDADES,,,BE01058,ROCHE FARMA S.A.
7640149616880,13,ROCEPHIN IV 2 GR AMP X 1,2gr,AMPOLLA,CAJA,CAJA X 1,1,,,ROCHE
7640149619645,13,DORMONID 5mg /5ml Amp. x 5,5 MG/5 ML,AMPOLLA,AMP,CJA X 5,5,11/30/2020,EE02424,PRODUCTOS ROCHE Q.F. S.A.
7640164440163,13,SYNOLIS V-A 1 x 2.0 ML,2.0ML,INYECTABLE,INY,CAJA,1,,DM8339E,AVALON PHARMACEUTICAL PERU SAC
7640180260066,13,MENOPUR 75UI AMP (FERRING),75 UI,AMPOLLA,AMP,CJA X 1,1,12/13/2017,BE00983,LABORATORIOS BIOPAS S.A.C.
7642205533797,13,KYTRIL,3 mg/3 mL,AMPOLLA,AMP,caja x 1 amp,1,,R.S. N° E-21072,Roche
7642205534411,13,KYTRIL,1mg,Comprimido,Tableta,Caja Comp.,10,4/14/2014,E16392,ROCHE
7642205595207,13,CELL CEPT,250mg,Cápsula,Capsula,Caja Cap.,100,7/16/2009,E16615,ROCHE
7642205639192,13,KYTRIL,3mg/3mL,Solución para Inyección,Inyectable,Amp.,1,9/24/2013,E21072,ROCHE
7642205645599,13,NEOTIGASON,25mg,Cápsula,Capsula,Caja Cap.,30,6/24/2007,E10300,ROCHE
7642205738338,13,NEULASTIM,6 MG./0.6ML,SOLUCION INYECTABLE,INYECTABLE,CAJA,1,,BE-00480,ROCHE
7642213914021,13,LOCERYL,0.25%,Crema Tópica,Crema,Tubo X 20 g,1,3/22/2012,E14490,QUILAB
7642213921906,13,XELODA,,TABLETA,TABLETA,CAJA,120,,E22451,ROCHE
7642213962343,13,HERCEPTIN,440mg,Polvo Liofilizado para Solución Inyectable,Inyectable,Vial,1,11/9/2009,E12276,ROCHE
7642216393151,13,ROCEPHIN,2000mg,Polvo para Solución Inyectable,Inyectable,Amp.,1,10/17/2014,E5475,ROCHE
7642216412395,13,ROCEPHIN IV,1G,VIAL,VIAL,VIAL,1,,E5483,ROCHE
7642216412630,13,ROCEPHIN IM,1G,VIAL,VIAL,VIAL,1,,E5482,ROCHE
7642216415068,13,ROCEPHIN,500mg,Polvo para Solución Inyectable,Inyectable,Amp.,1,5/25/2015,E12909,ROCHE
7642216415655,13,ROCEPHIN IM,500MG,VIAL,VIAL,VIAL,1,,E12909,ROCHE
7642216548377,13,LARIAM,250mg,Comprimido,Tableta,Caja Comp.,8,6/11/2012,E10279,ROCHE
7642216792794,13,PULMOZYME 2.5 MG * 1 AMPOLLAS,,,,,1,,,PRODUCTOS ROCHE Q F S A
7680030247007,13,ZADITEN COLIRIO,0.03%,Colirio,Solucion Oftalmica,Fco. X 5 mL,1,2/4/2013,E15256,NOVARTIS BIOSCIENCES
7680259400245,13,CORTIFENOL H,,Pomada Oftálmica,Unguento Oftalmico,Tubo X 4 g,1,11/26/2007,E6298,NOVARTIS BIOSCIENCES
7680292230175,13,TUSCALMAN,,Jarabe,Solucion,Fco. X 120 mL,1,1/20/2009,E16164,ALBIS
7680301970382,13,ESPASMO CANULASE,,Tableta,Tableta,Caja Tab.,100,12/17/2013,E21339,NOVARTIS BIOSCIENCES
7680308970484,13,ALKERAN 2MG CJA X 25 COMP,,TABLETA,TAB,CAJA X 25,25,,,ASPEN PHARMA
7680319000347,13,TUSCALMAN A,,Supositorio,Supositorio,Caja Sup.,10,12/30/2008,E16107,ALBIS
7680392179008,13,DOXIUM 500,500mg,Cápsula,Capsula,Caja Cap.,10,12/13/2012,E15038,OM PHARMA
7680401140173,13,INFLORAN,1000UFC,Cápsula,Capsula,Caja Cap.,20,7/6/2009,BE00231,ALBIS
7680404530162,13,EFEMOLINA,,Gotas Oftálmicas,Solucion Oftalmica,Fco. X 5 mL,1,10/19/2012,E6222,NOVARTIS BIOSCIENCES
7680486240140,13,VISCOTEARS,0.20%,Gel Oftálmico,Gel Oftalmico,Tubo X 10 g,1,12/10/2013,E16067,NOVARTIS BIOSCIENCES
7680549740778,13,NYOLOL,0.10%,Gel,Gel,Fco. X 5 g,1,1/15/2011,E13543,NOVARTIS BIOSCIENCES
7680569220014,13,AVASTIN,,VIAL,VIAL,VIAL,1,,BE00650,ROCHE
7680569220038,13,AVASTIN,400MG,VIAL,VIAL,VIAL,1,,BE00458,ROCHE
7680572310047,13,SMOFLIPID,0.2,EMULSION LIPIDICA,FRASCO,FRASCO X 500ML,1,12/31/2017,E-19112,SOMASUR
7680572660050,13,TARCEVA,150mg,Comprimido,Tableta,Caja Comp.,30,5/25/2010,E17357,ROCHE
7681900183012,13,BUCCALINA,,Comprimido,Tableta,Caja Tab.,7,1/12/2009,BE00201,ALBIS
7681900596010,13,BRONCHO VAXOM ADULTO,,Cápsula,Capsula,Caja Cap.,10,4/11/2013,E15445,OM PHARMA
7681900598014,13,URO VAXOM,,Cápsula,Capsula,Caja Cap.,30,6/16/2013,E20761,OM PHARMA
768455100019,13,STOMAHESIVE (,,CREMA,CRM,TUBO X 56 G,1,,E237190,CONVATEC
768455107063,13,DUODERM GEL,30MG,GEL,GEL,TUBO X 30 G,1,,E241120,CONVATEC
768455107896,13,SAF-GEL (ALGINATO),,CREMA,CRM,TUBO X 85 G,1,,E114807,CONVATEC
768455109470,13,AQUACEL AG 10 CM X 10 CM,,PARCHE,UNIDAD,BOLSA X 1 UNIDAD,1,,E214430,CONVATEC
770101007590,13,FLUCONAZOL 200 MG TAB - REC,200 MG,TABLETA,TAB,MG,1,,EE04727,DROGUERIA INTI
7701126800194,13,CARTUCHO COOK SOL 2% 1.8ML,,CARTUCHO,CARTUCHO,CARTUCHO,1,,EG2670,NEW STETIC
7701298223476,13,DOLO NEUROBION FORTE DC,5mg,Solución inyectable,Iny,Caja x 1 unidad,,,EE-0329,MERCK PERUANA
7702035340085,13,DOLOFLAM EXTRA FORTE,400mg,Tableta Recubierta,Tableta,Caja Tab.,10,1/25/2011,E18098,JOHNSON&JOHNSON
7702035705778,13,DOLOFLAM,200mg,Tableta,Tableta,Caja Tab.,150,12/17/2012,E10529,JOHNSON&JOHNSON
7702035800121,13,DOLOFLAM,200mg,Tableta,Tableta,Caja Tab.,10,12/17/2012,E10529,JOHNSON&JOHNSON
7702035800169,13,MYLANTA DOS,,TABLETAS MASTICABLES,TABLETAS,CAJA,145,,E-15090,PARKE DAVIS
7702035800718,13,BENYLIN TOS SECA NO SOMNOLENCIA,15mg/5mL,Jarabe,Solucion,Fco. X 120 mL,1,1/10/2011,E18024,JOHNSON&JOHNSON
7702035800800,13,DOLOFLAM EXTRA FORTE,400mg,Tableta,Tableta,Caja Tab.,100,1/25/2011,E18098,JOHNSON&JOHNSON
7702035886217,13,DRAMAMINE,50mg,Tableta,Tableta,Caja Tab.,12,2/20/2014,E21560,JOHNSON&JOHNSON
7702035915542,13,SINUTAB FORTE,,Tableta Recubierta,Tableta,Caja Tab.,96,11/8/2011,E18911,JOHNSON&JOHNSON
7702123002956,13,ASPIRINA 100,100mg,Tableta,Tableta,Caja Tab.,140,12/9/2013,E7139,BAYER
7702123003489,13,ASPIRINA FORTE,650mg+65mg,Tableta,Tableta,Caja Tab.,40,4/5/2011,E18310,BAYER
7702123003779,13,GYNOCANESTEN 6,,Comprimido Vaginal,Ovulo,Caja Comp. + Aplicador,6,12/30/2010,E12453,BAYER
7702123408932,13,AVELOX,400mg,Comprimido Recubierto,Tableta,Caja Comp.,7,9/17/2014,E12172,BAYER
7702123408949,13,AVELOX,400mg,Comprimido Recubierto,Tableta,Caja Comp.,5,9/17/2014,E12172,BAYER
7702123409618,13,PRANEX LP,90mg,Cápsula,Capsula,Caja Cap.,10,8/24/2011,E14117,BAYER
7702123409816,13,BAYRO I.M.,1g/2mL,Inyectable,Inyectable,Amp. X 2 mL,1,7/19/2011,E14040,BAYER
7702123409861,13,AVELOX,400mg/250mL,Solución Inyectable para Infusión IV,Inyectable,Fco. X 250 mL,1,12/27/2011,E14253,BAYER
7702123411109,13,LEVITRA,10mg,Comprimido Recubierto,Tableta,Caja Comp.,1,1/24/2013,E15213,BAYER
7702123411123,13,LEVITRA,20mg,Comprimido Recubierto,Tableta,Caja Comp.,1,1/28/2013,E15221,BAYER
7702123411567,13,BAYRO GEL,5%,Gel,Gel,Tubo X 20 g,1,12/11/2011,E14230,BAYER
7702123411574,13,BAYRO FORTE,10%,Gel,Gel,Tubo X 20 g,1,6/19/2012,E14712,BAYER
7702123411581,13,BAYRO,10%,Crema,Crema,Tubo X 20 g,1,4/15/2012,E14541,BAYER
7702123819530,13,ASPIRINA,500mg,Tableta,Tableta,Caja Tab.,100,7/31/2013,E11059,BAYER
7702123822134,13,ALKA SELTZER,,Tableta Efervescente,Tableta,Caja Tab.,60,8/25/2013,E6984,BAYER
7702123822158,13,ALKA SELTZER,,Tableta Efervescente,Tableta,Caja Tab.,12,8/25/2013,E6984,BAYER
7702123823988,13,ASPIRINA TABX500MGX1,,,,,1,,,BAYER S.A.
7702123824039,13,ASPIRINA,500mg,Tableta,Tableta,Caja Tab.,20,7/31/2013,E11059,BAYER
7702123825401,13,ASPIRINA,100mg,Tableta,Tableta,Caja Tab.,100,12/9/2013,E7139,BAYER
7702123830900,13,ALKA SELTZER DIGEST,,Polvo Efervescente,Polvo,Caja Sobre,8,6/15/2011,E18478,BAYER
7702132003203,13,DRISTAN ULTRA NF,,Cápsula,Capsula,Dspl. Cap,100,6/10/2012,E14693,WYETH
7702132006747,13,CENTRUM SILVER FRASCO X 100 TABLETAS (PFI),,TABLETAS,TABLETAS,FRASCO X 100 TABLETAS,100,4/1/2021,DE2160,PFIZER S.A. 
7702132011017,13,CENTRUM ADVANCE FRASCO X 30 TABLETAS (PFI),,FRASCO,FRASCO,FRASCO X 30 TABLETAS,,,DE 2110,PFIZER CANADA INC.
7702132743307,13,DRISTAN CALIENTE,,Granulos,Granulos,Dspl. Sobre,24,5/18/2009,E7465,WYETH
7702134104502,13,LOPID,600mg,Tableta,Tableta,Caja Tab.,20,2/17/2014,E16245,PFIZER
7702134104663,13,LIPITOR,10mg,Tableta,Tableta,Caja Tab.,10,3/13/2011,E13708,PFIZER
7702134104670,13,LIPITOR,20mg,Tableta,Tableta,Caja Tab.,10,4/10/2011,E18316,PFIZER
7702134157102,13,ORALDINE,0.10%,Solución,Solucion,Fco. X 180 mL,1,6/10/2012,E10276,JOHNSON&JOHNSON
7702134183309,13,LIPITOR,20mg,Tableta Recubierta,Tableta,Caja Tab.,30,2/9/2014,E21527,PFIZER
7702134183316,13,LIPITOR,10mg,Tableta Recubierta,Tableta,Caja Tab.,30,2/6/2014,E21520,PFIZER
7702134186669,13,LIPITOR,40mg,Tableta,Tableta,Caja Tab.,10,3/12/2011,E13700,PFIZER
7702134303301,13,TILAZEM,60mg,Tableta,Tableta,Caja Tab.,20,1/20/2015,E12550,PFIZER
7702134313416,13,NEURONTIN,600mg,Tableta,Tableta,Caja Tab.,18,5/17/2010,E17335,PFIZER
7702134335548,13,PONSTAN RD,220mg,Tableta Recubierta,Tableta,Caja Tab.,100,1/24/2016,E22422,PFIZER
7702134374103,13,SINUTAB PLUS NS,,Tableta,Tableta,Caja Tab.,144,5/19/2014,E21700,JOHNSON&JOHNSON
7702134384225,13,CALADRYL LOCION,8%,Emulsión,Suspension,Fco. X 100 mL,1,6/16/2011,E18487,JOHNSON&JOHNSON
7702134502322,13,ACCUPRIL,10mg,Tableta Recubierta,Tableta,Caja Tab.,28,12/2/2013,E21281,PFIZER
7702134503107,13,EPAMIN,100mg,Cápsula,Capsula,Caja Cap.,50,6/26/2011,E9614,PFIZER
7702134505101,13,EPAMIN,125mg/5mL,Suspensión,Suspension,Fco. X 120 mL,1,6/26/2011,E9613,PFIZER
7702134505170,13,AGAROL SABOR A VAINILLA,,Emulsión,Suspension,Fco. X 240 mL,1,2/16/2011,E13638,JOHNSON&JOHNSON
7702134505422,13,AGAROL SABOR A FRAMBUESA,,Emulsión,Suspension,Fco. X 240 mL,1,8/21/2011,E14105,JOHNSON&JOHNSON
7702134507747,13,ACCURETIC,20mg+12.5mg,Tableta,Tableta,Caja Tab.,14,3/25/2012,E10137,PFIZER
7702134512505,13,NEURONTIN,300mg,Cápsula,Capsula,Caja Cap.,20,9/26/2009,E7636,PFIZER
7702134512604,13,NEURONTIN,400mg,Cápsula,Capsula,Caja Cap.,20,9/26/2009,E7637,PFIZER
7702134602275,13,ACCUPRIL,20mg,Tableta Recubierta,Tableta,Caja Tab.,28,12/10/2013,E21320,PFIZER
7702134612274,13,ACCUPRIL,40mg,Tableta Recubierta,Tableta,Caja Tab.,28,12/2/2013,E21286,PFIZER
7702134705402,13,TANSTON,500mg,Tableta,Tableta,Caja Tab.,100,12/2/2011,E9939,PFIZER
7702134705457,13,LOPID,600MG,TABLETAS,TABLETAS,CAJA,30,,E- 22329,PFIZER
7702134705860,13,DOLOFLAM TOTAL,,Cápsula,Capsula,Caja Tab.,140,10/22/2012,E14928,JOHNSON&JOHNSON
7702134707994,13,BENYLIN EXPECTORANTE,,Jarabe,Solucion,Fco. X 120 mL,1,11/20/2013,E11327,JOHNSON&JOHNSON
7702134780072,13,MYLANTA DOS,,Tableta,Tableta,Caja Tab.,145,9/17/2002,E10413,WARNER LAMBERT
7702134802187,13,CLORELASE,,Ungüento,Unguento,Tubo X 10 g,1,8/28/2013,E20963,PFIZER
7702184011898,13,DILOLAX 5 MG CAJA X 100 TABLETAS DE LIBERACION RETARDADA,5 MG,TABLETA,TAB,CJA X 100,100,1/13/2021,EE02583,OQ PHARMA SAC
7702184030127,13,NITROPRUSIATO DE SODIO EC,50MG,VIAL,VIAL,VIAL,1,,EG6237,ECAR
7702184030592,13,NITROPRUSIATO DE SODIO,50 mg,POLVO PARA SOLUCION INYECTABLE,INYECTABLE,VIAL + SOLVENTE,1,8/10/2020,EE01589,OQ PHARMA
7702207101414,13,NORMOLIP 200MG TAB CJA X 30,200mg,CAPSULA,CAP,CAJA X 30,30,,E-20131,CARDIOPHARM
7702207136232,13,MOMETASYN SPRAY NASAL,,Spray,Solucion,Caja Fco. X 18 g (140 Aplicaciones),1,2/19/2013,E20360,FARMINDUSTRIA
7702207136539,13,MOMETASYN,,Suspensión,Suspension,Caja Fco. X 10 g (60 Aplicaciones),1,10/17/2013,E21129,FARMINDUSTRIA
7702207704691,13,CORBUTON 64MCG,64mcg,FRASCO,SUSPENSIÓN,64mcg Nasal Susp. p/Pulv. x 200 Dosis,,,EE-01688,Farmindustria S.A. (Planta)
7702207704868,13,FINORINEX 50 MCG/DOSIS,CICLESONIDA,FRASCO X 200 DOSIS,FRASCO X 200 DOSIS,FRASCO,1,11/1/2020,EE-04841,ABBOT
7702207705063,13,BRIA 0.060G/100ML SOL.PU.NAS X15ml,0.060 GR/100ML,FRASCO,FCO,CJA X 1,1,3/27/2023,EE05837,FARMINDUSTRIA S.A
7702302153103,13,GENFARBET 3,,Crema,Crema,Tubo X 20 g,1,2/28/2013,E20405,GENFAR
7702338090007,13,TYGACIL,50mg,CAJA,CAJA,CJA *  10,1,2/9/2017,E0176720001,WYETH
7702338162179,13,LECHE S-26 PDF GOLD,,POLVO,POLVO,TARRO,1,,I1000910E,WYETH
7702338162704,13,S-26 GOLD HMF,-------------,polvo,sobre x 2g,caja,50,,I1001710ENALBWE,WYETH
7702338365006,13,MINESSE,,Comprimido,Tableta,Caja Comp.,1,12/6/2012,E15016,PFIZER
7702338685296,13,ATIVAN,1 mg,TABLETA,TABLETA,CAJA TAB,30,4/30/2023,EE05936,PFIZER
7702338689850,13,EFEXOR XR,150mg,Cápsula,Capsula,Caja Cap.,10,12/2/2012,E15002,WYETH
7702418000704,13,ARTREN,100mg,Cápsula,Capsula,Caja Cap.,15,5/27/2013,E20686,MERCK PERUANA
7702418001534,13,ZIAC 5,,Tableta,Tableta,Caja Tab.,30,3/30/2014,E11696,MERCK PERUANA
7702418001695,13,ZIAC 2.5,,Tableta,Tableta,Caja Tab.,30,3/30/2014,E11693,MERCK PERUANA
7702418003255,13,OMELCID,20mg,Cápsula,Capsula,Caja Cap.,20,12/2/2010,E17891,MERCK PERUANA
7702418003576,13,ULCOGANT,1g/5mL,Suspensión,Suspension,Fco. X 200 mL,1,10/5/2010,E8951,MERCK PERUANA
7702418004948,13,CILOSTAL 50MG X 30 TAB,50mg,TABLETAS,caja,caja,30,,,merck
7702418004955,13,CILOSTAL,100mg,Comprimido,Tableta,Caja Comp.,30,8/10/2010,E17542,MERCK PERUANA
7702418005747,13,GIABRI,100MG,TABLETA,TABLETA,CAJA,30,,E23057,MERCK PERUANA
7702502005530,13,CLOROTRIMETON SP,4mg,Tableta,Tableta,Caja Tab.,100,8/22/2013,E11168,SCHERING PLOUGH
7702502006858,13,DIPROSALIC,,Loción,Locion,Fco. X 90 mL,1,8/22/2012,E19693,SCHERING PLOUGH
7702502006889,13,ELOCOM 0.1% LOCIONx30ML,,,,,1,,,SCHERING-PLOUGH DEL PERU S.A.
7702502006896,13,ELOCOM SP 0.1% CREMAX15GR,,,,,1,,,SCHERING-PLOUGH DEL PERU S.A.
7702502007015,13,AFRIN SP,0.05%,Atomizador Nasal,Solucion Nasal,Atom. X 15 mL,1,7/21/2013,E11041,SCHERING PLOUGH
7702502007046,13,TRIDERM SP,,Crema,Crema,Tubo X 15 g,1,7/12/2009,E12001,SCHERING PLOUGH
7702502007053,13,DIPROGENTA SP,,Crema,Crema,Tubo X 15 g,1,9/22/2009,E7632,SCHERING PLOUGH
7702502007121,13,METICORTEN SP,50mg,Tableta,Tableta,Caja Tab.,20,12/2/2013,E7128,SCHERING PLOUGH
7702502007145,13,TINADERM SP,1%,Solución,Solucion,Fco. X 15 mL,1,2/2/2010,E7951,SCHERING PLOUGH
7702502007152,13,DIPROSONE SP,0.05%,Crema Tópica,Crema,Tubo X 15 g,1,8/2/2009,E7548,SCHERING PLOUGH
7702502007299,13,AFRIN SP,0.03%,Gotas Nasal,Solucion Nasal,Fco. Got. X 15 mL,1,7/21/2013,E11042,SCHERING PLOUGH
7702502007329,13,CLOROTRIMETON SP,2.5mg/5mL,Jarabe,Solucion,Fco. X 120 mL,1,6/7/2010,E8392,SCHERING PLOUGH
7702502007350,13,DIPROSALIC,,Ungüento,Unguento,Tubo X 15 g,1,12/12/2013,E11386,SCHERING PLOUGH
7702502210606,13,CELESTONE SP,0.5mg,Tableta,Tableta,Caja Tab.,30,2/1/2005,E7936,SCHERING PLOUGH
7702502215106,13,DIPROSPAN,5/2 mg. 1 ml.,VIAL,VIAL,AMPOLLA,1,,E-17603,SCHERING-PLOUGH
7702502223606,13,ELOCOM SP,0.10%,Loción,Locion,30 mL,1,1/13/2014,E16127,SCHERING PLOUGH
7702502224306,13,ELOCOM SP,0.10%,Crema,Crema,Tubo X 15 g,1,12/30/2013,E7283,SCHERING PLOUGH
7702605100040,13,PARACETAMOL,150mg/5mL,Jarabe,Solucion,Fco. X 60 mL,1,2/6/2011,EG0037,GENFAR
7702605100125,13,ACICLOVIR,200mg,Tableta,Tableta,Caja Tab.,25,11/17/2010,EG1461,GENFAR
7702605100170,13,ALBENDAZOL,200mg,Tableta Masticable,Tableta,Caja Tab.,2,10/28/2012,EG653,GENFAR
7702605100187,13,ALBENDAZOL,100mg/5mL,Suspensión,Suspension,20 mL,1,10/28/2012,EG654,GENFAR
7702605100378,13,AMOXICILINA,250mg/5mL,Suspensión,Suspension,Fco. X 45 mL,1,2/28/2012,EG505,GENFAR
7702605100392,13,AMLODIPINO,5mg,Tableta,Tableta,Caja Tab.,10,6/10/2012,EG1987,GENFAR
7702605100484,13,AMPICILINA,250mg/5mL,Suspensión,Suspension,Fco. X 60 mL,1,4/1/2012,EG527,GENFAR
7702605100545,13,AMPICILINA,1g,Polvo para Solución Inyectable,Inyectable,Vial,10,2/28/2007,EG503,GENFAR
7702605100729,13,DICLOXACILINA,125mg/5mL,Suspensión,Suspension,Fco. X 80 mL,1,9/28/2010,EG1419,GENFAR
7702605100750,13,DICLOXACILINA,500mg,Cápsula,Capsula,Caja Cap.,50,6/25/2013,EG2308,GENFAR
7702605100804,13,CEFADROXILO,250mg/5mL,Polvo para Suspensión Oral,Suspension,Fco. X 80 mL,1,2/11/2015,EG2905,GENFAR
7702605100842,13,DICLOFENACO,100mg,Tableta Retard,Tableta,Caja Tab.,20,2/15/2011,EG1666,GENFAR
7702605100903,13,DILTIAZEM,60mg,Tableta,Tableta,Caja Tab.,20,12/30/2009,EG1081,GENFAR
7702605100958,13,ENALAPRIL,20mg,Tableta,Tableta,Caja Tab.,20,3/3/2015,EG1152,GENFAR
7702605101221,13,FLUNARIZINA,10mg,Tableta,Tableta,Caja Tab.,30,12/30/2013,EG936,GENFAR
7702605101511,13,IBUPROFENO,800mg,Tableta Recubierta,Tableta,Caja Tab.,50,10/17/2009,EG1030,GENFAR
7702605101603,13,KETOTIFENO,1mg,Tableta,Tableta,Caja Tab.,30,2/9/2009,EG1139,GENFAR
7702605101627,13,KETOCONAZOL,200mg,Tableta,Tableta,Caja Tab.,10,2/28/2012,EG504,GENFAR
7702605101634,13,LORATADINA,10mg,Tableta,Tableta,Caja Tab.,10,8/3/2013,EG2335,GENFAR
7702605101641,13,LORATADINA,5mg/5mL,Jarabe,Solucion,Fco. X 100 mL,1,9/20/2009,EG1023,GENFAR
7702605101658,13,MEBENDAZOL,100mg,Tableta,Tableta,Caja Tab.,60,6/11/2012,EG559,GENFAR
7702605101702,13,LOVASTATINA,20mg,Tableta,Tableta,Caja Tab.,10,3/4/2012,EG3571,GENFAR
7702605101733,13,LINCOMICINA,600mg/2mL,Inyectable,Inyectable,Amp. X 2 mL,6,11/4/2013,EG880,GENFAR
7702605101795,13,METRONIDAZOL,500mg,Tableta,Tableta,Caja Tab.,100,6/26/2012,EG572,GENFAR
7702605101801,13,KETOPROFENO,100mg,Tableta,Tableta,Caja Tab.,30,1/18/2010,EG1105,GENFAR
7702605101887,13,LANSOPRAZOL,30mg,Cápsula,Capsula,Caja Cap.,7,8/6/2009,EG2615,GENFAR
7702605101979,13,NORFLOXACINO,400mg,Tableta,Tableta,Caja Tab.,14,10/22/2012,EG646,GENFAR
7702605101986,13,NIFEDIPINO,10mg,Cápsula,Capsula,Caja Cap.,30,12/28/2009,EG1079,GENFAR
7702605102297,13,KETOPROFENO,2.50%,Gel,Gel,Gel X 60 g,1,7/7/2010,EG3093,GENFAR
7702605102310,13,CLOTRIMAZOL,1%,Crema Tópica,Crema,Tubo X 40 g,1,10/23/2012,EG3724,GENFAR
7702605102327,13,PIROXICAM,20mg,Cápsula,Capsula,Caja Cap.,10,12/17/2011,EG452,GENFAR
7702605102341,13,PIROXICAM,40mg/2mL,Inyectable,Inyectable,Amp.,5,1/2/2011,EG1547,GENFAR
7702605102358,13,PIROXICAM,0.50%,Gel,Gel,Tubo X 40 g,1,3/2/2011,EG3318,GENFAR
7702605102389,13,RANITIDINA,50mg/2mL,Inyectable,Inyectable,Amp. X 2 mL,5,3/11/2012,EG1913,GENFAR
7702605102419,13,SALBUTAMOL,4mg,Tableta,Tableta,Caja Tab.,20,7/25/2011,EG383,GENFAR
7702605102624,13,TINIDAZOL,500mg,Cápsula,Capsula,Caja Cap.,8,4/1/2012,EG531,GENFAR
7702605102747,13,TRIMETOPRIM SULFA,40mg+200mg/5mL,Suspensión,Suspension,Fco. X 60 mL,1,3/8/2011,E9289,GENFAR
7702605102822,13,VERAPAMILO,80mg,Gragea,Tableta,Caja Grag.,50,8/24/2010,EG1361,GENFAR
7702605102860,13,TRAMADOL,50mg/mL,Inyectable,Inyectable,Amp. X 1 mL,1,9/1/2010,EG3150,GENFAR
7702605102877,13,TRAMADOL,100mg/2mL,Inyectable,Inyectable,Amp. X 2 mL,1,9/4/2010,EG3152,GENFAR
7702605102914,13,GEMFIBROZILO,300mg,Cápsula,Capsula,Caja Cap.,30,12/21/2004,EG1074,GENFAR
7702605102921,13,GEMFIBROZILO,600mg,Tableta,Tableta,Caja Tab.,20,11/24/2009,EG1045,GENFAR
7702605103249,13,BETAMETASONA,1%,Crema,Crema,Tubo X 40 g,1,12/23/2012,EG3780,GENFAR
7702605103294,13,PENTOXIFILINA,400mg,Tableta,Tableta,Caja Tab.,30,1/9/2013,EG3806,GENFAR
7702605103744,13,CANDESARTAN,16mg,Tableta,Tableta,Caja Tab.,14,4/14/2014,EG4321,GENFAR
7702605109517,13,MEBENDAZOL,100mg/5mL,Suspensión Oral,Suspension,Fco. X 30 mL,10,4/1/2012,EG530,GENFAR
7702605150014,13,ACICLOVIR 200 MG,,TAB,TAB,CAJA X 25 UNIDADES,,,EG1461,GENFAR S.A
7702605150021,13,ACICLOVIR,800mg,Tableta,Tableta,Caja Tab.,10,1/25/2015,EG1119,GENFAR
7702605150052,13,ACICLOVIR,5%,Ungüento,Unguento,Tubo X 15 g,1,11/24/2003,EG2423,FARMANAL
7702605150069,13,ACIDO FUSIDICO,2%,Crema,Crema,Tubo X 15 g,1,3/3/2014,EG4294,GENFAR
7702605150076,13,ALBENDAZOL TAB 200MG X 1 (GF),,,,,1,,,GENFAR PERU S.A.
7702605150083,13,ALBENDAZOL GF SUS,100 % 100MG,SUSPENCIÓN,SUS,FRASCO,1,,EG654,GEN FAR
7702605150106,13,AMBROXOL,30mg/5mL,Jarabe,Solucion,Fco. X 120 mL,1,4/1/2012,EG532,GENFAR
7702605150113,13,AMBROXOL,15mg/5mL,Jarabe,Solucion,Fco. X 120 mL,1,7/1/2013,EG2310,GENFAR
7702605150120,13,AMLODIPINO,10mg,Tableta,Tableta,Caja Tab.,10,7/22/2009,EG2599,GENFAR
7702605150137,13,AMLODIPINO 5MG CAJA TAB. X 100 (FARM),5 MG,TABLETA,TAB,CJA X 100,100,10/25/2022,NG3492,FARMINDUSTRIA S.A
7702605150144,13,AMOXICILINA,500mg,Cápsula,Capsula,Caja Cap.,50,2/28/2012,EG502,GENFAR
7702605150205,13,AMPICILINA CAPX500MGX1 (GF),,,,,1,,,GENFAR PERU S.A.
7702605150281,13,ATORVASTATINA GENFAR,20MG,CAJA,TABLETAS,20mg Caja Tab. x 10,,,EG-4094,Lab. Genfar Perú S.A.
7702605150298,13,AZITROMICINA TABX500MGX1 (GF),,,,,1,,,GENFAR PERU S.A.
7702605150304,13,AZITROMICINA,200mg/5mL,Suspensión Oral,Suspension,Fco. X 15 mL,1,2/22/2014,EG2476,GENFAR
7702605150342,13,BETAMETASONA,0.05%,Ungüento,Unguento,Tubo X 40 g,1,10/25/2004,EG2695,GENFAR
7702605150410,13,CALCIO + VIT D GF TAB 600MG/125UI,600MG/125UI,TABLETA,TAB,CAJA,,,DE0412,GEN FAR
7702605150427,13,CANDESARTAN TAB 16MG X 1(GF),,,,,1,,,GENFAR PERU S.A.
7702605150434,13,CANDESARTAN,8mg,Tableta,Tableta,Caja Tab.,14,4/14/2014,EG4322,GENFAR
7702605150441,13,CAPTOPRIL GF,25MG,TABLETA,TABLETA,CAJA,30,,EG1360,GEN FAR
7702605150458,13,CAPTOPRIL,50mg,Tableta,Tableta,Caja Tab.,30,8/28/2013,EG2351,GENFAR
7702605150496,13,CEFALEXINA,500mg,Cápsula,Capsula,Caja Cap.,10,6/25/2013,EG2306,GENFAR
7702605150618,13,CELECOXIB,100mg,Cápsula,Capsula,Caja Cap.,20,12/17/2012,EG3766,GENFAR
7702605150625,13,CELECOXIB,200mg,Cápsula,Capsula,Caja Cap.,10,12/18/2012,EG3767,GENFAR
7702605150632,13,CETIRIZINA,10mg,Tableta,Tableta,Caja Tab.,10,11/5/2012,EG3731,GENFAR
7702605150656,13,CIPROFLOXACINO,500mg,Tableta Revestida,Tableta,Caja Tab.,10,7/11/2009,EG1004,GENFAR
7702605150717,13,CLINDAMICINA,0.02,TUBO,TUBO,TBO *   1,1,10/22/2016,EG037710001,GEN FAR
7702605150724,13,CLOTRIMAZOL,1%,Crema Vaginal,Crema Vaginal,Tubo X 4 g + Aplicador,1,1/15/2013,EG3816,GENFAR
7702605150755,13,DICLOFENACO,50mg,Gragea,Tableta,Caja Grag.,30,12/9/2010,EG4857,GENFAR
7702605150762,13,DICLOFENACO,0.01,GEL,GEL,1% Gel,1,,EE-0866,LAB. GENFAR PERU
7702605150779,13,DICLOFENACO AMPx75MGx3MLx5*,75MG,CAJA,CAJA,AMPOLLA,5,,,GENFAR
7702605150786,13,DICLOFENACO GENFAR,100mg,CAJA,TABLETAS,100mg Tab. x 20,,,EE-02658,Lab. Genfar Perú S.A.
7702605150793,13,DICLOXACILINA CAPX500MGX1 (GF),,,,,1,,,GENFAR PERU S.A.
7702605150816,13,DICLOXACILINA,250mg/5mL,Suspensión,Suspension,Fco. X 80 mL,1,5/10/2014,EG973,GENFAR
7702605150823,13,DILTIAZEM GF,60MG,TABLETA,TABLETA,CAJA,20,,EG1081,GEN FAR
7702605150830,13,DILTIAZEM TABX90MGX1 (GF),,,,,1,,,GENFAR PERU S.A.
7702605150847,13,DILTIAZEM,180mg,Cápsula,Capsula,Caja Cap.,10,7/14/2009,EG4398,GENFAR
7702605150861,13,ENALAPRIL,5mg,Tableta,Tableta,Caja Tab.,50,7/1/2010,EG4649,GENFAR
7702605150878,13,ERITROMICINA,500mg,Tableta,Tableta,Caja Tab.,50,2/3/2014,EG2473,GENFAR
7702605150885,13,ERITROMICINA,250mg/5mL,Suspensión,Suspension,Fco. X 60 mL,1,2/3/2014,EG2471,GENFAR
7702605150977,13,FLUCONAZOL,200 MG.,CAPSULAS,CAPSULAS,CAJA,4,1/28/2020,EE-00655,GENFAR
7702605150984,13,FLUNARIZINA GF,10MG,TABLETA,TABLETA,CAJA,30,,EG936,GEN FAR
7702605150991,13,FLUOXETINA,20mg,Cápsula,Capsula,Caja Cap.,10,4/17/2013,EG2261,GENFAR
7702605151004,13,FUROSEMIDA,40mg,Tableta,Tableta,Caja Tab.,100,1/11/2011,EG0015,GENFAR
7702605151011,13,FUROSEMIDA,20mg/2mL,Inyectable,Inyectable,Amp. X 2 mL,10,12/21/2010,EG0003,GENFAR
7702605151035,13,GEMFIBROZILO GF TAB 600MG,600MG,TABLETA,TAB,CAJA,20,8/1/2011,EG1045,GEN FAR
7702605151080,13,GENTAMICINA 80MG X6AMP,80mg,CAJA,CAJA,AMPOLLA,6,,,GENFAR
7702605151097,13,GENTAMICINA,160mg/2mL,Inyectable,Inyectable,Amp. X 2 mL,1,6/17/2009,EG2574,GENFAR
7702605151158,13,HIDROCLOROTIAZIDA,50mg,Tableta,Tableta,Caja Tab.,30,5/2/2010,EG3036,GENFAR
7702605151196,13,IBUPROFENO,400mg,Tableta Recubierta,Tableta,Caja Tab.,100,12/1/2009,EG1051,GENFAR
7702605151202,13,IBUPROFENO,600mg,Tableta Recubierta,Tableta,Caja Tab.,50,12/5/2009,EG1054,GENFAR
7702605151219,13,IBUPROFENO,800 MG.,TABLETAS,TABLETAS,CAJA,50,,EG-1030,FARMINDUSTRIA
7702605151226,13,IBUPROFENO,100mg/5mL,Suspensión,Suspension,Fco. X 120 mL,1,3/19/2013,EG2228,GENFAR
7702605151257,13,ISOCONAZOL,1%,Crema,Crema,Tubo X 20 g,1,11/11/2011,EG1841,GENFAR
7702605151271,13,KETOCONAZOL GF,200MG,TABLETA,TABLETA,CAJA,10,,EG504,GEN FAR
7702605151288,13,KETOCONAZOL,2%,Crema,Crema,Tubo X 30 g,1,8/20/2011,EG1812,GENFAR
7702605151301,13,KETOPROFENO 100MG CJA TAB X30 (GENFAR),100 MG,TABLETA,TAB,CJA X 30,30,1/18/2020,EG1105,GENFAR PERU S.A.
7702605151325,13,KETOPROFENO,100mg/2mL,Inyectable,Inyectable,Amp.,6,8/20/2011,EG1813,GENFAR
7702605151332,13,KETOPROFENO TABX200MGX1  RETAR (GF),,,,,1,,,GENFAR PERU S.A.
7702605151349,13,KETOROLACO,10mg,Tableta,Tableta,Caja Tab.,10,6/16/2010,EG1269,GENFAR
7702605151356,13,KETOROLACO 30MG/1MLX1AMP (GF),,,,,1,,,GENFAR PERU S.A.
7702605151363,13,KETOTIFENO GENFAR,1 MG,CAJA,TABLETAS,1mg Tab. x 30,1,,EG-1139,LAB. GENFAR PERU
7702605151370,13,KETOTIFENO JBEX1MGX5ML/100ML (GF),,,,,1,,,GENFAR PERU S.A.
7702605151394,13,LANSOPRAZOL CAP X 30 MG X 1 (GF),,,,,1,,,GENFAR PERU S.A.
7702605151400,13,LINCOMICINA 600MG/2ML AMP X 1 (GF),,,,,1,,,GENFAR PERU S.A.
7702605151417,13,LORATADINA TABx10MGx10*,10mg,CAJA,CAJA,COMPRIMIDO,10,,,GENFAR
7702605151431,13,LOSARTAN 50MGX30TAB,50mg,CAJA,CAJA,CAPSULA,30,,,GENFAR
7702605151455,13,MEBENDAZOL GF,100MG,TABLETA,TABLETA,CAJA,60,,EG559,GEN FAR
7702605151479,13,MEBENDAZOL GENFAR,100mg/5ml,SUSPENSION ORAL,SUSPENSION,Fco. X 30ml,10,4/1/2018,EG-530,GENFAR
7702605151509,13,METRONIDAZOL GENFAR 500MG TAB. X 100 (GENFAR),500 MG,TABLETA,TAB,CJA X 100,100,6/26/2017,EG572,GENFAR PERU S.A.
7702605151516,13,METRONIDAZOL,125mg/5mL,Suspensión,Suspension,Fco. X 120 mL,1,9/9/2012,EG632,GENFAR
7702605151523,13,METRONIDAZOL,250 MG /5 ML,SUSPENSIÓN ORAL,SUSP.,Env. X 120 Ml,1,,EG-528,GENFAR
7702605151585,13,NIFEDIPINO 10 MG,10MG,TABLETA,TAB,CAJA X 30 UNIDADES,30,,EG01078,GENFAR
7702605151592,13,NIFEDIPINO,30mg,Cápsula,Capsula,Caja Cap.,10,11/30/2010,EG1491,GENFAR
7702605151615,13,NORFLOXACINO GF,400MG,TABLETA,TABLETA,CAJA,14,,EG646,GEN FAR
7702605151622,13,OMEPRAL 20MG TAB CJA X 10,20 MG,TABLETA,TAB,CJA X 10,10,11/11/2022,EN00387,TEVA PERU SAC
7702605151660,13,PARACETAMOL,500mg,Tableta,Tableta,Caja Tab.,100,2/6/2011,EG0039,GENFAR
7702605151684,13,PARACETAMOL,150 mg/5 mL,Jarabe,SOLUCION,Caja Frasco x 60 mL,1,2/6/2021,EE02754,GENFAR
7702605151721,13,PENTOXIFILINA GENFAR,400 MG,CAJA,TABLETAS,400mg Tab. x 30,1,,EG-3806,Lab. Genfar Perú S.A.
7702605151738,13,PIROXICAM CAP X 20MG X 1 (GF),,,,,1,,,GENFAR PERU S.A.
7702605151752,13,PIROXICAM,20mg/mL,Inyectable,Inyectable,Amp.,5,12/5/2009,EG1056,GENFAR
7702605151769,13,PIROXICAM AMP X 40MG/2ML (GF),,,,,1,,,GENFAR PERU S.A.
7702605151783,13,RANITIDINA TABX300MGX1 (GF),,,,,1,,,GENFAR PERU S.A.
7702605151820,13,SALBUTAMOL 4 MG X 1 TAB (G),,,,,1,,,GENFAR PERU S.A.
7702605151837,13,SALBUTAMOL,2mg/5mL,Jarabe,Solucion,170 mL,1,7/25/2011,EG384,GENFAR
7702605151851,13,SECNIDAZOL,500mg,Tableta,Tableta,Caja Tab.,4,10/28/2012,EG655,GENFAR
7702605151899,13,SILDENAFILO GF,50MG,TABLETA,TABLETA,CAJA,4,,EG3457,GEN FAR
7702605151905,13,SILDENAFILO,50mg,Tableta Recubierta,Tableta,Caja Tab.,2,8/5/2011,EG3457,GENFAR
7702605151943,13,SULFADIAZINA DE PLATA,1%,Crema Tópica,Crema,Tubo X 30 g,1,11/11/2013,EG4160,GENFAR
7702605152001,13,TETRACICLINA,500mg,Cápsula,Capsula,Caja Cap.,100,1/27/2010,EG2871,GENFAR
7702605152049,13,TINIDAZOL,500 MG.,TABLETAS,TABLETAS,CAJA,8,,EG-531,GENFAR
7702605152087,13,TRAMADOL,50mg,Cápsula,Capsula,Caja Cap.,10,7/11/2013,EG4010,GENFAR
7702605152117,13,TRAMAL AMPx50MG/1MLx1,,,,,1,,,GRUNENTHAL PERUANA S.A.
7702605152148,13,TRIMETOPRIM SULFA F 160 MG/800 MG,160MG/800MG,TABLETA,TAB,CAJA X 100 UND,100,,E8443,GENFAR
7702605152179,13,TRIMETOPRIM SULFA F 80/400/5ML,80MG+400MG/5ML,JARABE,JBE,FRASCO X 60 ML,1,,E8444,GENFAR
7702605152223,13,VERAPAMILO,240mg,Tableta,Tableta,Caja Tab.,10,7/14/2009,EG4397,GENFAR
7702605152346,13,YODOPOVIDONA,10%,Solución Tópica,Solucion,Fco. X 60 mL,1,2/15/2010,EG2907,GENFAR
7702605152469,13,SERTRALINA,50 mg,TABLETA RECUBIERTA,TABLETA,CAJA TAB,10,1/10/2025,EE00905,GENFAR
7702605152537,13,MONTELUKAST,5mg,Tableta,Tableta,Caja Tab.,10,6/15/2010,EG4626,GENFAR
7702605152544,13,MONTELUKAST,10MG,Tableta,Tableta,Caja,10,,EG04627,GEN FAR S.A.
7702605152551,13,ALENDRONATO,70mg,Tableta,Tableta,Caja Tab.,4,3/2/2010,EG4550,GENFAR
7702605152605,13,CEFUROXIMA,500mg,Tableta,Tableta,Caja Tab.,10,5/30/2010,EG4612,GENFAR
7702605152643,13,SIMVASTATINA,20mg,Tableta,Tableta,Caja Tab.,10,6/15/2010,EG4629,GENFAR
7702605152650,13,SIMVASTATINA 40 MG X 1 TB,,,,,1,,,PHARMACHECK PERU S.A.
7702605152711,13,IVERMECTINA GF,6/1,GOTAS,GOTAS,FRASCO,1,,EG4641,GEN FAR
7702605152742,13,BETAMETASONA GF,4MG,AMPOLLA,AMPOLLA,AMPOLLA,1,,EG4648,GEN FAR
7702605152797,13,LEVOFLOXACINO,500mg,Tableta Recubierta,Tableta,Caja Tab.,7,3/20/2011,EG4972,GENFAR
7702605152810,13,MOMETASONA,1%,Crema,Crema,Tubo X 15 g,1,5/3/2011,EG5004,GENFAR
7702605152841,13,DEXAMETASONA AMPX4MGX 1 AMP (GF),,,,,1,,,GENFAR PERU S.A.
7702605152858,13,DEXAMETASONA,8mg/2mL,Solución para Inyección,Inyectable,Caja Amp. X 2 mL,1,10/27/2011,EG5173,GENFAR
7702605152872,13,ESOMEPRAZOL,40mg,Tableta Recubierta,Tableta,Caja Tab.,10,10/30/2011,EG5175,GENFAR
7702605152889,13,VALSARTAN,160mg,Tableta Recubierta,Tableta,Caja Tab.,14,9/27/2011,EG5134,GENFAR
7702605152902,13,ESOMEPRAZOL,20mg,Tableta Recubierta,Tableta,Caja Tab.,10,10/31/2011,EG5178,GENFAR
7702605152919,13,TERBINAFINA 250MG CAJA TAB. X 14 (GENFAR),250 MG,TABLETA,TAB,CJA X 14,14,11/15/2021,EG5189,GENFAR PERU S.A.
7702605152926,13,VALSARTAN,80mg,Tableta Recubierta,Tableta,Caja Tab.,14,1/31/2012,EG5259,GENFAR
7702605152957,13,ZOLPIDEM 10MG TABLETA CAJA X 10,10 MG,TABLETA,TABLETA,CAJA,10,,EE03875,SANOFI AVENTIS
7702605152988,13,TERBINAFINA,1%,Crema,Crema,Tubo X 20 g,1,4/3/2012,EG5326,GENFAR
7702605153022,13,DEFLAZACORT,6mg,Tableta,Tableta,Caja Tab.,10,11/28/2012,EG5603,GENFAR
7702605153039,13,DEFLAZACORT,30mg,Tableta,Tableta,Caja Tab.,10,11/28/2012,EG5604,GENFAR
7702605153046,13,MELOXICAM 7.5 MG X 1 TABLETA (G),,,,,1,,,MAGMA S.A.
7702605153084,13,METOCLOPRAMIDA,100mg/2mL,Solución para Inyección,Inyectable,Caja Amp.,5,1/21/2013,EG5667,GENFAR
7702605153169,13,DESLORATADINA,2.5 MG/5 ML,JARABE,JBE.,Env. X 60 Ml,1,,EG-5954,GENFAR
7702605153176,13,DESLORATADINA,5MG,TABLETA,TAB,CAJA X 10 UNIDADES,10,,EG05932,GENFAR
7702605153220,13,METAMIZOL MAGNESICO 2 MG,2 MG/ 5 ML,AMPOLLA,AMP,CAJA X 1 UNIDAD,1,,EG60110,GENFAR
7702605153282,13,AMIKACINA 500MG/2ML X10AMP,500mg,CAJA,CAJA,AMPOLLA,10,,,GENFAR
7702605153299,13,MELOXICAM,15mg/1.5mL,Solución para Inyección,Inyectable,Caja Amp. X 1.5 mL,1,12/16/2013,EG6014,GENFAR
7702605153329,13,MINOCICLINA,100mg,MINOCICLINA,MINOCICLINA,CAPSULAS,10,7/1/2020,EE-03106,SANOFI
7702605153404,13,XILBAC IV/IM,1.5G,VIAL,VIAL,VIAL,1,,E21459,GEN FAR
7702605153435,13,MEBENDAZOL GF,100/5,SUSPENSION,SUSPENSION,FRASCO,1,,EG530,GEN FAR
7702605153497,13,melsol,15mg/1.5ml,ampolla,ampolla,ampolla,1,12/1/2020,EE-3888,GENFAR
7702605153565,13,METFORMINA 500 MG,500MG,GRAGEA,GRAGEA,CAJA X 30 UNIDADES,30,,EG6415,GENFAR
7702605153602,13,DIPRIREX  5MG AMP. X 1,,,,,1,,,GENFAR PERU S.A.
7702605153619,13,VERAPAMILO GENFAR,80mg,CAJA,GRAGEAS,80mg Grag. x 50,,,EN-04946,Lab. Genfar Perú S.A.
7702605153817,13,CLOBETASOL 0.05%,CREMA 0.05%,CREMA,CREMA,CAJA X 25GR,1,9/1/2020,EE-01762,GENFAR
7702605153862,13,MOXIFLOXACINO,400 mg,TABLETA RECUBIERTA,TABLETA,CAJA TAB,7,10/20/2020,EE02032,SANOFI-AVENTIS
7702605153893,13,ETORICOXIB 90MG TAB CJA X 14 (GENFAR),90 MG,TABLETA,TAB,CJA X 14,14,9/27/2022,EE05323,GENFAR PERU S.A.
7702635717478,13,GALVUS MET,50mg+500mg,Comprimido Recubierto,Tableta,Caja Comp.,56,5/12/2015,E22253,NOVARTIS BIOSCIENCES
7702635717485,13,GALVUS MET,50mg+850mg,Comprimido Recubierto,Tableta,Caja Comp.,56,5/6/2015,E22247,NOVARTIS BIOSCIENCES
7702870000113,13,AMDIPIN,10mg,Tableta,Tableta,Caja Tab.,10,5/9/2011,E13847,LAFRANCOL
7702870000434,13,KINE,30mg,Inyectable,Inyectable,Amp.,1,11/25/2013,E11346,LAFRANCOL
7702870001431,13,"AMDIPIN H 5/12.,5 MG X 1 TABLETA",,,,,1,,,LA FRANCOL
7702870002285,13,FUNIDE,250mg,Tableta,Tableta,Caja Tab.,14,7/12/2010,E17488,LAFRANCOL
7702870002636,13,NOFERTYL,50mg,Solución para Inyección,Inyectable,Amp.,1,7/6/2010,E17474,LAFRANCOL
7702870003473,13,GYNCLOX,200mg+100mg,Tableta Vaginal,Ovulo,Caja Tab. + Aplic.,3,3/5/2013,E20430,LAFRANCOL
7702870003961,13,OSEBAN,3MG,INYECTABLE,INYECTABLE,CAJA,1,,EE-01655,FARMINDUSTRIA
7702870008034,13,DINEGAL,10 MG.,TABLETA,TABELTAS,CAJA,20,,EE-03223,LAFRANCOL
7702870008065,13,KINE,10mg,Tableta,Tableta,Caja Tab.,10,3/30/2010,E8182,LAFRANCOL
7702870008171,13,CETIRAX,5mg/5mL,Jarabe,Solucion,Fco. X 60 mL,1,4/1/2013,E15414,LAFRANCOL
7702870008393,13,POSTDAY,0.75mg,Tableta,Tableta,Caja Tab.,2,11/17/2010,E17806,LAFRANCOL
7702870008416,13,RINOBUDEX,18G,SPRAY,SPRAY,FRASCO,1,,E-18696,LAFRANCOL
7702870008539,13,SEVEDOL,,Tableta,Tableta,Caja Tab.,12,11/13/2011,E18928,LAFRANCOL
7702870008782,13,VALTAN,80mg,Tableta,Tableta,Caja Tab.,14,1/28/2013,E20240,LAFRANCOL
7702870008799,13,VALTAN,160mg,Tableta,Tableta,Caja Tab.,14,1/28/2013,E20235,LAFRANCOL
7702870008805,13,VALTAN H,80mg+12.5mg,Cápsula,Capsula,Caja Cap.,14,12/18/2012,E20091,LAFRANCOL
7702870008812,13,VALTAN H,12.5mg+160mg,Cápsula,Capsula,Caja Cap.,14,12/26/2012,E20106,LAFRANCOL
7702870008843,13,BONDIGEST,5mg,Tableta,Tableta,Caja Tab.,30,7/12/2012,E19552,LAFRANCOL
7702870009048,13,GYNFLU,37.5mg+500mg,Tableta,Tableta,Caja Tab.,4,4/15/2013,E20575,LAFRANCOL
7702870009116,13,FLUCISTEIN,100mg,Granulos,Granulos,Caja Sob. X 2 g,30,6/9/2013,E20733,LAFRANCOL
7702870009161,13,EROXIM FAST,50mg,Tableta Masticable,Tableta,Caja Tab.,2,11/27/2013,E16037,LAFRANCOL
7702870009178,13,FLUCISTEIN,600mg,Granulos,Granulos,Caja Sob. X 2 g,30,7/3/2013,E20816,LAFRANCOL
7702870009239,13,GYNCLOX 200MG/ 100MG TAB X 3,200/100MG,TABLETAS,TABELTAS,CAJA,3,,E-20430,GYNOPHARM
7702870009888,13,BELLAFACE,2MG/0.03MG,CAJA,TABLETAS,2mg /0.03mg Caja Tab. Rec. x 21,1,,E-22762,FARMINDUSTRIA
7702870010792,13,MARILOU,2.5 mg + 1.5 mg,TABLETA RECUBIERTA,TABLETA,CAJA TABLETA,28,12/21/2020,EE02523,FARMINDUSTRIA
7702870011195,13,CARDIOPLUS AM,40mg/5mg,OLMESARTAN/AMLODIPINO,CARDIOPLUS,TABLETAS RECUBIERTAS,30,3/1/2020,EE-05106,ABBOTT
7702870011355,13,ACNOIC 0.1% / 2.5% - GEL,0.1%/2.5%,TUBO,TBO,CJA X 1,1,9/25/2022,EE05308,FARMINDUSTRIA S.A.
7702870011461,13,BISBACTER 262MG TAB CJA X 48,262 MG,TABLETA,TAB,CJA X 48,48,1/5/2022,EE04653,FARMINDUSTRIA S.A
7702870020760,13,CORDIAX 80MG/5MG X 30 TAB,80 MG/5 MG,TABLETA,TAB,CJA X 30,30,3/20/2024,EE07087,ABBOT LABORATORIOS S.A.
7702870653364,13,ARLETTE 28,0.075 mg,Tableta Recubierta,TABLETA,Caja Envase Blíster Tableta Recubierta,28,5/10/2024,EE07319,FARMINDUSTRIA
7702870684207,13,GESTAGRAMIN,10 mg + 10 mg,Tableta de Liberación Retardada,TABLETA,Caja Envase Blíster Tabletas de Liberación Retardada,30,2/6/2024,EE06976,GYNOPHARM
7703006650332,13,COXAMER,15mg,Tableta,Tableta,Caja Tab.,10,10/24/2013,E15948,REP. LOPEZ
7703153001131,13,LANSOPEP,30mg,Cápsula,Capsula,Caja Cap.,14,7/16/2012,E14786,UNIMED
7703153002404,13,OTOSEC-HC,3MG/10MG/ML,GOTAS,GOTAS,FRASCO,1,,E14694,UNIMED
7703153008024,13,DOLONET FORTE,400mg,Cápsula Blanda,Capsula,Caja Cap.,100,1/8/2013,E15126,UNIMED
7703153008062,13,MELOXX,15mg,Cápsula Blanda,Capsula,Caja Cap.,10,1/8/2012,E14276,UNIMED
7703153008116,13,CIFLOPTIC,0.30%,Solución Oftálmica,Solucion Oftalmica,Fco. X 6 mL,1,8/5/2013,E15745,UNIMED
7703153008215,13,MUVETT,300mg,Cápsula,Capsula,Caja Cap.,20,2/18/2013,E15290,UNIMED
7703153009687,13,EQUIPLEN,720mg,Cápsula Blanda,Capsula,Caja Cap.,30,2/3/2009,E16190,UNIMED
7703153011215,13,TAMIN-HT IM,,JERINGA PRELLENADA,JERINGA PRELLENADA,CAJA,1,,E16114,UNIMED
7703153011413,13,DOLONET FORTE 400MG CAP CJX100 (UNI),400 MG,CAPSULA,CAPSULA,CAJA X 100,100,1/8/2018,EE01462,UNIMED DEL PERU S.A.
7703153011420,13,NEOBON,70mg,Cápsula Blanda,Capsula,Caja Cap.,4,4/9/2013,E15438,UNIMED
7703153011529,13,GESTAFER,,Cápsula Blanda,Capsula,Caja Cap.,30,2/25/2014,E16271,UNIMED
7703153012359,13,ALERCET-D,,CAPSULAS,CAPSULAS,Caja Cap.,100,6/17/2012,E10282,UNIMED
7703153012540,13,ALBISEC,166.66 MG/33.33 MG,CAPSULAS,CAPSULAS,Caja Caps. x 12,1,8/1/2019,E-16798,UNIMED
7703153012908,13,LAGRIFRESH GTS OFT X 15ML,15ML,SOLUCIÓN OFTÁLMICA,SOL. OFT.,CAJA X 1,1,,EE-04081,UNIMED S.A.
7703153012915,13,FLEXURE SABOR NARANJA,,Polvo Oral,Polvo,Caja Sob. X 4.7 g,30,12/10/2013,E16061,UNIMED
7703153013295,13,DUOSTOP GTS OFT 2%/0.5% 6ML,2%/0.5%,FRASCO,FRASCO,FCO,1,1/11/2016,EE01124,UNIMED
7703153014513,13,LEVALER 5MG CBG CAPSULA CJA X10,5 MG,CAPSULA,CAP,CJA X 10,10,,E-16983,UNIMED DEL PERU S.A
7703153015763,13,MUVETT S,20 MG,CAJA,TABLETAS,Caja Tab. x 21,,,EE-02399,Unimed del Perú S.A.
7703153016234,13,ISOFACE,20mg,Cápsula Blanda,Capsula,Caja Cap.,30,6/18/2011,E13953,UNIMED
7703153016340,13,BIANOS,1g,Tableta,Tableta,Caja Tab.,2,3/5/2012,E14432,UNIMED
7703153016852,13,CLENOX,40mg/0.4mL,Solución para Inyección,Inyectable,Caja Jer. Prell. X 0.4 mL,1,11/16/2010,E17802,UNIMED
7703153016869,13,CLENOX,60mg/0.6mL,Solución para Inyección,Inyectable,Caja Jer. Prell. X 0.6 mL,1,11/12/2010,E17787,UNIMED
7703153016876,13,ENOXAPARINA 80MG/0.8ML INY CJAX1 UND,80MG,AMPOLLA,AMP,AMPOLLA,1,,BE-00845,NORDICPHARMACEUTICAL
7703153016883,13,CLENOX 20MG/0.2ML AMPOLLA X 1,20mg,SOLUCION,caja,,1,,,UNIMED
7703153017019,13,DAYFLU,,Cápsula Blanda,Capsula,Caja Cap.,100,3/15/2015,E22201,UNIMED
7703153017262,13,MUVETT,200mg/15mL,Polvo para Suspensión Oral,Suspension,Fco. X 120 mL,1,8/10/2011,E18645,UNIMED
7703153017354,13,ISOFACE,10mg,Cápsula Blanda,Capsula,Caja Cap.,30,6/18/2011,E13955,UNIMED
7703153017385,13,LEVALER,,Solución,Solucion,Fco. Got. X 20 mL,1,7/15/2010,E17502,UNIMED
7703153017415,13,VITAMINA E 400UI CAPSULA BLANDA CJX50,400 UI,CAPSULA,CAPSULA,CAJA,50,,DE0547,UNIMED
7703153017534,13,ISOFACE,10MG,CAPSULA,CAPSULA,CAJA,30,,E13955,UNIMED
7703153017682,13,KELAFER,,Jarabe,Solucion,Caja Fco. X 120 mL,1,7/13/2010,E17496,UNIMED
7703153018290,13,MELOXX,15mg/1.5mL,Solución para Inyección,Inyectable,Caja Jer. Prell. X 1.5 mL (1 Dosis),1,1/9/2011,E18014,UNIMED
7703153018498,13,CROMUS,0.001,UNGUENTO,UNGUENTO,TUBO,1,,E19027,UNIMED
7703153018672,13,INEDOL,200mg/5mL,Suspensión Oral,Suspension,Fco. X 45 mL,1,6/14/2010,E8427,UNIMED
7703153018825,13,LEVUNID,500mg,Tableta Recubierta,Tableta,Caja Tab.,10,3/7/2011,E18199,UNIMED
7703153018849,13,BETADUO,2mg/1ml,BETAMETASONA,BETADUO,SUSP. INYECTABLE,1,7/1/2019,E-21161,PHARMAYECT
7703153019129,13,FLEXURE MSM,,Polvo para Solución Oral,Solucion,Caja Sob. X 8 g,30,1/17/2012,E19088,UNIMED
7703153019471,13,CROMUS,0.0003,UNGUENTO,UNGUENTO,TUBO,1,,E19041,UNIMED
7703153019877,13,TENSIOVAL,160mg,Cápsula,Capsula,Caja Cap.,28,12/6/2010,E17910,UNIMED
7703153019884,13,TENSIOVAL,80mg,Cápsula,Capsula,Caja Cap.,28,12/16/2010,E17941,UNIMED
7703153019891,13,TENSIOVAL HC,80mg+12.5mg,Cápsula,Capsula,Caja Cap.,28,8/28/2011,E18702,UNIMED
7703153020392,13,PREVINE D FORTE,1500,TABLETAS,TABLETAS,CAJA,30,,DE-1279,UNIMED
7703153020552,13,XALAR,4mg,Tableta Masticable,Tableta,Caja Tab.,30,9/20/2011,E18780,UNIMED
7703153020569,13,XALAR,10mg,Cápsula Blanda,Capsula,Caja Cap.,30,11/18/2010,E17814,UNIMED
7703153020576,13,XALAR,5mg,Tableta Masticable,Tableta,Caja Tab.,30,11/24/2010,E17845,UNIMED
7703153021177,13,IFAXIM,100/5,SUSPENSION,SUSPENSION,FRASCO,1,,E21638,UNIMED
7703153021184,13,IFAXIM,200MG,CAPSULA,CAPSULA,CAJA,14,,E21537,UNIMED
7703153021931,13,PLENALIV,100mg,Ovulo,Ovulo,Caja Ov.,3,2/20/2014,E16259,UNIMED
7703153021955,13,INEDOL,500mg,Cápsula,Capsula,Blist. Cap.,15,10/30/2012,E19921,UNIMED
7703153021962,13,INEDOL,500mg,Cápsula,Capsula,Blist. Cap.,3,6/14/2010,E8428,UNIMED
7703153022693,13,GESTAVIT DHA,,CAPSULA,CAPSULA BLANDA,Caja x 30 CBG,1,1/1/2021,DE - 1761,UNIMED
7703153023140,13,MELOXX,15 MG.,CAPSULAS,CAPSULAS,CAJA,100,,EE-02365,UNIMED
7703153023423,13,TAPECTAM,4G/0.5G,INYECTABLE,INYECTABLE,CAJA,1,,EE-03788,UNIMED PERU
7703153023782,13,MEROBAC 1 G VIAL X 1,1GR,SOLUCION,frasco,,1,,,UNIMED
7703153023857,13,MUVETT,50MG,AMPOLLA,AMPOLLA,AMPOLLA,1,,E17430,UNIMED
7703153023874,13,VITESOL B6 CAPSULA BLANDA CJX30,,CAPSULA,CAPSULA,CAJA,30,,DE1188,UNIMED
7703153023904,13,MENISTIN,8MG,TABLETA,TABLETA,CAJA,42,,E19982,UNIMED
7703153023911,13,MENISTIN 16 MG,BETAHISTINA CLORNIDRATO,TABLETAS RECUBIERTAS,TABLETAS RECUBIERTAS,CAJA X 21,1,1/12/2016,E-19980,UNIMED
7703153023997,13,BETADUO,5/2MG,AMPOLLA,AMPOLLA,AMPOLLA,1,,E21161,UNIMED
7703153024048,13,LEVALER  2.5MG/5ML,2.5MG/5ML,JARABE,JARABE,FRASCO X120ML,1,,E-22470,UNIMED
7703153024055,13,LACTINISE  0.5 MG CJA FCO X 1TB,,,,,1,,,UNIMED DEL PERU S.A.
7703153024062,13,LACTINESE,0.5MG,TABLETA,TABLETA,CAJA,4,,E20173,UNIMED
7703153024079,13,NYTASOFT,100mg/5mL,Polvo para Suspensión Oral,Suspension,Caja Fco. X 60 mL,1,10/10/2013,E21116,UNIMED
7703153024093,13,DAYFLU,500MG,CAPSULAS,CAPSULAS,CAJA,100,,EE-00818,UNIMED
7703153024383,13,NYTASOFT,500 mg,Cápsula Blanda,CAPSULA,Caja Envase Blister Cápsulas,6,10/9/2018,E21111,UNIMED
7703153024512,13,CALCITRIOL UNIMED,,CAPSULA,CAPSULA,CAJA,100,,EG6049,UNIMED
7703153024536,13,TAMIN-B NF,20.000MG,CAPSULA,CAPSULA,CAJA,100,,DE0334,UNIMED
7703153024710,13,DOLONET,200 MG.,CAPSULAS,CAPSULAS,CAJA,20,,EE-00811,UNIMED DEL PERU S.A.
7703153025380,13,TUSICLOX JBE 35.4/5 120ML,35.4/5,SOLUCION,SOLUCION,FRASCO,1,,E22497,UNIMED
7703153025397,13,ALERCET 10MG CAPSULA BLANDA CJX100 (UNI),10 MG,CAPSULA,CAPSULA,CAJA X 100,100,11/15/2019,EE03765,UNIMED DEL PERU S.A.
7703153025519,13,BONESE,,CAPSULA,CAPSULA,CAJA,3,,E20292,UNIMED
7703153025632,13,XALAR,5MG,TABLETA,TABLETA,CAJA,90,,E-17845,UNIMED
7703153025649,13,XALAR,4MG,TABLETA,TABLETA,CAJA,90,,E18780,UNIMED
7703153025656,13,XALAR,10MG,CAPSULA,CAPSULA,CAJA,90,,E17814,UNIMED
7703153026189,13,LATANOX,0.05 mg/mL,SOLUCION OFTALMICA,SOLUCION OFTALMICA,FRASCO GOTERO x 5 mL,1,4/27/2021,E18335,UNIMED
7703153026592,13,EZOLIUM 20 MG,20MG,TABLETA,TAB CON CUBIERTA ENTERICA,CAJA X 30 UNIDADES,30,,E021430,UNIMED PROCAPS
7703153026608,13,EZOLIUM,40 mg,COMPRIMIDO GASTRORRESISTENTE,TABLETA,CAJA COMP,30,12/29/2021,EE04637,UNIMED
7703153026622,13,LEVALER,5MG,CAPSULA,CAPSULA,CAJA,80,,E16983,UNIMED
7703153027407,13,PREVINE D GEL TABS,1500MG/200UI,CAPSULA,CAPSULA,Caja Tab.,30,,DE1377,UNIMED
7703153027896,13,DOLANTAG,37.5/325MG,CAPSULA,CAP,CAJA,50,,E18619,UNIMED
7703153029449,13,EQUIPLEN EC CAPSULA BLANDA CAJA X 30,,CAPSULA,CAPSULA,CAJA,30,,DE1326,UNIMED
7703153029906,13,FORTZINK,20 MG,CAJA,CAPSULAS,20mg Caja x 20,1,,DE-1858,UNIMED DEL PERU
7703153029913,13,FORTZINK (Jarabe),20MG/5ML,Jarabe,Solucion,Fco. X 120 mL,1,,DE1862,UNIMED
7703153029920,13,FORTZINK (Gotas),10MG/ML,Gotas,Solucion,Fco. Got. X 30 mL,1,,DE1878,UNIMED
7703153030407,13,PLERMIN SPR 50MCG 100 DOSIS,50MCG,FRASCO,FCO,FRASCO,1,1/1/2018,EE02102,UNIMED
7703153030414,13,PLERMIN INHALADOR,MOMETASONA 50 MCG,FRASCO X 180 DOSIS,FRASCO X 180 DOSIS,FRASCO,1,,EE-02102,UNIMED
7703153030452,13,CROMUS UNG 0.1% 10G,0.1%,TUBO,TBO,TUBO,1,12/18/2021,EE04584,UNIMED
7703153030537,13,LERGITIN,0.2 %,Olopatadina,LERGITIN,FRASCO SOLUCIÓN x 3ml,1,1/5/2018,E22877,UNIMED DEL PERÚ S.A.
7703153030742,13,TOBRACORT,0.1%/0.3%,FRASCO,FRASCO,FCO *   1,1,1/19/2017,E0156240002,UNIMED
7703153031077,13,NUTRIGEL 2.0 (SABOR NARANJA),,POLVO,POLVO,CAJA X 30 UNIDADES,,,DE2227,UNIMED
7703153032852,13,EVIGAX 125MG TAB CJA X 10,125 MG,TABLETA,TAB,CJA X 10,10,5/12/2021,EE03555,UNIMED DEL PERU S.A.
7703153034801,13,EVIGAX FORTE 250MG TAB CJA X 30,250 MG,TABLETA,TAB,CJA X 30,30,6/28/2022,EE05067,UNIMED DEL PERU S.A.
7703153034818,13,EVIGAX FORTE,250MG.,CAPSULAS,CAPSULAS,CAJA,10,,EE-05067,UNIMED
7703153036164,13,IFAXIM 550MG CAP,,CAP,CAP,CAJA X 14 UNIDADES,,,EE-0582,UNIMED PROCAPS
7703153036195,13,EVIGAX GTS X 20ML CJA X 1,20 ML,FRASCO,FCO,CJA X 1,1,10/25/2023,EE06488,UNIMED DEL PERU S.A.
7703186027047,13,HUMIRA,,Inyectable,Inyectable,Caja Fco. Amp.,2,8/18/2013,BE00165,ABBOTT
7703186027108,13,LEXAPRO,10mg,Tableta,Tableta,Caja Tab.,14,5/13/2013,E20646,ABBOTT
7703186027276,13,LEXAPRO,10mg,Tableta,Tableta,Caja Tab.,28,5/13/2013,E20646,ABBOTT
7703186027290,13,VALCOTE ER,250mg,Tableta,Tableta,Caja Tab.,30,2/19/2013,E20357,ABBOTT
7703186027917,13,LEXAPRO,20mg,Tableta,Tableta,Caja Tab.,14,8/1/2012,E19611,ABBOTT
7703186120441,13,VALCOTE,125mg,Cápsula,Capsula,Caja Cap.,30,1/27/2013,E10583,ABBOTT
7703186154132,13,OGASTRO,15mg,Cápsula,Capsula,Caja Cap.,14,4/23/2013,E15477,ABBOTT
7703186304636,13,OGASTRO,30mg,Cápsula,Capsula,Caja Cap.,14,11/28/2013,E21272,ABBOTT
7703186336811,13,KLARICID,250mg,Tableta,Tableta,Caja Tab.,10,3/28/2013,E15402,ABBOTT
7703186442925,13,HYTRIN,2mg,Tableta,Tableta,Caja Tab.,14,6/16/2013,E20762,ABBOTT
7703186443014,13,HYTRIN,5mg,Tableta,Tableta,Caja Tab.,14,8/14/2013,E20912,ABBOTT
7703186443120,13,HYTRIN,10mg,Tableta,Tableta,Caja Tab.,14,9/9/2013,E15831,ABBOTT
7703186445612,13,SEVORANE,,SOLUCION,SOLUCION,FRASCO,250,,E15277,ABBOTT
7703186568212,13,DEPAKENE,250mg/5mL,Jarabe,Solucion,Fco. X 120 mL,1,10/22/2013,E21153,ABBOTT
7703186585110,13,DAYAMINERAL,,FRASCO,TABLETAS,Fco. Tab. Rec. x 30,,,DE-2130,Farmindustria S.A. (Planta)
7703186621412,13,VALCOTE,250mg,Tableta,Tableta,Caja Tab.,30,8/12/1999,E7572,ABBOTT
7703186621511,13,VALCOTE,500mg,Tableta,Tableta,Caja Tab.,30,8/12/1999,E7574,ABBOTT
7703186627629,13,SELSUN AMARILLO,2.50%,Suspensión,Suspension,Fco. X 180 mL,1,2/11/2009,E16220,LUKOLL
7703186649737,13,PEDIALYTE,,Solución Oral,Solucion,Fco X 500 mL,1,9/12/2013,E15841,ABBOTT
7703186920713,13,KLARICID,250mg,Granulos para Suspensión,Suspension,Fco. X 50 mL,1,6/25/2013,E15644,ABBOTT
7703186921413,13,KLARICID,500mg,Tableta,Tableta,Caja Tab.,10,5/20/2012,E10235,ABBOTT
7703186995018,13,KLARICID,125mg/5mL,Granulos para Suspensión,Suspension,Fco. X 50 mL,1,5/27/2013,E15560,ABBOTT
7703202001105,13,ARALEN,250mg,Tableta,Tableta,Caja Tab.,200,4/7/2013,E20554,SANOFI
7703202001563,13,ENTEROGERMINA PLUS,ESPORAS DE BACILLUS CLAUSII 4000 MILLONES/5 ML,FRASCO X 5 ML,CAJA X 5 FRASCOS,CAJA X 5 FRASCOS,5,,BE-01060,SANOFI
7703202009170,13,MUCOSOLVAN,15mg /5ml Jbe. x 120ml,FRASCO,JARABE,Ped. 15mg /5ml Jbe. x 120ml,,,EE-03165,Laboratorio Boehringer Ingelheim
7703202114102,13,SECNIDAL,500mg,Suspensión,Suspension,Fco. X 30 mL,1,4/9/2012,E19295,SANOFI
7703202146714,13,PROFENID,100mg,Comprimido,Tableta,Caja Comp.,30,6/5/2011,E13915,SANOFI
7703202914269,13,SECNIDAL,1g,Comprimido,Tableta,Caja Comp.,2,1/18/2012,E14305,SANOFI
7703258011301,13,ZALDIAR,37.5mg+325mg,Comprimido,Tableta,Caja Comp.,10,5/8/2014,E21683,GRUNENTHAL PERUANA
7703281000297,13,TEREKOL 250MG X 28 TABLETAS,250MG,TABLETAS,,CAJA,28,,,ROEEMERS
7703281000679,13,PROCICAR,60G,TUBO,CREMA,Crema x 60g,,,E-12868,Roemmers S.A.
7703281001010,13,BETAPIROX CHAMPU,,CHAMPU,shamp.,fco. X 120ml,1,,,ROEMMERS
7703281001102,13,UMBRELLA KIDS MAX X 60G,60 GR,TUBO,TUB,CJA X 1,1,5/14/2013,NS0C56473-13CO,MEGA LABS LATAM S.A.
7703281001195,13,BETAZOL,"0,05 %",Espuma Cutanea,ESPUMA,Caja Envase aerosol x 50 g,1,9/29/2021,EE04276,MEGA LABS LATAM S.A.
7703281001423,13,IMIMORE 5% CREMA TUBO X 5 GR,0.05,crema,tubo,tubo,1,,,roeemmers
7703281001447,13,UMBRELLA PLUS F50 EML SPR 120G,120G,EML,FRASCO,FCO,1,3/31/2018,NS0C5205713,ROEMMERS
7703281001751,13,LITASINA IV SOL 600MG,600MG,BOLSA,BOL,BOLSA,1,,EE04680,ROEMMERS
7703281001881,13,UMBRELLA INTELLIGENT,50 g,Gel,Gel,Tubo,,,NSOC7200000,MEDIHEALTH
7703281002024,13,AQUATOP,,LOCION,LOCION,FRASCO X 250 ML,,,NSOC743,ROEMMERS S.A.
7703281002086,13,TEN VI C CREMA TOPICA FRASCO X 50 G (MHT),,CREMA,CREMA,FRASCO X 50 G,,,NSOC01111-00CO,MEDIHEALTH
7703281002345,13,UMBRELLA BASE COMP 50 BEIGE X 11G (ROE),11G,POLVO,POLVO,ESTUCHE,1,4/2/2019,NSOC52704-13CO,LAB. ROEMMERS
7703281002369,13,UMBRELLA BASE COMP 50 DURAZNO X 11G(ROE),11G,POLVO,POLVO,ESTUCHE,1,4/2/2019,NSOC52704-13CO,LAB. ROEMMERS
7703281003311,13,MINOT,100mg,Cápsula de Liberación Prolongada,Capsula,Caja Cap.,10,11/27/2014,E22091,ROEMMERS
7703281003762,13,DERMOSUPRIL,0.10%,Crema,Crema,Tubo X 15 g,1,7/13/2015,E13051,ROEMMERS
7703281003793,13,DERMOSUPRIL,0.05%,Crema,Crema,Tubo X 15 g,1,7/17/2010,E13058,ROEMMERS
7703281007104,13,UMBRELLA KIDS 30 SPF EMULSION FRASCO X 120 ML (ROE,120ML,EMULSION,EMULSION,UNIDAD,1,,N50C5647313CO,MEDIHEALTH
7703281007142,13,UMBRELLA PLUS SPRAY FRASCO X 120 G,,Emulsión en Spray,Emulsión en Spray,fco x120g,1,,NSC2001CO4841,LABORATORIOS ROEMERS S.A
7703281008316,13,ZUDENINA,0.10%,Gel,Gel,Tubo X 30 g,1,6/22/2011,E18516,ROEMMERS
7703281008415,13,DERMACORTINE,0.10%,Crema,Crema,Tubo X 15 g,1,12/13/2011,E19011,ROEMMERS
7703281008422,13,DERMACORTINE,0.10%,Loción,Locion,30 mL,1,12/14/2011,E19017,ROEMMERS
7703281008439,13,DERMACORTINE 0.1% EMULSION FCO X 60ML,"0,10%",FRASCO,FCO,CJA X 1,1,10/30/2020,E23363,MEGA LABS LATAM S.A.
7703281009528,13,TEN VI C CREMA FRASCO X 30 G (ROE),30g,CREMA,CREMA,FRASCO X 30G,1,,NSOC17345-14PE,ROEMERS
7703283401498,13,ZITROMAX MD,2g,Granulos para Suspensión,Suspension,Fco. X 60 mL,1,7/10/2011,E18568,PFIZER
7703283401528,13,MOTRIN,600MG,TABLETA,TABLETA,CAJA,30,,E20552,PFIZER
7703283402280,13,GENOTROPIN,16ui,JERINGA PRELLENADA,JERINGA PRELLENADA,JER *   1,1,,,PFIZER
7703323500648,13,RYTMONORM,150MG,TABLETA,TABLETA,CAJA,30,,E14234,ABBOTT
7703323501423,13,ISOPTIN,40mg,Tableta,Tableta,Caja Tab.,50,5/8/2012,E19375,ABBOTT
7703323501720,13,TARKA SR,180mg+2mg,Tableta,Tableta,Caja Tab.,14,6/12/2011,E18472,ABBOTT
7703323502734,13,RYTMONORM,150mg,Tableta,Tableta,Caja Tab.,30,12/13/2011,E14234,ABBOTT
7703331029162,13,ANGELIQ,,Comprimido Recubierto,Tableta,Caja Comp.,1,1/18/2010,E17015,BAYER
7703331039918,13,PANKREOFLAT,,Gragea,Tableta,Caja Comp.,120,5/26/2010,E8255,BAYER
7703331101202,13,CUTACELAN,20%,Crema,Crema,Tubo X 30 g,1,3/4/2009,E16297,BAYER
7703331101868,13,DUSPATALIN RETARD,200MG,CAPSULA,CAP,CJA,30,,EE00285,ABBOTT
7703331102902,13,ICADEN,0.01,TUBO,CREMA,1% TOPICO CREMA X 20 G,1,,E-16346,BAYER SCHERING
7703331103305,13,ICADEN,1%,Spray Tópico,Solucion,Spray X 20 mL,1,9/2/2013,E15813,BAYER
7703331106900,13,PROGYLUTON,11*2+10*2/0.5MG,GRAGEA,GRAGEA,CAJA,21,,E17956,SCHERING PERUANA
7703331131186,13,CLIMENE,,Gragea,Tableta,Caja Grag.,1,9/2/2010,E17608,BAYER
7703331141017,13,ANDROCUR,50mg,Tableta,Tableta,Blist. Tab.,50,5/12/2009,E11807,BAYER
7703331162913,13,ICADEN,1%,Crema Tópica,Crema,20 g,1,3/22/2014,E16346,BAYER
7703331167277,13,PROGYNOVA,2mg,Gragea,Tableta,Caja Grag.,1,3/10/2011,E18219,BAYER
7703331168113,13,SCHERIPROCT,,Pomada,Unguento,Tubo X 30 g,1,11/24/2013,E16028,BAYER
7703331510837,13,NEBIDO,1g,Solución para Inyección,Inyectable,Amp. X 4 mL,1,7/18/2010,E17504,BAYER
7703331710879,13,BETASERC,16mg,CAJA,CAJA,CJA *  20,20,5/4/2017,E0129560000,ABBOTT
7703332003079,13,BONAC,4%,Gel,Gel,Tubo X 30 g,1,5/8/2016,E18362,ROEMMERS
7703332003352,13,LACTIBON LOCION,PH 3.5,FRASCO X 120 ML,FRASCO X 120 ML,FRASCO X 120 ML,1,,C-108-11,MEDIHEALTH
7703332003550,13,PIRIMED SHAMPOO,120ml,SOLUCIÓN,FRASCO,FRASCO x 1,1,1/9/2016,NSOCO5540-88C,MEDIAHEALITH
7703333007038,13,BETARRETIN,0.03%,Crema,Crema,Tubo X 30 g,1,1/14/2010,E12522,ROEMMERS
7703333007045,13,BETARRETIN,0.0005,TUBO,CREMA,0.05% Crema x 30g,,,EE-00638,Roemmers S.A.
7703333007113,13,PROCICAR,,Crema,Crema,60 g,1,5/10/2010,E12868,ROEMMERS
7703333007274,13,BETAZOL,0.05,CREMA,CREMA,CREMA,1,,EE-04275,ROEMMERS
7703333007458,13,HIDRIBET,0.1,Loción,Loc.,Loción * 125 ml,1,,NSC1997CO4738,ROEMMERS
7703333007465,13,HIDRIBET 5/5,0.05,LOCIÓN,LOCIÓN,FRASCO X 125 ML,1,,N052314,ROEMMERS
7703333007502,13,BETAPIROX,,Shampoo,Shampoo,Caja con frasco x 150 ml,1,,,Droguería Laboratorios Roemmers S.A.
7703333007601,13,BONAVEN BARRA LIMPIADORA PH 5.5 X 120 G,120G,JABON,JABON,BARRA X 120G,,,NSOC775901CO,MEDIHEALTH
7703333007618,13,BONAVEN LOCION,120ML,AVENA COLOIDAL,AVENA COLOIDAL,FCO X 120 ML,1,,NSC1987C06047,LABORATORIO ROEMMERS
7703333007700,13,BETAGRANULOS CREMA,X 60 GR,TUBO,TUBO,TBO X 60 GR,1,,PC99-0061,LABORATORIOS ROEMMERS S.A.
7703363001600,13,DERMOVATE,0.50%,Ungüento,Unguento,Tubo X 40 g,1,8/7/2011,E14073,GSK
7703363006452,13,RELVAR 100 MCG/25 MCG INHALADOR,,FRASCO X 30 DOSIS,FRASCO X 30 DOSIS,FRASCO,1,,EE-03089,GLAXOWELCOME
7703363006469,13,RELVAR 200 MCG/25 MCG INHALADOR,FLUTICASONA+VILANTEROL,FRASCO X 30 DOSIS,FRASCO X 30 DOSIS,FRASCO,1,,EE-03888,GLAXOWELCOME
7703381000968,13,BUSCAPINA COMPOSITUM,,Gragea,Tableta,Caja Grag.,100,7/7/2010,E8613,BOEHRINGER
7703381001071,13,BUSCAPINA,10mg,Gragea,Tableta,Caja Grag.,20,7/7/2010,E8609,BOEHRINGER
7703381001149,13,CATAPRESAN,150mcg,Comprimido,Tableta,Caja Comp.,20,7/7/2010,E8616,BOEHRINGER
7703381001439,13,DULCOLAX,5mg,Gragea,Tableta,Caja Grag.,20,7/10/2010,E8619,QUILAB
7703381001552,13,EFFORTIL,5mg,Comprimido,Tableta,Caja Comp.,20,2/8/2014,E11578,BOEHRINGER
7703381001613,13,EFFORTIL,10mg/mL,Solución para Inyección,Inyectable,Amp. X 1 mL,3,6/15/2010,E17421,BOEHRINGER
7703381001828,13,FLURINOL,20mg,Comprimido,Tableta,Caja Comp.,10,2/8/2011,E13605,BOEHRINGER
7703381003587,13,MUCOSOLVAN TABX30MGX1,,,,,1,,,BOEHRINGER INGELHEIM
7703381003785,13,MUCOSOLVAN,30mg,Comprimido,Tableta,Caja Comp.,20,3/11/2011,E9302,BOEHRINGER
7703381004935,13,SILOMAT,40mg,Gragea,Tableta,Caja Grag.,20,1/12/2008,E10563,QUILAB
7703381005109,13,SECOTEX OCAS,0.4mg,Comprimido,Tableta,Caja Comp.,30,7/4/2012,E19533,BOEHRINGER
7703381005666,13,BISOLVON LINCTUS,4mg/5mL,Jarabe,Solucion,Fco. X 120 mL,1,12/11/2010,N5454,QUILAB
7703381005673,13,BISOLVON ADULTOS,8mg/5mL,Jarabe,Solucion,Fco. X 120 mL,1,8/18/2010,E17569,BOEHRINGER
7703381053308,13,MOBIC,15mg,Tableta,Tableta,Caja Tab.,30,5/15/2012,E14629,BOEHRINGER
7703381053339,13,MOBIC,7.5MG,Tableta Recubierta,Tableta,Caja Tab.,100,7/23/2012,E14795,BOEHRINGER
7703381503292,13,MOBIC,15mg,Tableta,Tableta,Caja Tab.,100,5/15/2012,E14629,BOEHRINGER
7703381503391,13,MUCOSOLVAN COMPOSITUM PEDIATRICO,,Jarabe,Solucion,Fco. X 120 mL,1,2/18/2012,E10082,BOEHRINGER
7703381503407,13,MUCOSOLVAN COMPOSITUM,,Gotas,Solucion,Fco. X 20 mL,1,8/14/2012,N16443,QUILAB
7703381503476,13,MUCOSOLVAN COMPOSITUM ADULTO,,Jarabe,Solucion,Caja Fco. X 120 mL,1,11/27/2012,E20005,BOEHRINGER
7703381503568,13,MUCOSOLVAN PED.15MG/5MLX120ML,15MG,Frasco,Frasco,solucion,1,,,BOERINHGER
7703381503575,13,MUCOSOLVAN,30mg/5mL,Jarabe,Solucion,Fco. X 120 mL,1,5/3/2013,N16701,QUILAB
7703445030023,13,FLUIMUCIL,,Solución para Inhalador,Inhalador,Caja Fco. Vial X 25 mL,1,7/16/2014,E21806,LUKOLL
7703445031778,13,FLUIMUCIL,100/5,JARABE,JARABE,FRASCO,1,,E21747,ZAMBON
7703445070029,13,URFADYNE RETARD CAP 100MG,100MG,CAPSULA,CAPSULA,CJA *  20,20,,E22836,ZAMBON
7703445120021,13,RINOFLUIMUCIL,10/1,SPRAY,SPRAY,FRASCO,1,,E21782,ZAMBON
7703445210012,13,FLUTOX JBE 10/5 120ML,10/5,SOLUCION,SOLUCION,FRASCO,1,,E22878,ZAMBON
7703454120692,13,KIDCAL,180 ML,FRASCO,SUSPENSIÓN,Susp. x 180ml,1,,DE-1195,Grupo Farmakonsuma S.A.
7703454121064,13,CALCIBON NATAL,950 MG/400 MCG/100 UI,TABLETA,TABLETA,CAJA TAB,30,,DE1269,FARMAKONSUMA
7703454121255,13,CALCIBONE D SOYA CAJA X 30 TAB,,,,,30,,,GRUPO FARMA
7703454122009,13,MILPAX,125 mg + 133.5 mg,SUSPENSION ORAL,JARABE,FRASCO x 360 mL,1,4/15/2020,EE00949,FARMAKONSUMA
7703454122092,13,CALCIBONE D,1500MG/200IU,Tableta,Tableta,Caja Tab.,30,,DE1314,FARMAKONSUMA
7703454123099,13,FARMA D,1000 UI,CAPSULAS,CAPSULAS,FRASCO,,,DE-1776,FARMAKONSUMA
7703454123587,13,FARMA D,2000 UI,CAPSULA BLANDA,CAPSULA,FRASCO,60,12/15/2024,DE1929,FARMAKONSUMA
7703454124171,13,NUTRAGESTA CJA CAPS. BL.  X 30,,CAPSULAS,CAPSULAS,CAJA,30,9/7/2023,DE-2642,FARMAKONSUMA
7703454128940,13,EVALAX,250GR,POLIETILENGLICOL,EVALAX,POLVO,1,1/10/2018,E-21351,ALTEA FARNACEUTICA S.A.
7703454128957,13,EVALAX X 10 SOBRES,POLIETILENGLICOL 3350,CAJA X 10 SOBRES,CAJA X 10 SOBRES,CAJA,10,4/1/2021,EE-00697,GRUPO FARMA
7703454128971,13,CALCIBON NATAL TAB CJA X 30,,TABLETA,TAB,CJA X 30,30,10/21/2010,DE0702,FARMAKONSUMA SA
7703454128988,13,CALCIBONE D,800UI,TABLETAS,TABLETAS,FRASCO,60,,DE-1977,FARMAKONSUMA
7703454129183,13,CALCIBONE NATAL,800 mg.,TABLETAS,TABLETAS,FRASCO,30,,,FARMAKONSUMA
7703454820639,13,CELECTAN,100mg/5mL,Suspensión,Suspension,Fco. X 60 mL,1,9/22/2009,E16776,FARMAKONSUMA
7703454820646,13,CELECTAN 500 MG TAB CJA X 6,500 MG,TABLETA,TAB,CJA X 6,6,11/4/2019,EN04108,FARMAKONSUMA SA
7703712070097,13,VALSARTAN,80mg,CAJA,CAJA,CJA *  14,14,,,LABORATORIOS COASPHA
7703712070103,13,VALSARTAN,160mg,CAJA,CAJA,CJA *  14,14,,,LABORATORIOS COASPHA
7703712070158,13,CLINDAMICINA COASPHARMA CAP 300MG,300MG,CAPSULA,CAP,CAJA,24,,EE04619,LABORATORIOS COASPHARMA
7703712070257,13,GLIBENCLAMIDA,5 mg,TABLETA,TABLETA,CAJA TAB,30,7/24/2022,EE05128,COASPHARMA
7703712070271,13,AZITROMICINA COASPHARMA TAB 500MG,500mg,TABLETA,TAB,CAJA,3,11/29/2022,EE05482,LABORATORIOS COASPHARMA
7703763040124,13,MELOXICAM,15mg,Tableta,Tableta,Caja Tab.,10,1/30/2014,EG4254,QUILAB
7703763090013,13,SIMVASTATINA,20mg,Tableta,Tableta,Caja Tab.,10,3/20/2007,EG3595,ALFARO
7703763120123,13,VERAPAMILO,80mg,Tableta,Tableta,Caja Tab.,50,11/22/2006,EG3509,ALFARO
7703763180233,13,CEFADROXILO,500mg,Cápsula,Capsula,Caja Cap.,12,3/27/2007,EG3603,ALFARO
7703763190027,13,LOSARTAN,50mg,Tableta,Tableta,Caja Tab.,30,8/24/2011,EG5094,QUILAB
7703763200641,13,ATORVASTATINA 20 MG X 1 TABLETA (LS),,,,,1,,,LA SANTE LABORATORIOS
7703763200856,13,ATORVASTATINA 40 MG X 1 TB (LS),,,,,1,,,LA SANTE LABORATORIOS
7703763210626,13,GEMFIBROZILO 600 MG,600MG,TABLETA,TAB,CAJA X 20 UNIDADES,20,,EG24650,LA SANTE
7703763220205,13,MONTELUKAST TABX4MGX1 (LS),,,,,1,,,LA SANTE LABORATORIOS
7703763220212,13,MONTELUKAST TABX5MGX1 (LS),,,,,1,,,LA SANTE LABORATORIOS
7703763220229,13,MONTELUKAST 10 MG X 1 TAB (LS),,,,,1,,,LA SANTE LABORATORIOS
7703763278022,13,CELECOXIB 200 MG X 1 CAPSULA (LS),,,,,1,,,LA SANTE LABORATORIOS
7703763280629,13,DICLOFENACO 50MG TBX1 (LS),,,,,1,,,LA SANTE LABORATORIOS
7703763290130,13,ENALAPRIL 20 MG X 1 TAB (LS),,,,,1,,,LA SANTE LABORATORIOS
7703763300112,13,TINIDAZOL,500mg,Tableta,Tableta,Caja Tab.,8,8/19/2013,EG5892,QUILAB
7703763310036,13,ESOMEPRAZOL,20mg,Tableta,Tableta,Caja Tab.,14,9/12/2011,EG5114,QUILAB
7703763310050,13,ESOMEPRAZOL,40mg,Tableta,Tableta,Caja Tab.,14,9/11/2011,EG5113,QUILAB
7703763320127,13,LORATADINA 10MG X 1 TAB,,,,,1,,,LA SANTE LABORATORIOS
7703763320424,13,LORATADINA 5 MG/5ML JBE FCO X 100 ML (LS),,,,,1,,,LA SANTE LABORATORIOS
7703763324019,13,CLOPIDOGREL,75mg,Tableta,Tableta,Caja Tab.,14,8/21/2011,EG5089,QUILAB
7703763393015,13,DESLORATADINA 5 MG X 1 TAB,,,,,1,,,LA SANTE LABORATORIOS
7703763450213,13,CEFALEXINA,500mg,Cápsula,Capsula,Caja Cap.,20,8/5/2008,EG2337,CONTINENTAL
7703763450336,13,CEFALEXINA,250mg/5mL,Suspensión,Suspension,Fco. X 60 mL,1,8/27/2007,EG3700,CONTINENTAL
7703763540129,13,SULTAMICILINA,375mg,Tableta,Tableta,Caja Tab.,10,6/17/2008,EG3983,CONTINENTAL
7703763640119,13,ACICLOVIR,200mg,Tableta,Tableta,Caja Tab.,24,2/18/2009,EG4272,CONTINENTAL
7703763640713,13,ACICLOVIR,5%,Ungüento Oftálmico,Unguento Oftalmico,Tubo X 15 g,1,1/19/2009,EG4242,CONTINENTAL
7703763660117,13,CLARITROMICINA,500mg,Tableta,Tableta,Caja Tab.,10,1/30/2009,EG4258,CONTINENTAL
7703763730131,13,LANSOPRAZOL,30mg,Cápsula,Capsula,Caja Cap.,28,9/4/2007,EG3703,ALFARO
7703763960491,13,ACIDO ALENDRONICO 70 MG X 1 TABLETA (LS),,,,,1,,,LA SANTE LABORATORIOS
7703763991075,13,AMLODIPINO 5 MG X 1 TABLETA (LS),,,,,1,,,LA SANTE LABORATORIOS
7703763991082,13,AMLODIPINO LS 10 MG TAB (CJA X 10),10 MG,Tableta recubierta,tableta,Caja tableta,10,,EG5912,QUIMICA SUIZA S.A.
7703763995769,13,CANDESARTAN 16 MG X 1 TAB (LS),,,,,1,,,LA SANTE LABORATORIOS
7703763995776,13,CANDESARTAN 8 MG X 1 TAB (LS),,,,,1,,,LA SANTE LABORATORIOS
7703763996230,13,CLARITROMICINA LS 500 MG TAB (CJA X 10),500 MG,Tableta,tableta,Caja tableta,10,,EG6433,QUIMICA SUIZA S.A.
7703763996308,13,AMOXICILINA 125 MG/5ML,125MG/5ML,POLVO,POLVO,FRASCO X 45 ML,1,,EG06443,LA SANTE
7703763997671,13,DESLORATADINA LS,2.5/5,FRASCO,FCO,FRASCO,1,,EG6519,LA SANTE
7703763998371,13,OMEPRAZOL LS,40 MG,Cápsula,Cápsula,Caja Cap.,30,,EE00698,LA SANTE
7703763998999,13,ACETILCISTEINA LS 600 MG SOBRE (CJA X 10),600MG,SOBRE,SOB,CAJA X 10 SOBRES,1,10/22/2020,EE-02056,LA SANTE S.A.
7703991000013,13,ZYPREXA ZYDIS,5mg,Tableta,Tableta,Caja Tab.,14,1/22/2013,E20216,ELI LILLY
7703991000020,13,ZYPREXA ZYDIS,10mg,Tableta,Tableta,Caja Tab.,14,8/29/2011,E18710,ELI LILLY
7703991000044,13,HUMULIN R,100UI/mL,Solución para Inyección,Inyectable,Caja Cart. X 3mL,5,5/6/2015,BE00270,ELI LILLY
7703991000051,13,HUMULIN 30/70,100UI/mL,Suspensión para Inyección,Inyectable,Caja Cart. X 3mL,5,11/8/2011,BE00370,ELI LILLY
7703991000068,13,HUMALOG,100UI/mL,Solución para Inyección,Inyectable,Cartucho X 3 mL,5,5/23/2011,BE00344,ELI LILLY
7703991000150,13,HUMALOG MIX 50 KWIKPEN 100UI/ML 3ML,100UI/ML,LAPICERO,LAPICERO,PEN,1,1/10/2017,BE00749,LILLY
7703991000235,13,VAYAPLIN,5% 5 MG,COMPRIMIDO,COMP,CAJA,28,,EE00378,LILLY
7703991032144,13,HUMATROPE,5mg,Polvo para Solución Inyectable,Inyectable,Caja Vial + Disolv.,1,11/6/2014,BE00661,ELI LILLY
7705849004013,13,GLICOLIC,10%,Crema,Crema,Tubo X 60 g,1,3/6/2012,E14436,ROEMMERS
7705849004037,13,GLICOLIC,10%,Loción,Locion,Fco. X 60 mL,1,3/6/2012,E14436,ROEMMERS
7705849004891,13,UMBRELLA GELx60GR,,,,,1,,,LABORATORIOS ROEMMERS S.A.
7705849004907,13,UMBRELLA CREx60GR,,,,,1,,,LABORATORIOS ROEMMERS S.A.
7705959013394,13,VALSARTAN,160mg,Tableta Recubierta,Tableta,Caja Tab.,28,1/20/2014,EG6068,SANOFI
7705959832759,13,RANITIDINA GF TAB 300MG,300mg,TABLETA,TAB,CAJA,10,,EE01403,GEN FAR
7705959880019,13,METFORMINA 850 MG X 1 TAB (S),,,,,1,,,SANOFI WINTHROP DEL PERU S.A.
7705959880941,13,LEVETIRACETAM,1000 mg,COMPRIMIDO RECUBIERTO,TABLETA,CAJA COMP,30,8/4/2020,EE01538,SANOFI
7705959880958,13,LOSARTAN 50MG TAB REC X30 (GENFAR),50 MG,TABLETA,TAB,CJA X 30,30,12/30/2017,EG3795,GENFAR PERU S.A.
7705959881115,13,CLARITROMICINA,500 mg,COMPRIMIDO RECUBIERTO,TABLETA,CAJA COMP,10,3/22/2017,EG3599,SANOFI-AVENTIS
7705959881146,13,LEVETIRACETAM,100 mg/mL,SOLUCION ORAL,SOLUCION ORAL,FRASCO x 250 mL,1,5/25/2021,EE01451,SANOFI
7705959881276,13,LAMOTRIGINA 100MG CJA X 30,100 MG,TABLETA,TAB,CAJA X 30,30,8/5/2020,EE-01545,GENFAR PERU S.A.
7705959881290,13,CARBIDOPA/LEVODOPA,25 mg + 250 mg,COMPRIMIDO,TABLETA,CAJA COMP,30,7/16/2020,EE01466,SANOFI
7705959881313,13,MELOXICAM GENFAR,15mg,CAJA,TABLETAS,15mg Caja Tab. x 10,,,EE-01666,Lab. Genfar Perú S.A.
7705959882136,13,PAROXETINA GF COM 20MG,20mg,COMPRIMIDO,COM,CAJA,20,,EE03756,GEN FAR
7705959882160,13,TADALAFILO 5MG TAB CJA X 28 (GENFAR),5 MG,TABLETA,TAB,CAJA X 28,28,,EE-03654,GENFAR
7705959882372,13,CARVEDILOL 6.25MG X 30,6.25 MG,TABLETA,TAB,CAJA X 30,30,,EE-03184,GENFAR
7705959882389,13,CARVEDILOL 12.5MG CPMP X30  ,12.5 MG,CAJA,CAJ,CJA X 30,30,,EE-03186,GENFAR
7705959882396,13,CARVEDILOL 25MG x 30 COMP,25 MG,TABLETA,TAB,CAJA X 30,30,,EE-03189,GENFAR PERU S.A.C
7705959882433,13,FLAVOXATO,200mg,COMPRIMIDOS,COMPRIMIDOS,Caja Comp. x 20,1,8/30/2020,EE-03927,GENFAR
7705959882471,13,ESPIRONOLACTONA,100 MG,COMPRIMIDO,COMP,CAJA,1,5/30/2021,EE-05635,GENFAR
7705959884185,13,PREGABALINA 75MG CAP CJA X 30,75 MG,CAPSULA,CAP,CJA X 30,30,6/17/2020,EE01283,GENFAR PERU S.A.
7705959884192,13,PREGABALINA,150mg,COMPRIMIDOS,COMPRIMIDOS,Caja Comp. x 30,1,12/31/2019,EE-1285,GENFAR
7706263005280,13,ARIXTRA,2.5MG,JERINGA PRELLENADA,JERINGA PRELLENADA,CAJA,2,,E14632,GLAXO
7706263007109,13,QUEXEL,850MG,TABLETA RECUBIERTA,TABLETA,CAJA TAB.,30,5/12/2016,E22474,SANOFI
7706263016088,13,DENIBAN,200mg,Comprimido,Tableta,Caja Comp.,20,4/9/2012,E10162,SANOFI
7706263016125,13,DOGMATIL,25mg/5mL,Solución Bebible,Solucion,Fco. X 100 mL,1,9/11/2010,E13196,SANOFI
7706263016132,13,DOGMATIL,50mg,Cápsula,Capsula,Caja Cap.,20,6/16/2010,E12976,SANOFI
7706263016170,13,DOGMATIL FUERTE,200mg,Tableta,Tableta,Caja Tab.,20,4/9/2012,E10163,SANOFI
7706263016330,13,PRIMPERAN,10mg,Comprimido,Tableta,Caja Comp.,100,4/4/2015,E12783,SANOFI
7706263016347,13,PRIMPERAN,2.6mg/mL,Gotas,Solucion,30 mL,1,2/12/2011,E13614,SANOFI
7706263016606,13,PRIMPERAN,10MG,AMPOLLA,AMPOLLA,AMPOLLA,1,,E17796,SANOFI-AVENTIS
7706263016668,13,PRIMPERAN,5mg/mL,Solución,Solucion,Fco. X 100 mL,1,1/30/2011,E13589,SANOFI
7706263111011,13,TAXOTERE RTU,20MG,VIAL,VIAL,VIAL,1,,E23074,SANOFI-AVENTIS
7706263111028,13,TAXOTERE RTU,80MG,VIAL,VIAL,VIAL,1,,E23072,SANOFI-AVENTIS
7706263666009,13,XUNIRO 20MG TAB CJAX14,20 MG,TABLETA,TAB,CJA X 14,14,1/15/2018,EE00027,SANOFI-AVENTIS DEL PERU S.A
7706263666016,13,XUNIRO,20MG,COMPRIMIDO,COMPRIMIDO,CAJA,14,,EE00027,SANOFI-AVENTIS
7706263880023,13,METFORMINA,850mg,Tableta,Tableta,Caja Tab.,30,4/26/2011,EG5002,SANOFI
7707141301111,13,ENDOXAN,,GRAGEA,GRAGEA,CAJA,50,,E14284,BAXTER ONCOLOGY
7707141303283,13,HIDRAPLUS 45 SABOR TUTIFRUTI,,Solución Oral,Solucion,Caja Sachet X 100 mL,5,5/19/2013,E20657,BAXTER
7707141348970,13,DEXTROSA 5% EN AGUA,500 ML,FRASCO,SOLUCION,Sol. x 500ml,,,EE-00046,Lab. Hersil S.A.
7707141349311,13,CLORURO DE SODIO,0.90%,Solución,Solucion,Bolsa X 100 mL,1,1/4/2013,EG690,BAXTER
7707141349717,13,AGUA ESTERIL PARA IRRIGACION X 3000ML(BAX),,SOLUCION,SOLUCION,BOLSA X 3000 ML,,,E01196G,BAXTER DEL PERU S.A
7707172687437,13,AVODART 0.5 MG X 30 CAPS.,0.5 mg,caja,,capsula,30,,,glaxo
7707172689554,13,VOTRIENT,400mg,CAJA,CAJA,CJA *  30,1,1/24/2017,,GLAXO
7707172689585,13,PROLIA 60 MG X ML,60 MG,SOLUCION INYECTABLE,AMPOLLA X 1,AMPOLLA X 1,1,,BE-00793,GLAXO SMIK KLINE
7707172689684,13,DUODART 0.5MG/0.4MG CAP CJA X 30,0.5 MG,CAPSULA,CAP,CJA X 30,30,10/1/2019,EE00427,GLAXO SMITH KLINE PERU S.A
7707184140609,13,KETAMINA 500 MG X 10 ML AMP,500 MG / 10 ML,AMPOLLA,AMP,CAJA X 10,10,,EG-6569,LABORATORIO BIOSANO SA
7707184160607,13,CLINDAMICINA,600% X 4ml,AMPOLLA,AMP,CAJA,100,,EG4675,UNIMED
7707184172914,13,GENTACAR,160 MG.,INYECTABLE,INYECTABLE,CAJA,6,,E-22250,VITECO
7707184600073,13,OSTAPINT IV AMP 20MCG/ML,20MCG,AMPOLLA,AMP,CAJA,5,7/31/2016,EE00217,BIOTOSCANA
7707184600080,13,Ostapint 500 mcg,500mcg,Solucion ampolla,Solución,caja,1,,EE-00362,BIOTOSCANA
7707184600103,13,GUARDIX 5G JERINGA PRE-LLENADA,5G,AMPOLLA,AMPOLLA,CJA,1,,E24506-MM,BIO REG PHARMA S.A.C
7707189521083,13,CLUVAX,,Crema,Crema,Caja Tbo. X 20 g,1,9/17/2014,E21942,FARMINDUSTRIA
7707236120153,13,CLINDAMICINA AMPX600MG X 1 (VTL),,,,,1,,,VITALIS PERU S.A.C.
7707236120276,13,AMPICILINA + SULBACTAM,1g+0.5g,Polvo para Solución Inyectable,Inyectable,Vial,10,4/10/2010,EG3021,VITALIS
7707236120283,13,AMPICILINA + SULBACTAM,1G + 0.5G,AMPOLLA,AMPOLLA,CJA X 10 FCOS,1,,B130074,VITALIS
7707236120474,13,AMPICILINA VITALIS,1G,VIAL,VIAL,CAJA,10,,EG2540,VITALIS
7707236120481,13,AMPICILINA,1 G,POLVO ESTERIL SOL. INY.,SOL. INY.,CAJA X 10 SOL. INY.,10,,EG-2540,VITALIS
7707236120511,13,OXACILINA VITALIS,500MG,VIAL,VIAL,CAJA,10,,EG3561,VITALIS
7707236120665,13,AMPICILINA,500mg,Polvo para Solución Inyectable,Inyectable,Vial,10,5/17/2014,EG2539,VITALIS
7707236120917,13,CEFALOTINA VITALIS,1G,VIAL,VIAL,CAJA,10,,EG2272,VITALIS
7707236120924,13,CEFALOTINA AMPX1GRX1 (VTL),,,,,1,,,VITALIS PERU S.A.C.
7707236121068,13,CEFAZOLINA,1g,Polvo para Solución Inyectable,Inyectable,Vial,10,3/6/2012,EG3575,VITALIS
7707236121297,13,CEFOTAXIMA VITALIS,1G,VIAL,VIAL,CAJA,10,,EG4132,VITALIS
7707236121303,13,CEFOTAXIMA 1GR X 1  (VTL),,,,,1,,,VITALIS PERU S.A.C.
7707236121419,13,CEFOTAXIMA,500mg,Polvo para Solución Inyectable,Inyectable,Vial,10,3/10/2010,EG2944,VITALIS
7707236121549,13,PIPERACILINA+TAZOBACTAM VT VIA 4.5,4.5g,VIAL,VIA,VIAL,1,,EE02473,VITALIS
7707236121594,13,NEOSTIGMINA,0.5MG/ML,Solucion inyectable,Inyectable,Caja,10,,EE02425,VITROFARMA S.A.
7707236121662,13,CEFRADINA,1 g,POLVO PARA SOLUCION INYECTABLE,INYECTABLE,VIAL,10,6/12/2013,EG5847,VITALIS
7707236121679,13,CEFRADINA VITALIS,1G,VIAL,VIAL,CAJA,10,,EG5847,VITALIS
7707236121686,13,CEFRADINA AMPX1GRX1 (VTL),,,,,1,,,VITALIS PERU S.A.C.
7707236121907,13,CEFTAZIDIMA 1GR AMP X 1 (VTL),,,,,1,,,VITALIS PERU S.A.C.
7707236122119,13,CEFTRALIS,1 G.,INYECTABLE,INYECTABLE,FCO,1,,EE-00210,VITALIS
7707236122126,13,CEFTRIAXONA 1GR AMP X 1 (VTL),,,,,1,,,VITALIS PERU S.A.C.
7707236122447,13,CEFUROXIMA,750mg,Polvo para Solución Inyectable,Inyectable,Vial,10,3/13/2010,EG2950,VITALIS
7707236122461,13,CEFUROXIMA IM/IV 750MG X 10,750 MG,SOLUCION INYECTABLE,SOLUCION INYECTABLE,CAJAX10,50,8/28/2020,EG-6565,VITALIS PERU S.A.
7707236123055,13,TRAMADOL 100MG X 2 ML X 1 AMPOLLA (V),,,,,1,,,VITALIS PERU S.A.C.
7707236123062,13,HIOSCINA BUTILBROMURO,10 mg,CAJA,AMPOLLA,10mg Caja AMP.x 100,1,,EG-2550,LAB INDUQUIMICA
7707236123086,13,HIOSCINA VITALIS AMP,20MG 1 ML,HIOSCINA,AMP,CJA,10,5/22/2019,EE-03935,VITALIS
7707236123253,13,OXACILINA,1g,Polvo Liofilizado para Solución Inyectable,Inyectable,Fco. Amp.,10,3/1/2012,EG3568,VITALIS
7707236123284,13,OXACILINA VITALIS VIA 1G,1G,VIAL,VIA,CAJA,10,9/15/2018,EE00002,VITALIS
7707236123321,13,CEFEPIMA 1GR AMP X1(V),,,,,1,,,VITALIS PERU S.A.C.
7707236123338,13,VECURONIO,4 MG,CAJA,AMPOLLAS,4mg Caja Vial x 25,1,,EG-5518,Nordic Pharmaceutical Company S.A.C.
7707236123345,13,VECURONIO VITALIS,4MG,VIAL,VIAL,CAJA,10,,EG5518,VITALIS
7707236123512,13,BENCILPENI BENZAT VITAL,1 200UI,VIAL,VIAL,CAJA,10,,EG2218,VITALIS
7707236123529,13,BENCILPENICILINA BENZATINICA,1.2MUI,Polvo para Suspensión Inyectable,Inyectable,Vial,10,3/12/2013,EG2218,VITALIS
7707236123697,13,BENCILPENICILINA BENZATINICA,2.4MUI,Polvo para Suspensión Inyectable,Inyectable,Vial,10,3/12/2013,EG2217,VITALIS
7707236124236,13,BENCILPENI SODICA VITALIS,1 UI,VIAL,VIAL,CAJA,10,,EG2070,VITALIS
7707236124243,13,BENCILPENICILINA SODICA,1MUI,Polvo para Solución Inyectable,Inyectable,Vial,10,12/31/2012,EG2070,VITALIS
7707236124571,13,TRAMADOL,100MG,AMPOLLA,AMP,CJA,10,3/30/2020,EG-3584,VITALIS
7707236124786,13,AMIKACINA,500 mg/2 mL,SOLUCION INYECTABLE,INYECTABLE,AMPOLLA x 2 mL,10,7/25/2023,EE08207,VITALIS
7707236124915,13,FLUCONAZOL AMP,1000 MG,INYECTABLE,AMPOLLA,AMPOLLA x 100MG,,,EE-00274,OQ Pharma S.A.C.
7707236125103,13,MEROPENEM VITALIS VIA 1G,1g,VIAL,VIA,CAJA,10,,EE02076,VITALIS
7707236125127,13,MEROPENEM VITALIS VIA 1G,1g,VIAL,VIA,CAJA,10,,EE02076,VITALIS
7707236125141,13,GENTAMICINA,80MG/2ML,Solución para Inyección,Inyectable,Caja Amp,10,,EE02146,VITROFARMA S.A.
7707236125318,13,FLUCONAZOL 200MG/ML INY FCO x 100ML (VITALIS),200 MG/ML,AMPOLLA,AMP,CJA X 1,1,1/31/2018,EE00274,VITALIS PERU S.A.C.
7707236125370,13,LINCOMICINA,600mg/2mL,Solución para Inyección,Inyectable,Caja Amp. X 2 mL,10,8/18/2009,EG4418,VITALIS
7707236125394,13,GENTAMICINA,80mg/2mL,Solución para Inyección,Inyectable,Caja Amp. X 2 mL,10,5/8/2011,EG158,VITALIS
7707236125417,13,RANITIDINA,50mg,CAJA,CAJA,CJA *  10,10,10/28/2016,EG044100001,VITALIS
7707236125912,13,AZTREONAM AMPX1GRX1 (VIT),,,,,1,,,VITALIS PERU S.A.C.
7707236126001,13,METOCLOPRAMIDA VITALI,10MG,AMPOLLA,AMPOLLA,CAJA,10,,EE00003,VITALIS
7707236126131,13,IMIPENEM+CILASTATINA X1AMP*,,CAJA,CAJA,AMPOLLA,1,,,VITALIS
7707236126193,13,BENCILPENICILINA PROCAINICA,1MUI,Polvo para Solución Inyectable,Inyectable,Vial,10,3/31/2010,EG2997,VITALIS
7707236126421,13,AMIKACINA,500mg/2mL,Solución para Inyección,Inyectable,Amp. X 2 mL,10,11/16/2009,EG2720,VITALIS
7707236126483,13,ACICLOVIR 250MG AMP CJA X 10 (VITALIS),250 MG,AMPOLLA,AMP,CJA X 10,10,9/19/2021,EE04150,VITALIS PERU S.A.C.
7707236126520,13,"BENZATINA BENCIL PENICILINA 600,000 UI",600.000UI,Suspensión para Inyección,Inyectable,Caja Fco. Amp.,10,4/20/2010,EG4582,VITALIS
7707236126599,13,METAMIZOL SODICO,1 G 2ML,METAMIZOL,AMP,CJA,10,9/1/2019,EE01042,VITALIS
7707236126605,13,ONDANSETRON 8 MG/4 ML AMPOLLA (VIT),8 MG/4 ML,AMPOLLA,AMP,CAJA X 10,10,,EG-3648,VITALIS
7707236126797,13,OMEPRAZOL,40MG,Polvo Liofilizado para solución inyectable,INY,AMPOLLA,1,,EG-3586,VITALIS PERU S.A.C
7707236126803,13,OMEPRAZOL,40 mg/mL,AMPOLLA,AMP,Caja x 10,10,,EG-3586,Vitalis
7707236127145,13,PIPERACILINA + TAZOBACTAN,4G+0.5G,AMPOLLA,AMP,CAJA X 1 VIAL,1,,EG06064,VITALIS
7707236127572,13,LINCOMICINA 600MG/2ML INY CJA X 10,600 MG/2 ML,AMPOLLA,AMP,CJA X 10,10,9/29/2019,EG6541,VITALIS PERU S.A.C.
7707236127602,13,DICLOFENACO,75mg/3mL,Solución para Inyección,Inyectable,Fco. Amp. X 3 mL,10,5/14/2009,EG2537,VITALIS
7707236127671,13,MIDAZOLAM 5MG /5 ML,5 MG /5 ML,AMPOLLA,AMP,CAJA X 10 UNIDADES,,,EG-6557,VITROFARMA S.A.
7707236127701,13,AZTREONAN VITALIS,1G,VIAL,VIAL,CAJA,10,,EG4161,VITALIS
7707236127718,13,MEROPENEN 1 GR,1 GR,AMPOLLA,AMPOLLA,CAJ X 10 UNIDADES,1,1/3/2016,EG-4795,VITALIS
7707236127725,13,GENTAMICINA 160MG/2ML AMPX2ML CJX10,160MG,SOLUCION INYECTABLE,AMP,UN,,,EE-00300,VITALIS
7707236127794,13,HIDROCORTISONA VITALIS,100MG,VIAL,VIAL,CAJA,10,,EG4476,VITALIS
7707236128128,13,FOLINATO CALCIO VITALIS,,VIAL,VIAL,CAJA,10,,EG4668,VITALIS
7707236128616,13,FENITOINA,250 MG/5ML,INYECTABLE,INY,CAJA,1,11/30/2019,EE-00788,VITALIS
7707236128623,13,METILPREDNISOLONA 500MG AMPOLLA (VIT),500MG,AMPOLLA,AMPOLLA,UN,1,9/12/2019,EE00400,VITROFARMA S.A
7707236128661,13,AMFOTERICINA-B,50mg,VIAL,VIAL,VIA *   1,1,,,VITALIS
7707236670153,13,ZYMAXID SOL OFTALM,GATIFLOXACINA 0.5%,FRASCO X 5 MLK,FRASCO X 5 ML,FRASCO,1,5/1/2020,EE-03488,ALLERGAN
7707236670177,13,RELESTAT,0.5mg/mL,Solución Oftálmica,Solucion Oftalmica,Fco. X 5 mL,1,5/13/2014,E21692,QUILAB
7707236670290,13,CONJUNTIN S,,Solución Oftálmica,Solucion Oftalmica,Env. X 5 mL,1,12/30/2007,E15109,QUILAB
7707236670566,13,REFRESH LIQUIGEL,1%,Solución Oftálmica,Solucion Oftalmica,Fco. X 15 mL,1,9/19/2012,E14874,QUILAB
7707236670627,13,FRESH TEARS 0.5% FCOX15ML,0.5% / 15ML,SOL OFTALMICA,SOL OFTALMICA,FRASCO,1,6/1/2019,EE-04468,ALLERGAN INTERNATIONAL
7707236670948,13, BOTOX BTX-A 50 U AMPOLLA (QZA),50UI,SOLUCION,SOLUCION,50UI,,,BE00885,ALLERGAN PHARMACEUTICALS
7707236671105,13,COMBIGAN,,Solución Oftálmica,Solucion Oftalmica,Fco. X 5 mL,1,10/18/2010,E17700,QUILAB
7707236671860,13,ZYMARAN,0.30%,Solución Oftálmica,Solucion Oftalmica,Fco. X 5 mL,1,2/22/2011,E18174,QUILAB
7707236672041,13,BLEF,10%,Solución Oftálmica,Solucion Oftalmica,Env. X 15 mL,1,1/1/2011,E2220,QUILAB
7707236672119,13,F.M.L.,5 ML,ENVASE,ENVASE,ENV. X 5 ML,1,,E-14163,LAB. ALLERGAN INTERNACIONAL
7707236672232,13,BOTOX,,,,,1,,,ALLERGAN INTERNACIONAL
7707236672454,13,REFRESH LIQUIGEL 1% GOTASX15ML,0.01,SOLUCION,frasco,,1,,,ALLERGAN
7707236674274,13,OPTIVE,,Gotas,Solucion,Fco. Got. X 15 mL,1,9/16/2013,E21037,QUILAB
7707236674328,13,PRED FORTE,1%,Suspensión Oftálmica,Suspension Oftalmica,Fco. Got. X 5 mL,1,1/14/2014,E21432,QUILAB
7707236675981,13,LUMIGAN RC GOTAS,0.01% / 3ML,SOL OFTALMICA,SOL OFTALMICA,FRASCO,1,8/1/2019,EE-02147,LANSIER LABORATORIO
7707236677732,13,ALPHAGAN-P,0.15%,GOTAS,GOTAS,FRASCO,1,,E16497,ALLERGAN
7707236679279,13,ACULAR LS,0.004,SOLUCION OFTALMICA,SOLUCION OFTALMICA,FRASCO,5,,E-18443,ALLERGAN
7707239270022,13,FREEGEN,0.50%,Solución Oftálmica,Solucion Oftalmica,Caja Fco. X 15 mL,1,5/31/2012,E19441,OPHTHA
7707239270039,13,PREFOX T,,Gotas Oftálmicas,Solucion Oftalmica,Caja Fco. Got. X 5 mL,1,9/6/2012,E19744,OPHTHA
7707239270053,13,DORTIM,0.02,Gotas,Gotas,Frasco x 6 ml,1,,E021217,OPHTHA
7707239270060,13,FREEGEN GEL,1%,SOLUCION OFTALMICA,SOLUCION OFTALMICA,FRASCO GOTERO x 15 mL,1,7/18/2022,EE00135,OPHTHA
7707239270077,13,OLOMUC GOTAS,5ML,SOL OFTALMICA,SOL OFTALMICA,FRASCO,1,3/1/2019,EE-00417,OPHTHA
7707239270206,13,CUBRIS 0.5%,0.005,Frasco,Fco,Frasco x 5 ml,1,,EE00190,OPHTHA
7707239272682,13,FLU-SURE,0.1,GOTAS OFTALMICAS,GOTAS OFTALMICAS,GOTAS,1,,EE-01378,OFTA
7707239273627,13,CLARIVIS 0.025%,0.025% Fco. Sol. x 5ml,gotas,gotas,Fco. Sol. x 5ml,1,4/1/2019,EE-00385,OPHTHA
7707239275249,13,SPRAINER FCO. X 80 ML.,,SOLUCION ESPUMOSA,SOLUCION ESPUMOSA,FRASCO,80,,PT-60353,OPHTHA
7707239276284,13,HIALFREE SOLUCION OFTALMICA X5ML,0.4MG / 0.5MG,GOTAS,GOTAS,FRASCO,1,,EE-02648,OPHTHA
7707239276291,13,HIALFREE 10ML,10ML,SOL OFTALMICA,SOL OFTALMICA,FRASCO,1,3/1/2019,EE-02648,OPHTHA
7707239276475,13,OPHTHAKER,,Solución Oftálmica,Solucion Oftalmica,Caja Fco. Got. X 5 mL,1,10/27/2013,E21164,ESPECIALIDADES OFTALMOLOGICAS
7707239277328,13,FLOBACT D,,Suspensión Oftálmica,Suspension Oftalmica,Caja Fco. Got. X 5 mL,1,11/10/2013,E21216,ESPECIALIDADES OFTALMOLOGICAS
7707239278073,13,FLOBACT,0.3%,SOLUCION OFTAMICA,SOLUCIONOFTALMICA,FCO X 5 ML,1,1/9/2015,E21465,OPTHA
7707239278677,13,KENALER  GOT.5ML,5ML,SOL OFTALMICA,SOL OFTALMICA,FRASCO,1,3/1/2019,EE-02677,OPHTHA
7707277580107,13,OSMOTEARS 1.4%,1.40%,Solución,Solucion,Fco. Got. X 15 mL,1,11/22/2011,E14212,OPHARMMED
7707277580121,13,OSMOCLEAR,0.05%,Solución Oftálmica,Solucion Oftalmica,Fco. Got. X 15 mL,1,3/6/2013,E20438,OPHARMMED
7707277580183,13,OPHARFLEX,,Solución Oftálmica,Solucion Oftalmica,Fco. Got. X 5 mL,1,9/14/2014,E21934,OPHARMMED
7707290950055,13,SSB-FREX,,SOLUCION,SOLUCION,FRASCO,1,,E20807,FREXEN
770729095129,13,FREX-CLEAN-T,,SOLUCION,SOLUCION,FRASCO,1,,NSOC344720,FREXEN
7707299098994,13,ENDOXAN AMPX200MGX1,,,,,1,,,GRUNENTHAL PERUANA S.A.
7707300510071,13,SYNVISC-ONE,8MG,JERINGA PRELLENADA,JERINGA PRELLENADA,JERINGA PRELLENADA,1,,DM1812E,SANOFI-AVENTIS
7707333630494,13,SILVER,,TUBO,TUBO,TBO *   1,1,,,SWISS AMERICAN
7707355050171,13,QUANOX,6mg/mL,Gotas,Solucion,Fco. X 5 mL,1,2/25/2013,E20385,SIEGFRIED
7707355050881,13,AFELIUS OIL FREE FILTRO SOLAR FOTOESTABLE TUBO X 60 G (SIE),60G,CRMA,CRE,TUBO X60G,1,,NSC2007CO24386,SIEGFREDD S.A.
7707355052304,13,KASTMAR,5mg,TABLETAS MASTICABLES,TABLETAS,CAJA x 10,10,7/1/2018,E-22858,SIEGFRIED
7707355052328,13,KASTMAR,4MG,TABLETA,TAB,CJA,10,,,INST.QUIMOTERA
7707355052519,13,MIXEL,2%,Polvo para reconstruir a SuspensiÃ³n Oral,Polvo para SoluciÃ³n,Frasco x 30 ml,1,9/1/2018,E-22605,SIEGFRIED
7707355052526,13,MIXEL,2%,Polvo para reconstruir a SuspensiÃ³n Oral,Polvo para SoluciÃ³n,Frasco x 60 ml,1,9/1/2018,E-22605,SIEGFRIED
7707355052533,13,MIXEL,500mg,TABLETAS RECUBIERTAS,TABLETAS RECUBIERTAS,CAJA,6,9/30/2018,E-22608,SIEGFRIED
7707355052618,13,SAK,20mg,Tableta Recubierta,Tableta,Caja Tab.,14,8/26/2016,E22550,SIEGFRIED
7707355052625,13,SAK,40mg,Tableta Recubierta,Tableta,Caja Tab.,14,8/26/2016,E22550,SIEGFRIED
7707387469030,13,CAVILON SPRAY,28 ML.,FRASCO,FRASCO,FRASCO,1,,E-29438,3M
7709990424676,13,MONUROL SOBREx3GRx1,,,,,1,,,PROMOCIONES FARMACEUTICAS S.A.
7709990439212,13,VANCOMICINA 500 MG SOL INY,500 MG,inyectable i.v,inyectable i.v,Frasco ampolla,10,,EG-6503,VITALIS
7709990697803,13,VANCOMICIN,500 MG,AMPOLLA,AMPOLLA,CAJA VIAL X 1,1,,E-17810,VITALIS PERU
7709990706628,13,BROMURO DE ROCURONIO 50MG/5ML SOLINY CJA X 10,50 MG/5 ML,AMPOLLA,AMP,CJA X 10,10,,EE-04434,LABORATORIOS UNIDOS S.A
7720215091654,13,ALCOHOL MEDICINAL 70,,SOLUCION,SOLUCION,FRASCO X 60 ML,,,GN0034,LABORATORIOS PORTUGAL S.R.L.
7729307011860,13,VANCOMED 500 MG X CJA 25,500 MG,TABLETA,TAB,CAJA X 25,25,,EN-00137,MEDIFARMA
7730300000729,13,BENCILPENICILINA,1.2MUI,FRASCO,AMPOLLA,1.2MUI Caja Vial x 10,,,EE-01636,SIN ESPECIFICAR
7730379090209,13,REVLIMID,25 mg,Cápsula,CAPSULA,Caja Envase Blister Capsulas,21,12/23/2018,EE03569,TECNOFARMA
7730576000038,13,BAYCUTEN N,,Crema,Crema,Tubo X 10 g,1,11/22/2009,E12315,BAYER
7730607003038,13,TIBONA,2.5mg,Comprimido,Tableta,Caja Comp.,1,6/5/2013,E15580,ABL PHARMA
7730607003120,13,MESACRON,500mg,Supositorio,Supositorio,Caja Sup.,6,6/18/2013,E20769,ABL PHARMA
7730607003137,13,MESACRON,500mg,Comprimido,Tableta,Caja Comp.,30,6/17/2013,E20768,ABL PHARMA
7730607003304,13,URSOCEL,250mg,Cápsula,Capsula,Caja Cap.,30,2/6/2013,E20289,ABL PHARMA
7730607003540,13,FEMELAC,190 MG.,OVULOS,OVULOS,CAJA,7,,E-21910,CELSIUS
7730607006671,13,PINAR,50mg,Comprimido Recubierto,Tableta,Caja Comp.,20,3/10/2010,E17178,ABL PHARMA
7730607006688,13,PINAR,100mg,Comprimido Recubierto,Tableta,Caja Comp.,10,4/13/2010,E17246,ABL PHARMA
7730607006763,13,NORSIC,25mg,Comprimido,Tableta,Caja Comp.,10,6/13/2013,E20751,ABL PHARMA
7730607006787,13,NORSIC,100mg,Comprimido,Tableta,Caja Comp.,10,6/13/2013,E20750,ABL PHARMA
7730607006800,13,NORSIC,200mg,Comprimido,Tableta,Caja Comp.,10,6/13/2013,E20752,ABL PHARMA
7730607129615,13,OSTEOSAN,70mg,Comprimido,Tableta,Caja Comp.,4,7/30/2013,E15738,ABL PHARMA
7730698000060,13,DORIXINA,125MG,TABLETA,TABLETA,CAJA,100,,E17454,ROEMMERS
7730698000121,13,MICOLIS,1%,SPRAY,SPRAY,FRASCO,1,,E17498,ROEMMERS
7730698000190,13,DORIXINA,,Gel,Gel,Caja Tbo. X 50 g,1,9/17/2009,E12171,ROEMMERS
7730698001449,13,DORIXINA FAST,125mg,Cápsula,Capsula,Caja Cap.,10,10/3/2011,E14172,ROEMMERS
7730698001777,13,LANZOPRAL,30mg,Cápsula,Capsula,Caja Cap.,28,2/22/2015,E12645,ROEMMERS
7730698002026,13,ENDIAL,1mg,Comprimido,Tableta,Caja Comp.,20,4/15/2012,E14544,ROEMMERS
7730698002309,13,KETONIL,1mg,Comprimido,Tableta,Caja Comp.,20,4/15/2012,E14543,ROEMMERS
7730698002347,13,AMPLIRON,400mg,Comprimido Recubierto,Tableta,Caja Comp.,14,1/2/2012,E14263,ROEMMERS
7730698002514,13,ARENDAL,70mg,Tableta,Tableta,Caja Tab.,4,11/12/2011,E14197,ROEMMERS
7730698003382,13,CHELTIN,6mg/mL,Suspensión Gotas,Suspension,Fco. X 30 mL,1,7/7/2009,E16589,ROEMMERS
7730698003399,13,CHELTIN FOLIC,150/600MG,COMPRIMIDO,COM,CAJA,30,,E16592,ROEMMERS
7730698004020,13,ALERFAST,10mg,Comprimido,Tableta,Caja Comp.,10,6/8/2013,E6777,ROEMMERS
7730698004358,13,LOSACOR 100,100mg,Comprimido,Tableta,Caja Comp.,30,6/18/2014,E16522,ROEMMERS
7730698004365,13,LOSACOR D 100,100mg+25mg,Comprimido Recubierto,Tableta,Caja Comp.,30,6/21/2009,E16532,ROEMMERS
7730698004396,13,CIRIAX OTIC,2/10/1,GOTAS,GOTAS,FRASCO,1,,E17095,ROEMMERS
7730698004525,13,PLIDAN COMPUESTO NF,,Solución para Inyección,Inyectable,Amp. I+II x 2 mL,1,6/16/2013,E10970,ROEMMERS
7730698004532,13,PLIDAN,10/125MG,COMPRIMIDO,COMPRIMIDO,CAJA,100,,E16603,ROEMMERS
7730698004556,13,LOSACOR D 50MG X 30 COMP.,50MG,COMPRIMIDO,,CAJA,30,,,ROEEMERS
7730698004648,13,LOSACOR,50mg,Tableta Recubierta,Tableta,Caja Tab.,30,5/27/2014,E16480,ROEMMERS
7730698004679,13,PLIDAN FORTE,Caja Comp. x 20,TABLETA,TABLETA,Caja Comp. x 20,1,9/1/2019,e-14282,ROEMMERS
7730698004686,13,PLIDAN FORTE,10mg/1mL,Solución para Inyección,Inyectable,AMP.,2,12/18/2012,E15070,ROEMMERS
7730698005485,13,CHELTIN,150mg/5mL,Suspensión,Suspension,Fco. X 120 mL,1,8/16/2011,E18667,ROEMMERS
7730698005836,13,ATURAL,150MG,Tableta Recubierta,Tableta,Caja Tab.,100,3/23/2010,E17216,ROEMMERS
7730698005850,13,ATURAL 300,300mg,Tableta Recubierta,Tableta,Caja Tab.,100,3/28/2015,E17217,ROEMMERS
7730698005874,13,ALERFAST FORTE,,Comprimido,Tableta,Caja Comp.,8,2/22/2010,E17131,ROEMMERS
7730698006468,13,AMOXIDAL DUO,1g,COMPRIMIDOS,COMPRIMIDOS,caja,20,4/1/2020,EE-01047,ROEMMERS
7730698006833,13,BROSOL BIOTIC,,Cápsula,Capsula,Caja Cap.,15,10/18/2011,E18864,ROEMMERS
7730698006840,13,BROSOL BIOTIC,,Polvo para Suspensión Oral,Suspension,Fco. X 90 mL,1,10/24/2011,E18872,ROEMMERS
7730698006949,13,EDAGAN,25mg,Comprimido,Tableta,Caja Comp.,30,9/21/2012,E19798,ROEMMERS
7730698007168,13,CORENTEL COM 5MG,5MG,COMPRIMIDO,COM,CAJA,,,EE01288,ROEMMERS
7730698007175,13,CORENTEL COM 10MG,10MG,CAJA,CJA,CAJA,,,EE01544,ROEMMERS
7730698007229,13,ABRETIA,25mg,Cápsula,Capsula,Caja Cap.,14,5/2/2012,E19348,ROEMMERS
7730698007267,13,LANZOPRAL 30MG/ML AMP,30MG/ML,AMPOLLA,AMP,CAJA X 1 UNIDAD,1,,E022086,ROEMMERS
7730698007274,13,I-PATRIMUL,12 ml,,,Aer. Susp. x 200 Dosis x 12ml,,,E-22518,Roemmers S.A.
7730698007281,13,IPATRIMUL COMPST INH 100/200 CG 20,100720,FRASCO,FCO,FCO,1,3/31/2018,E-19040,ROEMMERS S.A
7730698007298,13,AERONID,25mcg+50mcg,Aerosol para Inhalación,Inhalador,Aer. X 120 Dosis,1,3/1/2012,E19187,ROEMMERS
7730698007304,13,AERONID,25mcg+250mcg,Aerosol para Inhalación,Inhalador,Aer. X 120 Dosis,1,3/5/2012,E19196,ROEMMERS
7730698007311,13,AERONID,25mcg+125mcg,Aerosol para Inhalación,Inhalador,Aer. X 120 Dosis,1,3/1/2012,E19189,ROEMMERS
7730698007632,13,EDAGAN,100mg,Comprimido,Tableta,Caja Comp.,30,9/21/2012,E19801,ROEMMERS
7730698007649,13,EDAGAN,200mg,Comprimido,Tableta,Caja Comp.,30,9/21/2012,E19799,ROEMMERS
7730698007694,13,LANZOPRAL HELIP-PACK,500mg+500mg+30mg,Comprimido Recubierto,Tableta,Caja Comp.,10,8/23/2011,E18690,ROEMMERS
7730698008011,13,MICOLIS POLVO/TOPICOx50GR,,,,,1,,,LABORATORIOS ROEMMERS S.A.
7730698008042,13,PLIDAN,10/1,GOTAS,GOTAS,FRASCO,1,,E15039,ROEMMERS
7730698008226,13,CETRILER,5mg,CAJA,COMPRIMIDOS,5mg Caja Comp. Rec. x 100,,,EE-00563,Roemmers S.A.
7730698011493,13,MARTESIA 25 MG X 28 CAPS.,25 MG,CAPSULAS,CAPSULAS,CAJAX28,28,8/6/2020,EE-01554,ROEMMERS
7730698011875,13,MENUIX, 1 G,COMPRIMIDO RECUBIERTO,COMPRIMIDO RECUBIERTO,CAJA X 30 UNIDADES,,,E22735,ROEMMERS S.A.
7730698011981,13,MARTESIA,300MG,CAPSULA,CAPSULA,CAJA,14,,E19786,ROEMMERS
7730698011998,13,MARTESIA,150MG,CAPSULA,CAPSULA,CAJA,14,,E19765,ROEMMERS
7730698012018,13,MARTESIA,75MG,CAPSULA,CAPSULA,CAJA,14,,E19769,ROEMMERS
7730698012032,13,AIRPLEN,100 UG,INHALADOR AEROSOL,INH.,CAJA X 1 INH.,1,,E-22452,ROEMMERS
7730698012148,13,CORENTEL COM 2.5MG,2.5MG,COMPRIMIDO,COM,CAJA,,,EE01961,ROEMMERS
7730698012247,13,ENDIAL TAB 1MG X 1,,,,,1,,,LABORATORIOS ROEMMERS S.A.
7730698012469,13,CEUMID 100 MG/ML SOLUCION ORAL FCOX150 ML+ JERINGADOSIFICADO,100 MG/ML,FRASCO,FCO,CJA X 1,1,3/30/2021,EE02889,MEGA LABS LATAM S.A.
7730698012483,13,ICLACITIDINA VIA 100MG,100MG,VIAL,VIA,VIAL,1,,E23087,ROEMMERS
7730698012735,13,EDAGAN XR 300 MG TAB CJA X 30,300 MG,TABLETA,TAB,CJA X 30,30,11/28/2019,E23293,MEGA LABS LATAM S.A.
7730698012810,13,BOTEMIB,3.5 mg,Polvo para Solución Inyectable,INYECTABLE,Caja Vial,1,8/21/2018,E23118,ROEMMERS
7730698013176,13,GLUNOR,500MG,TABLETAS,TABLETAS,CAJA,30,,E-22593,PANALAB
7730698013183,13,GLUNOR 850 MG,850 MG COMPRIMIDOS,GLUNOR,GLUNOR,comprimido,1,1/7/2017,e-22592,GLUNOR 850 MG COMPRIMIDOS (PHANALAB)
7730698013299,13,DICLO K,75MG/3ML,INYECTABLE,AMPOLLA,75mg.3ml x 5 amp,,,E-22792,Roemmers S.A.
7730698014609,13,PLIDAN,10% X 20 ml.,GOTAS,GTS,FRASCO,1,,E15039,ROEMMERS
7730698306094,13,ACI TIP,,Comprimido Masticable,Tableta,Caja Comp.,20,3/9/2014,E11646,ROEMMERS
7730698334264,13,DORIXINA,100mg/2mL,Inyectable,Inyectable,Amp. X 2 mL,6,10/21/2009,E16849,ROEMMERS
7730698334394,13,DORIXINA RELAX,125mg+5mg,Comprimido Recubierto,Tableta,Caja Comp.,10,4/23/2013,E10848,ROEMMERS
7730698334400,13,DORIXINA-RELAX COMX125MGX1,,,,,1,,,LABORATORIOS ROEMMERS S.A.
7730698335087,13,MIGRA DORIXINA,,Comprimido,Tableta,Caja Comp.,100,2/9/2014,E11582,ROEMMERS
7730698347158,13,LOTRIAL,20mg,Comprimido,Tableta,Caja Comp.,30,12/20/2010,E17958,ROEMMERS
7730698347165,13,LOTRIAL,10MG,Comprimido,Tableta,Caja Comp.,30,1/9/2011,E18021,ROEMMERS
7730698347465,13,LOTRIAL,10mg,CAJA,COMPRIMIDOS,10mg Comp. x 30,,,27342,Roemmers S.A.
7730698348087,13,MICOLIS,ECONAZOL NITRATO 1% CREMA X 30G,CREMA X 30g,CREMA,CREMA,1,4/1/2019,EE-01907,ROEMMERS
7730698348094,13,MICOLIS,1%,Solución Tópica,Solucion,20 mL,1,6/4/2012,E14675,ROEMMERS
7730698394114,13,TELAREN NF 15MG INY AMP X1,15MG,AMPOLLA,AMP,CJA X 1,1,,EE-01033,LABORATORIOS AC FARMA S.A
7730698394145,13,TELAREN NF,7.5mg,Comprimido,Tableta,Caja Comp.,10,2/4/2009,E11561,ROEMMERS
7730698394169,13,TELAREN NF,15mg,Comprimido,Tableta,Caja Comp.,10,2/4/2014,E11559,ROEMMERS
7730699001301,13,EZENTIUS,10mg,Comprimido Recubierto,Tableta,Caja Comp.,28,2/1/2011,E18116,ROEMMERS
7730699001448,13,GLUNOR,1g,Comprimido Recubierto,Tableta,Caja Comp.,30,3/11/2013,E20446,ROEMMERS
7730699001479,13,GLIMIDE,2mg,Comprimido,Tableta,Caja Comp.,20,4/9/2013,E20562,ROEMMERS
7730925510034,13,METOTREXATO 50MG INY CJA X 1,50 MG,AMPOLLA,AMP,CJA X 1,1,8/29/2021,EE03994,MEDIFARMA
7730925510041,13,CARBOPLATINO,150 mg,Polvo para Solución Inyectable,INYECTABLE,Caja Vial,1,3/27/2023,EE05838,MEDIFARMA
7730925510133,13,DOCETAXEL MEDIFARMA VIA 20MG 0.5ML,20mg,VIAL,VIA,VIAL,1,,EE04315,MEDIFARMA
7730925510140,13,DOCETAXEL MEDIFARMA VIA 80MG 2ML,80mg,VIAL,VIA,VIAL,1,,EE04394,MEDIFARMA
7730925510164,13,DOXORUBICINA MEDIFARMA VIA 50MG,50mg,VIAL,VIA,VIAL,1,,EE02813,MEDIFARMA
7730925510171,13,ETOPOSIDO MEDI VIA 100MG 5ML,100mg,VIAL,VIA,VIAL,1,,EE04340,MEDIFARMA
7730925510232,13,IFOSFAMIDA MEDIFARMA VIA 1G,1g,VIAL,VIA,VIAL,1,,EE04112,MEDIFARMA
7730925510249,13,IRINOTECAN MEDIF VIA 100MG 5ML,100mg,VIAL,VIA,VIAL,1,,EE05183,MEDIFARMA
7730925510263,13,LEUCOVORINA MEDIFARMA VIA 50MG,50mg,VIAL,VIA,VIAL,1,,EE03444,MEDIFARMA
7730925510294,13,METOTREXATO MEDIFARMA VIA 500MG 20M,500mg,VIAL,VIA,VIAL,1,,EE04180,MEDIFARMA
7730925510461,13,ACIDO ZOLEDRONICO MEDIFARMA VIA 4MG,,VIAL,VIA,VIAL,1,,EE04066,MEDIFARMA
7730925510478,13,GRANISETRON 3MG/3ML INYCJAX1 VIAL,3MG/3ML,AMPOLLA,AMP,AMPOLLA,1,,EE-03900,FARMACEUTICA DEL SUR
7730925510515,13,CARBOPLATINO,450 mg,Polvo para solución inyectable,INYECTABLE,VIAL,1,3/27/2023,EE05841,MEDIFARMA
7730925511017,13,CITRATO DE CAFEINA,20 mg/ mL,Solución para Perfusión,INYECTABLE,Caja Vial x 1 mL,1,9/28/2023,EE06424,MEDIFARMA
7730925511864,13,ENOXAPARINA,40 mg/0.4 mL,SOLUCION INYECTABLE,INYECTABLE,JERINGA PRELLENADA x 0.4 mL,1,1/6/2022,RD-2461,MEDIFARMA
7730949043310,13,SAIZEN,20 MG%,FRASCO,AMPOLLA,AMP LIQUID 20MG,1,,BE-00971,Merck Peruana S.A.
7730969300073,13,MANTIXA 5MG CJA X 30 COMPRIMIDOS,5MG,COMPRIMIDO,COM,COM,30,,EE-04942,ROEMMERS
7730969300103,13,MANTIXA COM 2.5MG,2.5mg,COMPRIMIDO,COM,CAJA,30,,EE04943,ROEMMERS
7730969300240,13,LANZOPRAL,30 MG.,CAPSULAS,CAPSULAS,CAJA,30,2/22/2020,EE-00823,ROEMMERS
7730969300493,13,AST TAB CJA X 28,drosperidona 3 mg / etiliniestradiol 2mg,TABLETA,TAB,CAJA X 28 TAB,28,,EE-04777,ROEMMERS
7730969300578,13,CEUMID 1000MG,,COMPRIMIDO,COMPRIMIDO,CAJA X 30 UNIDADES,,,EE04512,ROEMMERS S.A.
7730969300622,13,MARTESIA CAP 25MG,25mg,CAPSULA,CAP,CAJA,30,,EE01554,ROEMMERS
7730969301131,13,LOSACOR D,100 mg + 25 mg,COMPRIMIDO RECUBIERTO,TABLETA,CAJA COMP,30,9/16/2021,EE04140,MEGA LABS
7730969301216,13,REFLEXAN COM 10MG,10MG,COMPRIMIDO,COM,CAJA,20,12/29/2021,EE04626,ROEMMERS
7730969301735,13,AIRPLEN,100mcg,FRASCO,JARABE,100mcg Inhal. Susp. x 250 Dosis,,,EE-05177,Roemmers S.A.
7730969301766,13,CORENTEL,5 mg,COMPRIMIDO RECUBIERTO,TABLETA,CAJA COMP,30,9/7/2022,EE05266,MEGA LABS
7730969301834,13,CORENTEL,2.5mg,CAJA,COMPRIMIDOS,2.5mg Comp. x 30,,,EE-05268,Roemmers S.A.
7730969302923,13,MARTESIA,25mg,CAJA,TABLETAS,25MG CAJA x 30,,,EE-06368,ROEMMERS
7730969302947,13,MARTESIA,300 mg,CAPSULA,CAPSULA,CAJA CAPSULA,30,9/17/2017,EE01858,MEGA LABS
7730969302961,13,MARTESIA,150 mg,CAPSULA,CAPSULA,CAJA CAPS,30,9/12/2023,EE06370,ROEMMERS
7730969303449,13,RIXAM,250 mg,CAPSULA,CAPSULA,CAJA CAPS,8,1/24/2019,EE00175,MEGA LABS
7730969303784,13,ATURAL,50 mg/5 mL,SOLUCION INYECTABLE,INYECTABLE,AMPOLLA x 5 mL,5,3/28/2023,EE05853,MEGA LABS
7730979090179,13,REVLIMID 5MG (LENALIDOMIDA) CAJAX21,5MG,TABLETA,TAB,CAJA X 21,21,,EE-03565,TECNOFARMA
7730979090186,13,REVLIMID,10 MG,CAJA,CAPSULAS,10mg Caja Caps. x 21,1,,E-21443,TECNOFARMA
7730979090209,13,REVLIMIL,25 MG,CAJA,CAPSULAS,25 MG CAJA CAPS X 21,1,,E-21353,TECNOFARMA
7730979090285,13,PREBICTAL,75mg,Cápsula,Capsula,Caja Cap.,14,6/18/2013,E20770,TECNOFARMA
7730979090308,13,PREBICTAL 150MG Caja Caps. x14,150 MG,CAPSULAS,CAPSULAS,CAJAX14,14,6/18/2018,N-EE01860,TECNOFARMA
7730979090346,13,FLODIN FLEX 15 MG,15MG/4MG,TABLETA,TAB,CAJA X 30 UNIDADES,30,,E194000,TECNOFARMA
7730979090520,13,DOLO-DINAFLEX,,Granulos,Granulos,Caja Sob. X 4 g,30,12/10/2013,E21321,TECNOFARMA
7730979090537,13,DOLO-DINAFLEX,,Granulos,Granulos,Caja Sob. X 4 g,15,12/10/2013,E21321,TECNOFARMA
7730979090582,13,CABERTRIX,0.50MG,COMPRIMIDOS VIA ORAL,COMPRIMIDOS,0.5mg Comp. x 2,1,1/1/2020,EE - 02673,TECNOFARMA
7730979090599,13,CABERTRIX 0.5 MG X 1 COMPRIMIDO,,,,,1,,,TECNOFARMA S.A.
7730979090926,13,NABILA 5MG X 28 TAB.,5 MG,TABLETA,TAB,CJA X 28,28,6/7/2021,EE03232,TECNOFARMA S.A.
7730979091039,13,VEDIPAL,450 mg/50mg,CAJA,COMPRIMIDOS,450mg /50mg Caja Comp. Rec. x 20,,,EE-04121,Tecnofarma S.A.
7730979091046,13,VEDIPAL 450/50MG COMP CJAX60,450/50 MG,TABLETA,TAB,CJA X 60,60,6/4/2014,E21743,TECNOFARMA S.A.
7730979091237,13,SUPRACALM 1G,1 G.,CAJA,COMPRIMIDOS,Caja Comp. x 10,,,E-142721,Tecnofarma S.A.
7730979091244,13,GESLUTIN-PNM,100MG,CAPSULA,CAPSULA,CAJA,20,,E16096,TECNOFARMA
7730979091688,13,IDENA,150mg,Comprimido Recubierto,Tableta,Caja Comp.,1,10/19/2011,E18869,TECNOFARMA
7730979091749,13,NABILA 10MG,10MG,TABLETA,TAB,CAJA X 28 UNIDADES,28,,E022341,TECNOFARMA
7730979091756,13,NABILA 2.5 MG X 28,2.5mg,Comprimido,Tableta,Caja Comp.,28,10/6/2015,E22340,TECNOFARMA
7730979091923,13,ZOLTUM,20mg,Comprimido Recubierto,Tableta,Caja Comp.,14,5/15/2011,E13858,TECNOFARMA
7730979092029,13,ZOLTUM,40mg,Polvo Liofilizado para Solución Inyectable,Inyectable,Amp. + Jer. c/diluy.,1,5/29/2011,E18435,TECNOFARMA
7730979092050,13,QUETIAZIC COM 25MG,25MG,CAJA,CJA,CAJA,,,E18515,TECNOFARMA
7730979092074,13,SUPRAHYAL,25mg/2.5mL,Solución para Inyección,Inyectable,Caja Jer. Prell. X 2.5 mL,1,6/7/2011,E13922,TECNOFARMA
7730979092159,13,NOVACILINA,750mg,Comprimido Recubierto,Tableta,Caja Comp.,5,1/22/2012,E19100,TECNOFARMA
7730979092210,13,EUTEBROL,10mg,Comprimido,Tableta,Caja Comp.,10,10/1/2013,E15883,TECNOFARMA
7730979092388,13,LUTAMIDAL,,COMPRIMIDO,COMPRIMIDO,CAJA,28,,E13803,TECNOFARMA
7730979092524,13,DRALITEM,100 MG.,CAPSULAS,CAPSULAS,FRASCO,5,,E-18922,TECNOFARMA
7730979093057,13,CLOFAZIC,20mg,VIAL,VIAL,VIA *   1,1,12/4/2015,,TECNOFARMA
7730979093101,13,PEMEKER,500 MG,INYECTABLE,INY,FRASCO,1,9/6/2021,E22555,TECNOFARMA
7730979093507,13,DINAFLEX DUO X 1 SOBRES,,,,,1,,,TECNOFARMA S.A.
7730979093705,13,VIDAZA,100MG,INYECTABLE,INYECTABLE,FRASCO,1,,E-22699,TECNOFARMA
7730979095037,13,LACOTEM COM 100MG,100MG,CAJA,CJA,CAJA,,,E22992,TECNOFARMA
7730979095044,13,LACOTEM,50mg,CAJA,CAJA,CJA *  30,1,1/12/2017,,TECNOFARMA
7730979095198,13,XTANDI 40MG X 120CAP,40MG,CAPSULA,CAP,CAJA X 120,120,,EE00948,TECNOFARMA
7730979095921,13,MITRUL CAP 15MG,15MG,CAPSULA,CAP,CAJA,10,,E23298,TECNOFARMA
7730979096126,13,NEO-DECAPEPTYL-CR,22.5mg,VIAL,VIAL,VIA *   1,1,3/10/2016,,TECNOFARMA
7730979096188,13,TAMSULON DUO,0.4MG / 0.5MG,CAPSULAS,CAPSULAS,CAJA,30,,EE-01215,TECNOFARMA
7730979096201,13,FAPRIS,100 MG,TAB,TAB,CAJA X 30 UNIDADES,,,EE01289,TECNOFARMA
7730979096379,13,ABRAXANE,100 MG.,INYECTABLE,INYECTABLE,VIAL,,,EE-01892,TECNOFARMA
7730979096461,13,LACOTEM COM 200MG,200mg,CAJA,CJA,CAJA,1,,E23078,TECNOFARMA
7730979096478,13,LACOTEM 100 MG X 28 COMP,100 MG,TABLETA,TAB,CAJA X 28,28,,E-22992,TECNOFORMA
7730979096485,13,LACOTEM,50mg,CAJA,CAJA,CJA *  28,28,2/7/2017,,TECNOFARMA
7730979096799,13,POMALYST 4MG CAPSULA CJX21(TEC),4 MG,TABLETA,TAB,UN,,,EE-00126,TEC
7730979097093,13,LEBRINA 0.5MG CJA X 28,0.5 MG,TABLETA,TAB,CJA X 28,28,,EE-04814,TECNOFARMA S.A
7730979097161,13,XUMER 60 MG,60 MG,COMPRIMIDO,COMPRIMIDO,CAJA X 14 UNIDADES,14,,EE04975,TECNOFARMA
7730979097178,13,XUMER,90 MG,COMPRIMIDO,COMPRIMIDO,CAJA X 14 UNIDADES,,,EE04992,TECNOFARMA
7730979097710,13,BRUNELLE,2mg /0.03mg,CAJA,COMPRIMIDOS,2mg /0.03mg Caja Comp. Rec. x 21,,,EE-05413,Tecnofarma S.A.
7730979511162,13,ERITROPOYETINA ALFA 2000 UI/1ML,2000UI/1ML,AMPOLLA,AMP,CAJA X 1 UNIDAD,1,,BE00605,ROEMMERS
7730979511179,13,ERITROPOYETINA 4000 UI/1ML INY SOL.,,,,,1,,,LABORATORIOS ROEMMERS S.A.
7730979511186,13,FILGRASTIM ROEMM,,JERINGA PRELLENADA,JERINGA PRELLENADA,JERINGA PRELLENADA,1,,BE00598,ROEMMERS
7730979511216,13,MICOFLAVIN,,CAPSULA,CAPSULA,CAJA,50,,E20949,ROEMMERS
7730979511490,13,EPOETINA,10000ui,JERINGA PRELLENADA,JERINGA PRELLENADA,JER *   1,1,11/22/2016,,ROEMMERS
7735382010014,13,ACTOS,15 MG.,TABLETAS,TABLETAS,CAJA,15,,E.F.31.722,ABBOTT
7736085405996,13,AZ,0.0005,SOLUCION OFT.,SOLUCION,FRASCO,1,,EE-04095,SOPHIA
7736085410822,13,NAPHACEL OFTENO,15 ML,FRASCO,GOTAS,Env. x 15ml,1,,79689,Laboratorios Oftálmicos Sophia S
7736085411126,13,ELIPTIC OFTENO,20 mg + 5 mg/mL,Solución Oftálmica,SOLUCION OFTALMICA,Caja Frasco Gotero x 5 mL,1,5/24/2023,EE05993,LAB. OFTALMICOS
7750019000173,13,LITIASIN,,Granulos para Solución,Solucion,Caja Sob. X 5 g,40,7/23/2012,N23677,GIANFARMA
7750019000197,13,ENCIGEL,,Gel,Gel,Tubo X 10 g,1,8/18/2013,N24909,GIANFARMA
7750019000203,13,BUCOXIDINA II,,Solución,Solucion,Caja Fco. X 300 mL,1,2/24/2015,N26753,GIANFARMA
7750019069668,13,ENCICORT R,,Pasta,Crema,Caja Tbo. X 6 g,1,7/14/2014,N25875,GIANFARMA
7750019069675,13,ENCICORT TOQUES,,Solución,Solucion,Fco. X 15 mL,1,8/3/2014,N25944,GIANFARMA
7750019069682,13,ENCIPAX,,Crema,Crema,Tubo X 50 g,1,6/10/2014,N25790,GIANFARMA
7750019257782,13,KANACITRIN,,Granulos para Suspensión,Suspension,Caja Sob. X 5 g,30,11/12/2009,E12297,GIANFARMA
7750019987788,13,HAPPY DENT,,Gel,Gel,Caja Tbo. X 15 g,1,11/27/2012,N20392,GIANFARMA
7750019998715,13,BUCOXIDINA,0.12%,Colutorio (Gargarismos),Solucion Bucal,Fco. X 300 mL,1,2/5/2013,N20536,GIANFARMA
7750021003889,13,DRAMAMINE,50mg,Tableta,Tableta,Caja Tab.,48,10/6/2011,E18843,JOHNSON&JOHNSON
7750021005043,13,VELCADE,,VIAL,VIAL,VIAL,1,,E22790,JANSSEN
7750021005067,13,DUROGESIC,50 MG,PARCHES,PARCHES,CAJA,5,,E-22829,JANSSEN
7750021006125,13,INVOKANA,100 MG,Tabletas,Tabletas,Caja x 60 tab.,60,,EE00219,JOHNSON & JOHNSON DEL PERU S.A.
7750021006132,13,INVOKANA,300 MG,Tabletas,Tabletas,Caja x 30 tab.,30,,EE00270,JOHNSON & JOHNSON DEL PERU S.A.
7750021006156,13,RIBOMUSTIN,100 mg.,VIA,VIA,VIA,1,,EE00242,JANSSEN
7750021006439,13,SIMPONI 50MG/0.5ML,50MG/0.5ML,AMPOLLA,AMP,CAJA X 1 JERINGA PRECARGADA,1,,BE00764,JANSSEN CILAG
7750021006743,13,ZYTIGA,250 mg.,COMPRIMIDO,COMPRIMIDO,FRASCO,120,,EE00037,JANSSEN
7750021007146,13,ZYTIGA 500MG TAB CJA X 60,500 MG,TABLETA,TAB,CJA X 60,60,5/30/2022,EE-04974,JANSSEN CILAG S.A
7750021007382,13,DARZALEX,20 MG / ML/100 MG,CONCENTRADO PARA SOLUCION PARA PERFUSIÓN,INY,AMP,,,BE-01073,JOHNSON DEL PERÚ
7750021007399,13,DARZALEX 100MG/5ML AMP,100 MG / 5 ML,AMPOLLA,AMP,CAJA X 1,1,,BE-01073,JOHNSON Y JOHNSON DEL PERU SA
7750021007696,13,IMBRUVICA X 140MG,140MG,CAPSULA,CAP,CJA X 90,1,3/17/2020,EE00836,JOHNSON & JOHNSON DEL PERU S.A. 
7750021007719,13,OLYSIO,150 mg,capsula,capsula,Cja x 28,1,,EE00544,JANSSEN PHARMACEUTICAL
7750021007863,13,HALDOL,2MG/ML,FCO,FCO,FRASCO,1,,E18267,JANSSEN
77500212,13,DOLOMAX,0.05,TUBO,TUBO,TBO *   1,1,5/29/2015,N0193420002,MEDIFARMA
77500397,13,SULFATO FERROSO 75MG/5ML JARABE X180ML,75MG/5ML,JARABE,JARABE,FRASCO,1,,EN00526,IQFARMA
7750045120524,13,JERINGA 1 ML C/AGUJA 26 X 1/2 INSULINA,,,,,1,,,SIGMA ENTERPRISES PERU S.A.C.
7750045120555,13,JERINGA 5 ML C/AGUJA 21 X 1 1/2,,,,,1,,,SIGMA ENTERPRISES PERU S.A.C.
7750045120562,13,JERINGA 10 ML C/AGUJA 21G X 1 1/2,,,,,1,,,SIGMA ENTERPRISES PERU S.A.C.
7750045120579,13,JERINGA 20 ML C/AGUJA 21 X 1 1/2,,,,,1,,,SIGMA ENTERPRISES PERU S.A.C.
77500526,13,NOTIZOL CREx20GR,,,,,1,,,SIEGFRIED S.A.
77500533,13,TRIAMCINOLONA 0.025% LOCION FRASCO X 60G,0.025%,LOCION,LOCION,FRASCO,1,,EN01903,IQFARMA
7750056000167,13,BACLODRINT,10mg,Tableta,Tableta,Caja Tab.,20,12/17/2013,N25362,DRINTEFA
7750056000181,13,BACLODRINT,25mg,Tableta,Tableta,Caja Tab.,20,6/1/2014,N25757,DRINTEFA
7750067000019,13,BIOLACTOL PROBIOTICO ACIDOPHILUS,,Solución Bebible,Solucion,Amp. X 10 mL,25,9/16/2015,BN00018,LMB H.COLICHON
7750067000033,13,VACUNA GEL NB PROBIOTICA,,Suspensión,Suspension,Fco. X 200 mL,1,6/15/2011,BN00020,LMB H.COLICHON
7750067000040,13,LACTO CEREAL,,Suspensión,Suspension,Fco. X 100 mL,1,6/13/2011,BN00019,LMB H.COLICHON
7750081000095,13,QUALITON,,Jarabe,Solucion,Fco. X 345 mL,1,8/16/2009,N21357,QUALIPHARM
7750081000101,13,QUALIPRESS,10mg,Tableta,Tableta,Caja Tab.,100,8/18/2009,N21364,QUALIPHARM
7750081000132,13,CORSENILE,100mg,Tableta,Tableta,Caja Tab.,2,4/15/2010,N21706,QUALIPHARM
7750081000149,13,CORSENILE,50mg,Tableta,Tableta,Caja Tab.,4,9/2/2013,N24962,QUALIPHARM
7750081000156,13,LIPOLIMP,10mg,Tableta Recubierta,Tableta,Caja Tab.,20,8/2/2010,N21888,QUALIPHARM
7750081000187,13,LIPOLIMP,20mg,Tableta Recubierta,Tableta,Caja Tab.,20,8/2/2010,N21886,QUALIPHARM
7750081000224,13,MAXITONIC,,Jarabe,Solucion,Fco. X 345 mL,1,10/12/2011,N22926,QUALIPHARM
7750081000255,13,LIPICARD,20mg,Tableta,Tableta,Caja Tab.,20,1/9/2012,N23150,QUALIPHARM
7750081000262,13,D'LIRA,50mg,Tableta,Tableta,Caja Tab.,4,9/10/2013,N24994,QUALIPHARM
7750081000279,13,GASTROPEC,30mg,Cápsula,Capsula,Caja Cap.,20,1/26/2012,N23208,QUALIPHARM
7750081000446,13,CIT-CAL D3,315MG/200UI,TABLETA,TABLETA,CAJA,100,,DN0177,QUALIPHARM
7750081000453,13,VASOCOR,75mg,Tableta Recubierta,Tableta,Caja Tab.,20,12/20/2012,N24159,QUALIPHARM
7750081000552,13,SUCRASWEET,8mg,CAJA,CAJA,CJA * 150,1,,,QUALIPHARM
7750081000903,13,SLIM FIT STEVIA,,TABLETA,TABLETA,CAJA,100,8/18/2021,EDE0060,QUALIPHARM
77501158,13,HESPER - VIT K,15 ML,SOLUCION,GOTAS,PED. ORAL SOL. GOTAS X 15 ML,1,,N-21310,LAB. UNIDOS S.A.
7750129822813,13,NEUROBION 10000 HYPAK,1C/JER. PRELL X 2 ML,CAJA,AMPOLLAS,Caja Amp. x 1 c/Jer. Prell.x 2ml,,,15042,Merck Peruana S.A.
7750151169967,13,CUTIVATE,0.05 % X 15,CREMA,TB,TUBO,1,,P-222511,PROPINATO DE FLUTICASONA
7750158000010,13,TIORFAN,100mg,Cápsula,Capsula,Caja Cap.,10,6/1/2014,E21729,ALBIS
7750158000102,13,TIORFAN NIÑOS,30mg,Granulos,Granulos,Caja Sob. X 3 g,18,12/31/2013,N21002,ALBIS
7750158000188,13,SOMAZINA,1g,Comprimido,Tableta,Caja Comp.,10,11/27/2011,N23049,ALBIS
7750158000195,13,NIMO SOMAZINA,,Comprimido,Tableta,Caja Comp.,10,11/21/2011,N23027,ALBIS
7750158000218,13,GYNO ZALAIN,300mg,Ovulo,Ovulo,Caja Ov.,1,1/4/2013,N24179,ALBIS
7750158000225,13,ANGIOMAX,250MG,VIAL,VIAL,VIAL,1,,E15716,FERRER
7750158060243,13,SOLCOSERYL,,Gel Oftálmico,Gel Oftalmico,Tubo X 5 g,1,12/19/2013,BE00194,ALBIS
7750158067679,13,SOMAZINA,500mg,Solución para Inyección,Inyectable,Amp. X 4 mL,10,3/12/2012,N13711,ALBIS
7750158067686,13,GYNO ZALAIN,2%,Crema Vaginal,Crema Vaginal,Tubo X 40 g + 7 Aplic.,1,11/17/2009,N19434,ALBIS
7750158237973,13,DISLEP,25mg,Comprimido,Tableta,Caja Comp.,20,11/23/2011,N20038,ALBIS
7750158238369,13,DISLEP,25mg/mL,Gotas,Solucion,Fco. X 20 mL,1,12/21/2006,N20059,ALBIS
7750158313042,13,DOLOTREN,75 MG,CAJA,AMPOLLA,75mg Iny. Amp. x 50 x 3ml,,,EE-01460,Grupo Faes S.A.
7750171000011,13,METOTREXATO,2.5mg,Tableta,Tableta,Caja Tab.,100,2/2/2013,EG2092,PALMAGYAR
7750171000042,13,LORELINA DEPOT,3.75mg,Polvo para Solución Inyectable,Inyectable,Vial + Solv. X 5 mL,1,11/4/2013,E15971,PALMAGYAR
7750171000103,13,PROPOFOL 1% (PROSAFE),10 MG / 10 ML,CAJA,AMPOLLA,10mg /10ml Iny. Caja Blst. Amp. x 1 x 20ml,,,EE-01429,OQ Pharma S.A.C.
7750171000110,13,LORELINA DEPOT 7.5MG,7.5 mg,POLVO LIOFILIZADO PARA SOLUCIÓN INYECTABLE,POLVO LIOFILIZADO,UNIDAD,1,,E22378,DONG KOOK PHARMACEUTICAL CO. LTD.
7750171000189,13,PAMITRA 300mg,Vial x 1 x 100ml,INYECTABLE,INYECTABLE,VIL X 100 ML,1,11/1/2020,ADE-0028,PALMAGYAR
7750215000328,13,MENTHOLFROST,,Ungüento,Unguento,Pote X 30 g,1,7/11/2011,N19966,PORTUGAL
7750215000502,13,RANITIDINA,300mg,Tableta,Tableta,Caja Tab.,100,2/7/2012,NG3160,PORTUGAL
7750215000526,13,FURAZOLIDONA,100mg,Tableta,Tableta,Caja Tab.,300,2/20/2012,NG3207,PORTUGAL
7750215000564,13,SULFATO FERROSO 300MGx100TAB.,300MG,TABLETAS,caja,,100,,,TEVA
7750215000571,13,DEXAMETASONA,0.5mg,Tableta,Tableta,Caja Tab.,100,3/28/2012,NG5266,PORTUGAL
7750215000588,13,MEBENDAZOL,100mg,Tableta,Tableta,Caja Tab.,100,12/13/2011,NG3038,PORTUGAL
7750215000632,13,CAPTOPRIL,25mg,Tableta,Tableta,Caja Tab.,100,9/15/2008,NG3966,PORTUGAL
7750215000656,13,DOLODRAN EXTRA FORTE,50MG/500MG,TABLETAS,TABLETAS,CAJA X 100,1,1/7/2018,N-25322,NATURGEN
7750215001547,13,BETAPLUSS 0.05% TUBO X 20 GR.,,,,,1,,,LABORATORIOS PORTUGAL (NO USAR)
7750215001721,13,CLORFENAMINA 4 MG X 1 TAB (P),,,,,1,,,LABORATORIOS PORTUGAL S.R.L.
7750215001820,13,DIAZEPAM,10mg,Tableta,Tableta,Caja Tab.,100,2/21/2012,NG3213,PORTUGAL
7750215001868,13,KETOROLACO,10mg,CAJA,TABLETAS,10mg Tab. x 100,,,NG-3166,Lab. Induquímica S.A. (Natural World)
7750215001905,13,ACICLOVIR,,Crema,Crema,Caja Tbo. X 5 g,1,5/25/2010,NG4660,PORTUGAL
7750215002254,13,DILTIAZEM,60mg,Tableta,Tableta,Caja Tab.,100,12/15/2009,NG4549,PORTUGAL
7750215002377,13,AZITROMICINA 500 MG X 1 TAB (P),,,,,1,,,LABORATORIOS PORTUGAL S.R.L.
7750215002384,13,CETIRIZINA,10mg,Tableta,Tableta,Caja Tab.,100,1/25/2010,NG4577,PORTUGAL
7750215002599,13,NIMODIPINO,30mg,Tableta Recubierta,Tableta,Caja Tab.,100,4/8/2010,NG4616,PORTUGAL
7750215002629,13,LORATADINA,10mg,Tableta,Tableta,Caja Tab.,100,4/13/2010,NG4619,PORTUGAL
7750215002698,13,GEMFIBROZILO,600mg,Tableta,Tableta,Caja Tab.,100,2/27/2012,NG3231,PORTUGAL
7750215002711,13,TIAMINA 100 MG,100MG,TABLETA,TAB,CAJA X 100,100,,NG00323,LAB. NATURALES Y GENERICOS
7750215002780,13,CLOTRIMAZOL,500mg,Tableta Vaginal,Ovulo,Caja Tab.,10,7/8/2012,NG3394,PORTUGAL
7750215002834,13,LORATADINA,5mg/5mL,Jarabe,Solucion,Fco. X 60 mL,1,6/7/2010,NG4676,PORTUGAL
7750215003282,13,CETIRIZINA,5mg/5mL,Jarabe,Solucion,Caja Fco. X 60 mL,1,8/10/2010,NG4727,PORTUGAL
7750215003299,13,CETIRIZINA 5MG JBE X 60ML,,,,,1,,,LABORATORIOS PORTUGAL S.R.L.
7750215003305,13,SALBUTAMOL,4mg,Tableta,Tableta,Caja Tab.,100,1/23/2012,NG5205,PORTUGAL
7750215003602,13,ACICLOVIR,200mg,Tableta,Tableta,Caja Tab.,100,2/21/2012,NG3216,PORTUGAL
7750215003749,13,ENALAPRIL,10mg,Tableta,Tableta,Caja Tab.,100,4/30/2012,NG3324,PORTUGAL
7750215003756,13,ENALAPRIL,20 mg,TAB,TAB,CAJA X 100 UNIDADES,1,,NG04770,LABORATORIOS NATURALES Y GENERICOS S.A.C.
7750215003770,13,PREDNISONA 5 MG X 1 TAB (P),,,,,1,,,LABORATORIOS PORTUGAL S.R.L.
7750215003817,13,KETOCONAZOL 2% CREMA X 20 GR. (POR),,,,,1,,,LABORATORIOS PORTUGAL S.R.L.
7750215003824,13,DICLOFENACO 1% GEL X 20 GR. (POR),,,,,1,,,LABORATORIOS PORTUGAL (NO USAR)
7750215004487,13,OMEPRAZOL,20 mg,CAPSULA,CAPSULA,CAJA CAPS,100,11/25/2023,EN06709,PORTUGAL
7750215004531,13,HIDROXIDO DE ALUMINIO + HIDROXIDO DE MAGNESIO,400mg+400mg/5mL,Suspensión,Suspension,Fco. X 120 mL,1,9/20/2014,NG4481,PORTUGAL
7750215004593,13,CLARITROMICINA,500mg,Tableta,Tableta,Caja Tab.,100,10/21/2010,NG4763,PORTUGAL
7750215004609,13,AMOXICILINA,500mg,Cápsula,Capsula,Caja Cap.,100,10/23/2012,EG5561,PHARMAGEN
7750215004685,13,AMOXICILINA SUSP 250MG X 60ML,,,,,1,,,LABORATORIOS PORTUGAL S.R.L.
7750215004708,13,DICLOXACILINA,250mg/5mL,Polvo para Suspensión Oral,Suspension,Fco. X 30 mL + Cucharita Dosificadora,1,3/10/2011,NG4874,PORTUGAL
7750215004722,13,DICLOXACILINA PORTUG CAP M 500MG,500MG,CAPSULA,CAP,CAJA,100,7/1/2019,EN02864,PORTUGAL
7750215004746,13,PARACETAMOL,100mg/mL,Gotas,Solucion,Enc. X 10 mL c/caja,1,12/1/2009,NG2199,PORTUGAL
7750215005620,13,ATORVASTATINA,10mg,Tableta Recubierta,Tableta,Caja Tab.,100,12/1/2011,NG5161,PORTUGAL
7750215005675,13,DICLOFENACO,1%,Gel,Gel,Caja Tbo. X 50 g,1,11/21/2013,NG4132,DANY
7750215005682,13,ATORVASTATINA PORT 20MG,20MG,TABLETA,TAB,CAJA X 100TAB,100,12/1/2016,NG5162,LABORATORIOS NATURALES Y GENERICOS
7750215005699,13,PREDNISONA 20MG,20MG,TABLETA,TABLETAS,TABLETA CJAX100,1,,1070194,NATURGEN
7750215005705,13,PREDNISONA,50 mg,Tableta,TABLETA,Caja Envase Blister Tabletas,100,5/29/2021,EN03461,NATURGEN
7750215005767,13,AMPICILINA,500mg,Cápsula,Capsula,Caja Cap.,100,2/20/2011,NG4858,PORTUGAL
7750215005866,13,DIMENHIDRINATO,50mg,Tableta,Tableta,Caja Tab.,100,1/31/2011,NG4848,PORTUGAL
7750215005873,13,LOPERAMIDA,2mg,Tableta,Tableta,Caja Tab.,100,9/7/2011,NG5065,PORTUGAL
7750215005941,13,LOVASTATINA,10mg,Tableta,Tableta,Caja Tab.,30,9/3/2013,NG3926,PORTUGAL
7750215005965,13,FURAZOLIDONA,100mg,Tableta,Tableta,Caja Tab.,100,7/12/2009,EG2590,ABEEFE BRISTOL
7750215007136,13,BROMAZEPAN,3mg,Tableta,Tableta,Caja Tab.,100,12/23/2010,NG4811,PORTUGAL
7750215007167,13,CLARITROMICINA,250mg/5mL,Polvo para Suspensión Oral,Suspension,Env. X 50 mL,1,11/30/2012,NG5439,PORTUGAL
7750215007174,13,AZITROMICINA,200mg/5mL,Polvo para Suspensión Oral,Suspension,Env. X 15 mL,1,10/19/2012,NG5421,PORTUGAL
7750215007204,13,AMOXICILINA + ACIDO CLAVULANICO,250mg+62.5mg/5mL,Polvo para Suspensión,Suspension,Env. X 60 mL + Cuch. Dosif.,1,9/1/2011,NG5058,PORTUGAL
7750215007211,13,AMOXICILINA + ACIDO CLAVULANICO,500mg+125mg,Tableta Recubierta,Tableta,Caja Tab.,10,8/14/2011,NG5043,PORTUGAL
7750215007273,13,ZITROTRIM,200mg/5mL,Polvo para Suspensión Oral,Suspension,Fco. X 15 mL,1,10/16/2012,N23928,PORTUGAL
7750215007297,13,IRRIDEX,30mg+100mg,Tableta Recubierta,Tableta,Caja Tab.,20,1/31/2013,N24282,PORTUGAL
7750215007433,13,PREDNISONA,5mg/5mL,Jarabe,Solucion,Caja Fco. X 60 mL,1,2/12/2013,NG5485,PORTUGAL
7750215007471,13,LAMIDIZOL,250mg,Tableta Recubierta,Tableta,Caja Tab.,30,3/4/2013,N24422,PORTUGAL
7750215007495,13,DOXALIV,125mg+10mg,Tableta Recubierta,Tableta,Caja Tab.,100,3/7/2013,N24441,PORTUGAL
7750215007792,13,BRONCOTRIM,500mg+30mg,Cápsula,Capsula,Caja Cap.,30,6/12/2013,N24725,PORTUGAL
7750215007822,13,AMLODIPINO 10 MG,10 mg,Tableta recubierta,Tableta,Caja x 100,1,,EN00370,LABORATORIOS PORTUGAL
7750215007839,13,METFORMINA,850mg,Tableta,Tableta,Caja Tab.,100,6/18/2013,NG5631,PORTUGAL
7750215007846,13,LANZOPRAZOL 30 MG X 100 CAP,30 mg,capsulas,calsulas,caj x 100,1,,ng.5655,portugal
7750215007853,13,CELECOXIB,200 mg,CAPSULA,CAPSULA,CAJA CAPSULA,100,6/20/2023,EN02617,PORTUGAL
7750215007884,13,TERBINAFINA,250mg,Tableta Recubierta,Tableta,Caja Tab.,100,7/24/2013,NG5810,PORTUGAL
7750215008188,13,MUPIROTRIM 2% CREMA X 20GR,,,,,1,,,LABORATORIOS PORTUGAL S.R.L.
7750215008553,13,MOMETALIV 0.1% CREMA X 15GR,,,,,1,,,LABORATORIOS PORTUGAL S.R.L.
7750215008652,13,LACTULOSA,3.3G/5ML,SOLUCION ORAL,SOLUCION ORAL,FCO X 120 ML,1,,NG-5885,PORTUGAL
7750215008737,13,IRBESARTAN,150MG X 50,TABLETAS,TABLETAS,TABLETAS,1,1/1/2021,EN-01087,AC FARMA
7750215008744,13,IRBESARTAN,300 mg,TABLETA,TABLETA,CAJA TABLETA,50,10/17/2023,EN05204,PORTUGAL
7750215008751,13,CLOPIDOGREL,75MG,tableta,tableta,Tab. x 30,1,2/1/2021,EN-03353,NATURGEN
7750215008775,13,BRONCOMEXINA,500mg,Tableta Recubierta,Tableta,Caja Tab.,40,10/15/2013,N25109,PORTUGAL
7750215008829,13,DORALIV,125mg,Tableta Recubierta,Tableta,Caja Tab.,30,11/14/2013,N25232,PORTUGAL
7750215008836,13,UROALIV,CIPROFLOXACINO +FENAZOPIRIDINA,CAJA X 30 COMP,CAJA X 30 COMP,CAJA,30,1/1/2018,N-25252,NATURGEN
7750215008843,13,LEVOCTRIM,500mg,Tableta Recubierta,Tableta,Caja Tab.,10,11/6/2013,N25193,PORTUGAL
7750215009055,13,MENTHOLFROST,,Ungüento,Unguento,Lata X 15 g,12,7/11/2011,N19966,PORTUGAL
7750215009321,13,DESAZONA,4mg,Tableta,Tableta,Caja Tab.,10,3/30/2014,N25653,PORTUGAL
7750215009604,13,TERAZOSINA,5 mg,TABLETA RECUBIERTA,TABLETA,CAJA,100,6/23/2024,EN05015,PORTUGAL
7750215009697,13,MELOXICAM,7.5mg,Tableta,Tableta,Caja Tab.,100,7/30/2014,NG6154,PORTUGAL
7750215009901,13,ANGIDEX,30mg,Cápsula de Liberación Prolongada,Capsula,Caja Cap.,30,8/20/2014,N26053,PORTUGAL
7750215009949,13,CLAVUTRIM CL,500mg+125mg,Tableta Recubierta,Tableta,Caja Tab.,10,8/13/2014,N25999,PORTUGAL
7750215010310,13,MELOXICAM,15mg,Tableta,Tableta,Caja Tab.,100,9/4/2014,NG6196,PORTUGAL
7750215010327,13,CLAVUTRIM CL,250mg+62.5mg/5mL,Polvo para Suspensión Oral,Suspension,Caja Fco. X 60 mL,1,9/2/2014,N26131,PORTUGAL
7750215010402,13,MAGNEALIV SABOR TUTTI FRUTTI,425mg/5mL,Suspensión Oral,Suspension,Fco. X 150 mL,1,1/21/2014,N25495,PORTUGAL
7750215011225,13,LAXALIV   3.3 G / 5 ML  SOL ORAL X 120 ML   FCO,,,,,1,,,LABORATORIOS PORTUGAL S.R.L.
7750215011249,13,TRAMALIV TAB 37.5/325MG,37.5/325MG,TABLETA,TAB,CAJA,10,,EN01706,PORTUGAL
7750215011454,13,GRIPALIV,,Tableta Recubierta,Tableta,Caja Tab.,100,6/25/2015,N26895,PORTUGAL
7750215011829,13,NAPROXPORT,125mg/5mL,Polvo para Suspensión Oral,Suspension,Caja Fco. X 60 mL,1,10/26/2015,N26946,PORTUGAL
7750215013960,13,ARTRIALIV,1500 MG.,SOBRES,SOBRES,CAJA,30,,DN-0324,NATURGEN
7750215014363,13,AZITROMICINA,200mg /5ml Fco. x 30ml,jarabe,200mg /5ml Fco. x 30ml,Fco. x 30ml,1,11/1/2010,EN-01976,portugal
7750215015650,13,CYSTONE,,FRASCO,TABLETAS,Fco. Tab. Rec. x 60,,,1620,SIN ESPECIFICAR
7750215015803,13,VITAMINA C 500MG TAB CJA X 100,500 MG,TABLETA,TAB,CJA X 100,100,8/8/2022,DN0321,LABORATORIOS PORTUGAL S.R.L.
7750215015902,13,PREDNIMASS,5MG,TABLETAS,TABLETAS,CAJA,100,,N-26058,MED CELL
7750215016732,13,ZITROTRIM,azitromicina 200 mg/5ml,AZITROMICINA,POLVO SUSPENSION,15 ML,1,11/1/2020,EN-01231,LABORATORIOS NATURALES Y GENERICOS S.A.C.
7750215017524,13,ZITROTRIM,azitromicina 200 mg/5ml,AZITROMICINA,POLVO SUSPENSION,30 ML,1,10/1/2021,EN-01231,LABORATORIOS NATURALES Y GENERICOS S.A.C.
7750215017562,13,AZITROMICINA PORTUG SUS 200/5 15ML,200/5,FRASCO,FCO,FRASCO,1,10/19/2022,EN01976,PORTUGAL
7750215017920,13,ZITROTRIM,Azitromicina 500mg,AZITROMICINA,ZITROTRIM,TAB. RECUBIERTA,3,12/1/2021,EN-02315,LABORATORIOS NATURALES Y GENERICOS S.A.C.
7750215017951,13,OMEPRALIV 20mg,20 mg,CAPSULA DE LIBERACION RETARDADA,CAPSULA,CAJA CAPS,28,8/17/2024,EN01924,PORTUGAL
7750215019061,13,ARTRIALIV,1500,SOBRES,SOBRES,CAJA,30,,DN-0191,NATURGEN
7750215020166,13,NITOXADIN,NITAZOXANIDA 100 MG/5 ML,NITAZOXANIDA,POLVO SUSPENSION,60 ML,1,12/1/2020,EN-04441,LABORATORIOS NATURALES Y GENERICOS S.A.C.
7750215021996,13,MICOALIV,0.01,Crema,CREMA,Caja Tubo x 30 g,1,1/31/2023,EN05900,PORTUGAL
7750215022252,13,MOTRIF,0.01,Gel,JALEA,Caja Tubo x 50 g,1,3/15/2023,EN05996,PORTUGAL
7750215022924,13,AMOXICILINA PORTUG TAB 500MG,500mg,TABLETA,TAB,CAJA,100,1/27/2021,EN02815,PORTUGAL
7750215054017,13,NITRATO DE PLATA X 1,,,,,1,,,SIN LABORATORIO
7750215074299,13,PARACETAMOL PORTUG,100/1,GOTAS,GOTAS,FRASCO,1,,NG2199,PORTUGAL
7750215074305,13,DEXTROMETORFANO,15mg/5mL,Jarabe,Solucion,Caja Env. X 120 mL,1,2/15/2015,NG2314,PORTUGAL
7750215091661,13,ALCOHOL 70º 120 ML,70°,SOLUCION,SOLUCION,BOLSA X 1 UNIDAD,1,,N002816,PORTUGAL
7750215103371,13,GLICERINA,Fco. x 30 ml,FRASCO,FRSCO,Env. Vid. x 30ml,1,10/1/2020,GN-0048,PORTUGAL
7750215103470,13,MULTIFROST,,Pomada,Unguento,Env. X 100 g,1,4/21/2010,N21721,PORTUGAL
7750215103586,13,REUMAFROST,,Pomada,Unguento,Pote X 30 g,1,12/7/2010,N22179,PORTUGAL
7750215103678,13,TINTURA DE YODO X 1000ML.,,,,,1,,,VENPROMED
7750215121573,13,PARACETAMOL PORTUG,120/5,JARABE,JARABE,FRASCO,1,,NG2481,PORTUGAL
7750215136225,13,CLOTRIMAZOL,1%,Solución Tópica,Solucion,Caja Fco. X 20 mL,1,10/26/2011,NG2983,PORTUGAL
7750215136249,13,CLOTRIMAZOL,1%,Crema,Crema,Caja Tbo. X 20 g,1,11/5/2011,NG2991,PORTUGAL
7750215137185,13,PARACETAMOL,120mg/5mL,Jarabe,Solucion,Env. X 120 mL c/caja,1,9/14/2015,NG2481,PORTUGAL
7750215149652,13,CLINDAMICINA,300mg,Cápsula,Capsula,Caja Cap.,50,2/22/2012,NG3218,PORTUGAL
7750215331354,13,CLORANFENICOL,500mg,Cápsula,Capsula,Caja Cap.,100,2/26/2012,NG3229,PORTUGAL
7750215332634,13,NORFLOXACINO,400mg,Tableta,Tableta,Caja Tab.,100,1/8/2012,NG3089,PORTUGAL
7750215332641,13,METRONIDAZOL,500mg,Tableta,Tableta,Caja Tab.,100,2/14/2012,NG3175,PORTUGAL
7750215332665,13,ERITROMICINA,500 MG.,TABLETAS,TABLETAS,CAJA,100,,NG-5275,PORTUGAL
7750215362754,13,SULFAMETOXAZOL + TRIMETOPRIMA,200mg+40mg/5mL,Suspensión Oral,Suspension,Caja Fco. X 60 mL,1,10/18/2011,NG2980,PORTUGAL
7750215364598,13,SULFAMETOXAZOL + TRIMETOPRIMA + GUAIFENESINA,200mg+40mg+50mg/5mL,Suspensión,Suspension,Fco. X 60 mL,1,10/30/2011,NG2988,PORTUGAL
7750215397428,13,CLORANFENICOL,125mg/5mL,Suspensión,Suspension,Caja Fco. X 60 mL,1,5/3/2012,NG3325,PORTUGAL
7750215397435,13,CLORANFENICOL,250mg/5mL,Suspensión,Suspension,Caja Fco. X 60 mL,1,5/14/2012,NG3350,PORTUGAL
7750215397473,13,ERITROMICINA,250mg/5mL,Polvo para Suspensión Oral,Suspension,Caja Env. X 60 mL,1,7/16/2012,NG3400,PORTUGAL
7750215432969,13,TETRACICLINA,500MG,CAPSULA,CAP,CAJA,100,2/15/2017,NG- 3184,NATURGEN
7750215496855,13,CIPROFLOXACINO,500mg,Tableta,Tableta,Caja Tab.,100,2/20/2012,NG5236,PORTUGAL
7750215496862,13,NAPROXENO,275mg,Tableta,Tableta,Caja Tab.,100,2/15/2012,NG3179,PORTUGAL
7750215496879,13,NAPROXENO,550mg,Tableta Recubierta,Tableta,Fco. Tab.,10,3/20/2012,NG3274,PORTUGAL
7750215496886,13,PARACETAMOL,500mg,Tableta,Tableta,Caja Tab.,100,12/10/2011,NG3030,PORTUGAL
7750215496909,13,IBUPROFENO,400mg,Tableta,Tableta,Caja Tab.,100,12/12/2011,NG3036,PORTUGAL
7750215556757,13,AMBROXOL,30mg/5mL,Jarabe,Solucion,Caja Fco. X 120 mL,1,12/29/2014,NG4556,PORTUGAL
7750215556764,13,AMBROXOL,15mg/5mL,Jarabe,Solucion,Caja Fco. X 120 mL,1,12/20/2009,NG2238,PORTUGAL
7750215575819,13,PARACETAMOL 120MG/5ML FCO X 120ML (P),,,,,1,,,LABORATORIOS PORTUGAL S.R.L.
7750215604267,13,BICARBONATO DE SODIO 100 G,100 g,POLVO ORAL,POLVO,POTE X 1000G,1,,GN0016,LABORATORIOS PORTUGAL S.R.L.
7750215728215,13,IBUPROFENO,100mg/5mL,Suspensión,Suspension,Caja Fco. X 60 mL,1,6/26/2011,NG4991,PORTUGAL
7750215728222,13,IBUPROFENO,100/5 ML,SUSPENSION,SUS,FRASCO,60,8/24/2021,EN-04325,PORTUGAL
7750215728246,13,CLORFENAMINA PORTUG JBE 2/5 120ML,43953,FRASCO,FCO,FRASCO,1,5/21/2021,EN05051,PORTUGAL
7750215728253,13,CLORFENAMINA,2mg/5mL,Jarabe,Solucion,Caja Fco. X 60 mL,1,5/21/2011,NG2815,PORTUGAL
7750215728260,13,CLORFENAMINA,2mg/5mL,Jarabe,Solucion,Caja Fco. X 120 mL,1,5/21/2011,NG2815,PORTUGAL
7750215728277,13,SALBUTAMOL,2mg/5mL,Jarabe,Solucion,Caja Fco. X 120 mL,1,5/18/2011,NG2807,PORTUGAL
7750215728284,13,SALBUTAMOL,2 mg/5 mL,Jarabe,SOLUCION,Caja Frasco x 120 mL,1,5/18/2021,EN04841,PORTUGAL
7750215728321,13,COMPLEJO -B JBE X 120ML,120MG,JARABE,JARABE,FRASCO,1,,DN-0019,PORTUGAL
7750215745083,13,FURAZOLIDONA,50mg/15mL,Jarabe,Solucion,Caja Fco. X 120 mL,1,6/26/2011,NG4992,PORTUGAL
7750215796597,13,METRONIDAZOL 250 MG FCO X 120 ML (P),,,,,1,,,LABORATORIOS PORTUGAL (NO USAR)
7750215796627,13,ALBENDAZOL,100mg/5mL,Solución,Solucion,Caja Fco. X 20 mL,1,12/10/2011,NG3028,PORTUGAL
7750215796634,13,ALBENDAZOL 100 MG/5ML,100 mg/5ml,Solución oral,Solucion,UNIDAD,,,NG3028,LABORATORIOS PORTUGAL S.R.L.
7750215869154,13,SULFAMETOXAZOL+TRIMETOPRIMA 400MG/80MG/5ML JBE (PORTUGAL),400MG/80MG/5 ML,FRASCO,FCO,CJA X 1,1,5/10/2022,EN03381,LABORATORIOS PORTUGAL S.R.L.
7750215962473,13,SULFAMETOXAZOL + TRIMETOPRIMA,800mg+160mg,Tableta,Tableta,Caja Tab.,100,2/15/2012,NG3180,PORTUGAL
7750215962480,13,CLINDAMICINA,300mg,Cápsula,Capsula,Caja Cap.,100,2/22/2012,NG3218,PORTUGAL
7750218000516,13,CLEMOLIN DILAT,7.5 MG.,GOTAS,GOTAS,FRASCO,1,,N-21203,ROXFARMA
7750218000653,13,CLOTRIVAL,500MG,TAB VAGINAL,OVULOS,CAJA,1,,N-21346,MKT PHARMA
7750218000783,13,GINOMIN,,OVULO VAGINAL,OVULO,CAJA,100,,N-21318,MKT-PHARMA
7750218000806,13,ETENSOL 100MG/5ML SUSP 20ML,20 ML,SUSPENSION,SUSPENSION,FRASCO,1,,N-22825,MED CELL
7750218001346,13,MIDEXAR 30 MG X 30 TAB (MKT PHARMA),30 MG,TABLETA,TAB,CJA X 30,30,3/21/2021,EN02980,INRETAIL PHARMA S.A.
7750218001391,13,DEXTOSEC 15 MG/5ML JBE. X 120 ML,15 MG,JARABE,JARABE,FRASCO,120,,N-23085,MED-ELL
7750218001538,13,SALVACOLL,2 mg,TABLETA,TABLETA,CAJA TAB,100,5/22/2021,EN03776,INDUQUIMICA
7750218001551,13,GOTICHINA,0.5 MG,TABLETAS,TABL,CAJA,30,1/11/2017,N-22511,INDUQUIMICA
7750218001896,13,MEFANOL 150MG CAP X 100 (DLA FARMACEUTICA),150 MG,CAPSULA,CAP,CJA X 100,100,,EN-03781,DLA FARMACEUTICA
7750218002015,13,FINDALER,10MG,COMPRIMIDO,COMPRIMIDO,CAJA,50,,N22859,QUALIPHARM
7750218002213,13,MUTOSOL,2 MG.,JARABE,JARABE,FRASCO x 120ML.,1,,N-22844,MKT PHARMA
7750218002275,13,NISTATINA,10000UI,FRASCO,GOTAS,10000UI GOTAS x 12ML,,,N-22955,Lab. Portugal S.R.L.
7750218002411,13,MACROXONA,5MG,COMPRIMIDO,COMPRIMIDO,COMPRIMIDO,1,,EN-02600,INDUQUIMICA
7750218002565,13,ALERTIL,10 MG.,TABLETAS,TABLETAS,CAJA,,,N-25720,MEDCELL
7750218003371,13,PROCTUS,5 MG.,TABLETAS RECUBIERTAS,TABLETAS,CAJA,10,,N-24181,MKT PHARMA
7750218003401,13,AERONASE,10 mg,TABLETA,TABLETA,CAJA TAB,20,1/12/2024,EN01124,INRETAIL
7750218003463,13,RAMIVAN,CREMA X 20 GR,CREMA X 20 GR,crema,crema,1,6/1/2019,EN-01366,mkt pharma
7750218003661,13,HIPERSOL,10 MG,TABLETA,TAB,CAJA,1,5/30/2021,EN-05849,DLA FARMACEUTICA
7750218004286,13,FINDALER,5/5,JARABE,JARABE,FRASCO,1,,N26161,QUALIPHARM
7750218004309,13,CLOTRIVAL,0.01,CREMA,CREMA,TUBO,20,,N-21125,MKT PHARMA
7750218004460,13,SALBUBRONC 4MG CAJ X100,4MG,TABLETAS,TAB,TABLETAS,1,1/11/2017,N-23023,VITA FARMA
7750218005528,13,DIREPOR,0.02,CREMA,CREMA,TUBO,15,,N-27057,MKT PHARMA
7750218006143,13,VISIVER FRESH,0.000125,Solución Oftálmica,Solucion Oftalmica,Fco. Got. X 15 mL,1,,N-27350,ROSTER
7750218006266,13,DOTRASYN,25 MG/ 5 ML FCO X 120 ML,frasco,frasco,frasco,1,1/12/2018,N-27359,MKT PHARMA
7750218009465,13,TIBOPAUSE,2.5 mg,Tableta,TABLETA,Caja Envase Blíster Tabletas,20,10/1/2020,EN-05669,MKT PHARMA
7750219000010,13,EFAFLEX,100mg,Comprimido,Tableta,Caja Comp.,100,2/13/2013,N20557,FARMAC.LATINA
7750219000621,13,ZARLYN,10mg,Comprimido,Tableta,Caja Comp.,30,9/9/2009,N21391,FARMAC.LATINA
7750219001314,13,XZARDIAN,2mg,Comprimido,Tableta,Caja Comp.,20,8/15/2010,N21904,FARMAC.LATINA
7750219001321,13,XZARDIAN,4mg,Comprimido,Tableta,Caja Comp.,20,8/15/2010,N21903,FARMAC.LATINA
7750219001376,13,ZUPINOL,40mg,Comprimido,Tableta,Caja Comp.,10,6/24/2010,N21838,FARMAC.LATINA
7750219001680,13,MET 1000,1g,Comprimido,Tableta,Caja Comp.,100,9/18/2011,N22846,FARMAC.LATINA
7750219001789,13,LAMONAX,100mg,Comprimido Dispersable,Tableta,Caja Comp.,30,1/24/2012,N23197,FARMAC.LATINA
7750235000162,13,GASTRORAPID,,Suspensión,Suspension,Fco. X 150 mL,1,10/27/2009,N21440,PERSONAL PROD.
7750235232099,13,LOVE LUB NUEVA FORMULA,1%,Gel,Gel,Tubo X 120 g,1,1/28/2010,N19531,PERSONAL PROD.
7750251010367,13,DOLO LIVIOLEX FORTE GEL 2% TUBOX1,,,,,1,,,MAGMA S.A.
7750258000088,13,PANTOMEK,40mg,Tableta,Tableta,Caja Tab.,10,1/23/2013,E20217,LABEX
7750258000156,13,YOMOGI,250mg,Cápsula,Capsula,Caja Cap.,10,6/23/2013,BE00509,LABEX
7750266000124,13,LINDYNETTE 20,,Comprimido Recubierto,Tableta,Caja Comp.,1,7/31/2011,E18609,FARMAGE
7750266000131,13,POSTINOR 1,1.5mg,Comprimido,Tableta,Caja Comp.,1,4/18/2010,E17268,FARMAGE
7750266000322,13,RIGEVIDON 21 + 7,,Comprimido Recubierto,Tableta,Caja Comp.,1,4/30/2013,E15498,FARMAGE
7750269850917,13,KLEAN-PREP,,Polvo para Solución Oral,Solucion,Caja Sachet X 68.96 g,4,5/9/2012,E14618,QUALITY PHARMA
7750281000017,13,MUCOTRIM DILAT,7.5mg,Jarabe,Solucion,Fco. X 120 mL,1,10/30/2013,N20909,S.J.ROXFARMA
7750281000048,13,NISTALIZOL OVULOS VAG. X 1 UNIDAD,,,,,1,,,LABORAT FARMAC SAN JOAQUIN-ROXFARMA S.A.
7750281000055,13,DEXAFLAM NF,2MG/5ML,FRASCO,SOLUCIÒN ORAL,JARABE,,,EN-00349,ROXFARMA
7750281000062,13,DEXAMETASONA,2MG/5ML,ELIXIR,ELIXIR,ELIXIR X100ML,1,1/12/2016,N-21668,ROXFARMA
7750281000154,13,MICOMISIL,"TERBINAFINA  CLORHIDRATO 1,00 G",TERBINAFINA,CREMA,CREMA 15g,1,12/1/2022,EN-01352,ROXFARMA
7750281000161,13,TRIMICOT,,Crema,Crema,Tubo X 10 g,1,10/5/2010,N22003,S.J.ROXFARMA
7750281000192,13,LAXULOSA,"LACTULOSA 3,33 g / 5 ml",LACTULOSA,SOLUCION ORAL,120 ML,1,10/1/2021,EN-01665,ROXFARMA
7750281000215,13,DOLOCORT 1% GEL X 30 GR.,,,,,1,,,LABORAT FARMAC SAN JOAQUIN-ROXFARMA S.A.
7750281000246,13,BISMOSAN 87.33MG/5ML FRESA FRASCOX150ML,"87,33MG/5ML",JARABE,JARABE,FRASCO,1,,EN03980,S.J.ROXFARMA
7750281000260,13,XENILER,10mg/mL,Gotas,Solucion,Fco. X 15 mL,1,7/13/2012,N23634,S.J.ROXFARMA
7750281000277,13,NISOFLAM FCO SUSP X 100 ML,,,,,1,,,LABORAT FARMAC SAN JOAQUIN-ROXFARMA S.A.
7750281000307,13,PULMIEL,,Jarabe,Solucion,Fco. X 120 mL,1,8/15/2012,N23751,S.J.ROXFARMA
7750281000345,13,XENILER JARABE X 60 ML,,,,,1,,,LABORAT FARMAC SAN JOAQUIN-ROXFARMA S.A.
7750281000376,13,FERVITAM PLUS,,Jarabe,Solucion,Fco. X 345 mL,1,11/10/2011,N23001,S.J.ROXFARMA
7750281000413,13,ROXTRIM FORTE X 1 COMPRIMIDO,,,,,1,,,LABORAT FARMAC SAN JOAQUIN-ROXFARMA S.A.
7750281000475,13,AEROX PLUS,15ML,SIMETICONA,FRASCO,Fco. X 15 mL,1,3/1/2021,N25010,ROXFARMA
7750281000482,13,CIPROCALMEX COM,500 MG,CIPROCALMEX,TAB,CJA,100,8/1/2020,EN-03124,ROXFARMA
7750281000499,13,VICLORAX X 100 MG,100MG,CAPSULA,CAP,CAJA X 100 CAPSULA,100,,N024850,ROXFARMA
7750281000536,13,VOMIXTAL TAB,DIMENHIDRINATO 50MG,TABLETAS,Comprimidos,tabletas,1,,N-25356,ROXFARMA
7750281000543,13,SUCRAGANT,1g/5mL,Suspensión,Suspension,Fco. X 200 mL,1,12/9/2013,N25310,S.J.ROXFARMA
7750281000550,13,MUCOCETIL,ACETILCISTEINA 100 MG/5ML,ACETILCISTEINA,JARABE,120 ML,1,10/1/2021,EN-03469,ROXFARMA
7750281000567,13,FLAMICOX,,Crema,Crema,Tubo X 20 g,1,9/22/2013,N25026,S.J.ROXFARMA
7750281000598,13,NOTFEBRIL,500mg/mL,Solución Oral,Solucion,Fco. X 10 mL,1,11/27/2013,N25271,S.J.ROXFARMA
7750281000604,13,NOTFEBRIL,250mg/5mL,Jarabe,Solucion,Fco. X 60 mL + Vaso dosif.,1,12/15/2013,N25344,S.J.ROXFARMA
7750281000611,13,NOPRAXIN,125mg/5mL,Polvo para Suspensión Oral,Suspension,Fco. X 60 mL,1,12/17/2013,N25358,S.J.ROXFARMA
7750281000642,13,MOFLAMET,0.1%,CREMA,CREMA,CAJA X1 CREMA 15 G,1,,N-25186,ROXFARMA
7750281000659,13,TOPIMICYN,,Ungüento,Unguento,Tubo X 14 g,1,2/4/2014,N25537,S.J.ROXFARMA
7750281000666,13,MORROIDAL PLUS,,Ungüento,Unguento,Tubo X 28 g,1,3/27/2013,N24487,S.J.ROXFARMA
7750281000734,13,NOPRAMAX 550 MG,550MG,TABLETA,TAB,CAJA X 100 UNIDADES,100,,N027023,ROXFARMA
7750281001298,13,NOPRAXIN 125 / 5 MG FCO SUSP X 60 ML,,,,,1,,,LABORAT FARMAC SAN JOAQUIN-ROXFARMA S.A.
7750281001472,13,DEXAFLAM NF,2 MG/5 ML,JBE,JBE,FRASCO X 100 ML,,,EN00349,ROXFARMA S.A.
7750281001519,13,TOPIMICYN NF,14G,UNGÜENTO,UNG,UNGÜENTO X 14G,1,4/30/2018,EN-00386,ROXFARMA
7750281001687,13,ROXTIL B CREMA TOPICA,,CRM TOPICA,CRM TOPICA,TUBO X 10 G,1,,EN04807,ROXFARMA S.A.
7750281001724,13,NISTAMUG,100000UI,SUSPENSION,SUSPENSION,FRASCO,1,1/10/2024,EN-06584,ROXFARMA
7750281066655,13,PULMOL COMPUESTO,,Jarabe,Solucion,Fco. X 120 mL,1,11/12/2012,N20366,S.J.ROXFARMA
7750281067362,13,AEROX PLUS,15ML,SIMETICONA,SUSPENSION,FRASCO,1,3/1/2020,20648,ROXFARMA
7750281067690,13,ANAFIDOL,100mg/5mL,Suspensión Oral,Suspension,Fco. X 60 mL,1,12/30/2014,N19510,S.J.ROXFARMA
7750281067713,13,MUCOTRIM SOL GOT X 20ML,,,,,1,,,LABORAT FARMAC SAN JOAQUIN-ROXFARMA S.A.
7750281067737,13,ROXTRIM PEDIATRICO,200mg+40mg/5mL,Suspensión Oral,Suspension,Fco. X 60 mL,1,10/14/2013,N19052,S.J.ROXFARMA
7750281074476,13,BENZOATO DE BENCILO,,Emulsión,Suspension,Fco. X 120 mL,1,8/6/2012,NG582,S.J.ROXFARMA
7750281074483,13,MUCOTRIM DILAT,,Gotas,Solucion,Fco. X 15 mL,1,10/16/2013,N20886,S.J.ROXFARMA
7750281074643,13,SALBUTAMOL,2mg/5mL,Jarabe,Solucion,Fco. X 120 mL,1,12/23/2009,NG1156,S.J.ROXFARMA
7750281075343,13,BENZOATO DE BENCILO,,Emulsión,Suspension,Fco. X 60 mL,1,8/6/2012,NG582,S.J.ROXFARMA
7750281075497,13,PULMOL G,,Jarabe,Solucion,Fco. X 120 mL,1,12/30/2013,N17122,S.J.ROXFARMA
7750281075503,13,ROXTIL,,Crema Tópica,Crema,10 g,1,4/16/2009,N19224,S.J.ROXFARMA
7750281141628,13,METRONIDAZOL SUSX250MGX60ML (ROX),,,,,1,,,LABORAT FARMAC SAN JOAQUIN-ROXFARMA S.A.
7750281388214,13,ROXTRIM FORTE SUSx400/80x100ML,,,,,1,,,LABORAT FARMAC SAN JOAQUIN-ROXFARMA S.A.
7750281797986,13,LAXOLAX,10mg/mL,Solución,Solucion,Fco. X 10 mL,1,12/19/2011,N20057,S.J.ROXFARMA
7750281797993,13,ROXTRIM BALSAMICO,200mg+40mg/5mL,Suspensión Oral,Suspension,Fco. X 60 mL,1,1/2/2012,N20063,S.J.ROXFARMA
7750281851701,13,MUCOTRIM PLUS,2mg+7.5mg/5mL,Jarabe,Solucion,Fco. X 120 mL,1,12/30/2012,N20455,S.J.ROXFARMA
7750288000126,13,PHARMAPRED,20mg,Tableta,Tableta,Caja Tab.,100,11/8/2012,N24022,INTIPHARMA
7750288000140,13,GASEO FREE,80mg/mL,Gotas,Solucion,Fco. X 15 mL,1,11/9/2010,N22099,INTIPHARMA
7750288000157,13,BB NASAL,0.90%,Gotas,Solucion,Fco. X 15 mL,1,11/15/2010,N22111,INTIPHARMA
7750288000195,13,ALERGIZINA D,120mg+5mg,Cápsula,Capsula,Caja Cap.,100,9/11/2013,E21024,INTIPHARMA
7750288000256,13,CLAVUNIL,500mg+125mg,Tableta Recubierta,Tableta,Caja Tab.,10,1/7/2014,N25413,INTIPHARMA
7750288000263,13,AZOQUIN,400mg+100mg,Cápsula,Capsula,Caja Dispen.,100,1/23/2014,N25502,INTIPHARMA
7750288000294,13,LEVOZINE,500mg,Tableta Recubierta,Tableta,Caja Tab.,10,1/9/2013,N24197,INTIPHARMA
7750288000324,13,SULPHYTRIM JUNIOR,200mg+40mg/5mL,Suspensión,Suspension,Fco. X 60 mL,1,8/26/2013,N24931,INTIPHARMA
7750288000379,13,LOPEFAN,2mg,Tableta Recubierta,Tableta,Caja Tab.,100,3/12/2015,N26786,INTIPHARMA
7750288000393,13,ZITROBAC PEDIATRICO,200MG/5ML,POLVO PARA SUSPENSION ORAL,SUS,FRASCO,60,1/19/2020,EN-00655,INTIPHARMA
7750288000713,13,LEVOZINE,750 MG,TABLETA,TAB,CAJA,10,6/21/2021,EE-03318,INTIPHARMA
7750290000046,13,CETIRIZINA,10mg,Tableta,Tableta,Caja Tab.,100,11/15/2012,NG3507,MEDROCK
7750290000107,13,OMEPRAZOL,20mg,Cápsula,Capsula,Caja Cap.,100,1/12/2015,NG4566,DELFARMA
7750290000282,13,DOXICICLINA,100mg,Cápsula,Capsula,Caja Cap.,10,1/23/2011,NG2606,MEDROCK
7750290000527,13,ENALAPRIL,10mg,Tableta,Tableta,Caja Tab.,100,1/19/2014,EG6062,AC FARMA
7750290000558,13,AZITROMICINA 500 mg TABLETA REC CJ X30,500 MG,TABLETA,TABLETA,CAJA,30,,EN03157,MEDROCK
7750290000596,13,KETOROLACO,10mg,Tableta,Tableta,Caja Tab.,10,1/23/2011,NG2605,MEDROCK
7750304000017,13,DESINFLAM,550mg,Tableta Recubierta,Tableta,Caja Tab.,100,9/27/2012,N20325,FARMINDUSTRIA
7750304000031,13,BETAMETASONA 0.05%X20GR (FAR),,,,,1,,,FARMINDUSTRIA S.A.
7750304000062,13,AB AMBROMOX,600mg,Polvo para Solución Inyectable,Inyectable,Caja Vial,1,11/13/2012,N20372,FARMINDUSTRIA
7750304000079,13,AB AMBROMOX,1.2g,Inyectable,Inyectable,Vial + Jer. + Aguja,1,11/13/2012,N20373,FARMINDUSTRIA
7750304000086,13,CLOBETASOL,0.05%,Crema,Crema,Tubo X 25 g,1,12/30/2012,NG3595,FARMINDUSTRIA
7750304000093,13,CLOBETASOL,0.05%,Ungüento,Unguento,Tubo X 25 g,1,9/13/2012,NG3448,FARMINDUSTRIA
7750304000109,13,COLCHICINA FMNDTRIA,5mg,CAJA,TABLETAS,5mg Caja Tab. x 30,30,,EN-04982,Farmindustria S.A. (Planta)
7750304000123,13,PARACETAMOL 500 MG X 1 TABLETA (F),,,,,1,,,FARMINDUSTRIA S.A.
7750304000154,13,ALOPURINOL,300 MG,CAJA,TABLETAS,300mg Caja Tab. x 30,1,,NG-3409,FARMINDUSTRIA
7750304000161,13,ALOPURINOL,300mg,Tableta,Tableta,Caja Tab.,30,7/12/2012,NG3397,FARMINDUSTRIA
7750304000178,13,CEFADROXILO 250MG/5ML/100ML (FAR),,,,,1,,,FARMINDUSTRIA S.A.
7750304000192,13,SIMETICONA TABX40MGX1 (FAR),,,,,1,,,FARMINDUSTRIA S.A.
7750304000208,13,SIMETICONA,80mg,Tableta Masticable,Tableta,Caja Tab.,30,12/9/2012,NG3542,FARMINDUSTRIA
7750304000215,13,SIMETICONA 80MG/ML GOTASx15ml,80mg/ml,GOTAS,GOTAS,FRASCO,1,11/29/2017,NG-3524,
7750304000383,13,VARICOSIN,500mg,Cápsula,Capsula,Caja Cap.,10,6/5/2013,N20687,FARMINDUSTRIA
7750304000673,13,ALIZAR,0.05%,Crema,Crema,Tubo X 30 g,1,7/18/2013,N20760,FARMINDUSTRIA
7750304001021,13,BRONCO DERINOX,250mg+4mg/5mL,Suspensión,Suspension,Fco. X 60 mL,1,5/19/2013,N20661,FARMINDUSTRIA
7750304001045,13,MELOXICAM,7.5mg,Tableta,Tableta,Caja Tab.,10,7/2/2013,NG3811,FARMINDUSTRIA
7750304001052,13,MELOXICAM,15mg,Tableta,Tableta,Caja Tab.,100,7/1/2013,NG3810,FARMINDUSTRIA
7750304001069,13,DENCORUB FORTE,,Ungüento,Unguento,Tubo X 33.5 g,1,12/4/2010,N14492,FARMINDUSTRIA
7750304001106,13,METFORMINA,850mg,Tableta,Tableta,Caja Tab.,30,9/1/2013,NG3918,FARMINDUSTRIA
7750304001113,13,LINCOMICINA,500mg,Cápsula,Capsula,Caja Cap.,20,9/2/2013,NG3922,FARMINDUSTRIA
7750304001137,13,NIOFEN,2%,Crema,Crema,Tubo X 15 g,1,8/21/2013,N20795,FARMINDUSTRIA
7750304001168,13,DICLOFENACO,1%,Gel,Gel,Tubo X 50 g,1,9/3/2009,NG4456,FARMINDUSTRIA
7750304001205,13,THIMOLINA LEONARD,,Solución,Solucion,Fco. X 200 mL,1,2/1/2013,N24296,FARMINDUSTRIA
7750304001342,13,DIGOXINA,0.25mg,Tableta,Tableta,Caja Tab.,100,9/16/2013,NG3968,FARMINDUSTRIA
7750304001427,13,AMLODIPINO,10mg,Tableta,Tableta,Caja Tab.,30,12/5/2012,NG3534,FARMINDUSTRIA
7750304001595,13,ZOMIX,15mg/5mL,Jarabe,Solucion,Fco. X 60 mL,1,9/23/2013,N25029,FARMINDUSTRIA
7750304001915,13,AB AMBROMOX,300mg,Inyectable,Inyectable,Vial + Jer. + Aguja,1,4/23/2013,N20639,FARMINDUSTRIA
7750304001946,13,FARMACORTIX,30mg,Tableta,Tableta,Caja Tab.,6,7/11/2013,N20748,FARMINDUSTRIA
7750304001953,13,FARMACORTIX,6mg,Tableta,Tableta,Caja Tab.,6,7/10/2013,N20745,FARMINDUSTRIA
7750304002103,13,CARENCIL,5mg,Comprimido,Tableta,Caja Comp.,30,4/25/2013,E15482,FARMINDUSTRIA
7750304002110,13,CARENCIL,10 MG.,COMPRIMIDOS,COMPRIMIDOS,CAJA,30,,E-15530,FARMINDUSTRIA
7750304002127,13,BIOTONUS,5mg,Tableta,Tableta,Caja Tab.,20,3/2/2014,N21091,FARMINDUSTRIA
7750304002134,13,BIOTONUS,2.5mg,Tableta,Tableta,Caja Tab.,10,3/8/2014,N21100,FARMINDUSTRIA
7750304002141,13,CEBROCAL,500mg,Tableta,Tableta,Caja Tab.,10,4/23/2014,N21170,FARMINDUSTRIA
775030400215,13,SIMETICONA,80mg/15ml,Suspensión Oral,SUSPENSION,Caja Frasco Gotero X 15 mL,1,2/1/2020,NG-3525,FARMINDUSTRIA
7750304002158,13,CEBROCAL GOTAS,100mg/mL,Solución Oral,Solucion,Fco. Got. X 30 mL,1,4/23/2014,N21171,FARMINDUSTRIA
7750304002219,13,RINOFILAX,2.5mg/5mL,Jarabe,Solucion,Fco. X 60 mL,1,6/9/2009,N21236,FARMINDUSTRIA
7750304002226,13,BRONCOLATUM,250mg+15mg/5mL,Polvo para Suspensión,Suspension,Fco. X 75 mL,1,5/31/2009,N21218,FARMINDUSTRIA
7750304002264,13,CADITAR,400mg,Tableta,Tableta,Caja Tab.,10,6/17/2009,N21259,FARMINDUSTRIA
7750304002271,13,BRONCOLATUM,500mg+30mg,Cápsula,Capsula,Caja Cap.,12,6/1/2009,N21220,FARMINDUSTRIA
7750304002318,13,CLONAZEPAM TABX2MGX1 (FAR),,,,,1,,,FARMINDUSTRIA S.A.
7750304002332,13,FLUOXETINA,20mg,Cápsula,Capsula,Caja Cap.,100,9/21/2010,NG1316,FARMINDUSTRIA
7750304002349,13,ORFENADRINA,100mg,Tableta,Tableta,Caja Tab.,100,8/25/2014,NG4445,FARMINDUSTRIA
7750304002455,13,ORFENADRINA 60MG AMP CJA X 25,60 MG,AMPOLLA,AMP,CJA X 25,25,9/23/2024,EN00361,FARMINDUSTRIA S.A.
7750304002462,13,VARICOSIN 500 MG,500MG,CAPSULA,CAP,CAJA X 10 UNIDADES,10,,N20687,FARMINDUSTRIA
7750304002486,13,CEFACLOR,500mg,Tableta,Tableta,Caja Tab.,10,1/1/2012,NG3288,FARMINDUSTRIA
7750304002493,13,BROLUKAT 4MG COMP MAST X 30,4mg,COMPRIMIDO MASTICABLE,COMPRIMIDO,Caja X 30 COMP,1,9/27/2014,E16786,FARMINDUSTRIA S.A.
7750304002509,13,BROLUKAT,4mg,CAJA,COMPRIMIDOS,4mg Mast. Caja Comp. x 30,,,E-16786,Farmindustria S.A. (Planta)
7750304002516,13,BROLUKAT COM,5MG,BROLUKAT,COMPRIMIDO,CJA,30,9/27/2019,EE-02562,FARMAINDUSTRIA
7750304002523,13,BROLUKAT,5mg,Comprimido Masticable,Tableta,Caja Comp.,10,10/7/2014,E16811,FARMINDUSTRIA
7750304002530,13,BROLUKAT,10mg,CAJA,COMPRIMIDOS,10mg Mast. Caja Comp. x 30,,,EE-02562,Farmindustria S.A. (Planta)
7750304002547,13,BROLUKAT,10mg,Comprimido Masticable,Tableta,Caja Comp.,10,9/27/2014,E16787,FARMINDUSTRIA
7750304002615,13,LOSARTAN,50mg,Comprimido Recubierto,Tableta,Caja Comp.,60,4/2/2013,EG5775,FARMINDUSTRIA
7750304002653,13,FENAZOPIRIDINA,100mg,Tableta Recubierta,Tableta,Caja Tab.,100,3/5/2012,NG3244,FARMINDUSTRIA
7750304002714,13,PIRIDOXINA,300mg/3mL,Solución para Inyección,Inyectable,Caja Amp. X 3 mL,1,6/4/2004,NG471,FARMINDUSTRIA
7750304002790,13,GABAPENTINA,300mg,Cápsula,Capsula,Caja Cap.,30,4/15/2010,NG4623,FARMINDUSTRIA
7750304002851,13,MARVIL COM X 70MG X 1,,,,,1,,,FARMINDUSTRIA S.A.
7750304002868,13,ATORVASTATINA 10MG TAB REC X30 (FARM),10 MG,TABLETA,TAB,CJA X 30,30,2/20/2022,NG3208,FARMINDUSTRIA S.A. - GENERICOS
7750304002875,13,ATORVASTATINA,20mg,Tableta Recubierta,Tableta,Caja Tab.,30,2/15/2013,EG5705,FARMINDUSTRIA
7750304002882,13,DICLOXACILINA,500mg,Cápsula,Capsula,Caja Cap.,100,5/30/2013,NG3782,FARMINDUSTRIA
7750304002899,13,CODIFARMA,60mg/2mL,Solución para Inyección,Inyectable,Amp. X 2 mL,1,11/21/2011,N23033,FARMINDUSTRIA
7750304002912,13,VI-SYNERAL PRONATAL X 1 TABLETA,,,,,1,,,FARMINDUSTRIA S.A.
7750304002936,13,ARAVIDA,20mg,Comprimido Recubierto,Tableta,Caja Comp.,30,7/13/2009,E16606,FARMINDUSTRIA
7750304003001,13,NETAF,10MG,COMPRIMIDO,COMPRIMIDO,CAJA,100,,N18944,PHARMALAB
7750304003018,13,NETAF,10mg,Comprimido,Tableta,Caja Comp.,20,7/11/2013,N18944,FARMINDUSTRIA
7750304003032,13,FUNZAL TWIN,150mg,Cápsula,Capsula,Caja Cap.,2,6/5/2010,N17992,FARMINDUSTRIA
7750304003056,13,RINOMEX,5/120MG,CAPSULA,CAPSULA,CAJA,50,,E11161,PHARMALAB
7750304003087,13,CEFABAC,250mg/5mL,Suspensión,Suspension,Fco. X 75 mL,1,1/9/2013,N20472,FARMINDUSTRIA
7750304003094,13,CEFABAC,500 MG.,TABLETAS,TABLETAS,CAJA,10,,E-20360,FARMINDUSTRIA
7750304003100,13,EZATOR,10mg+20mg,Tableta Recubierta,Tableta,Caja Tab.,30,3/28/2011,N22425,FARMINDUSTRIA
7750304003124,13,CONGESTEX,500/30/10/60MG,TABLETA,TABLETA,CAJA,100,,N20620,PHARMALAB
7750304003162,13,SUPRACEF,500mg,Tableta Recubierta,Tableta,Caja Tab.,10,3/21/2013,N20601,FARMINDUSTRIA
7750304003179,13,DOLNIX SL,10mg,COMPRIMIDO SUBLINGUAL,COMPRIMIDO,FRASCO,1,6/1/2021,N-20167,FARMINDUSTRIA
7750304003186,13,DOLNIX,60mg/2mL,Inyectable,Inyectable,Amp. X 2 mL,1,11/12/2012,E19959,FARMINDUSTRIA
7750304003193,13,MICORAL,100MG,CAPSULA,CAPSULA,CAJA,16,,E13034,PHARMALAB
7750304003223,13,EZATOR,10mg+10mg,Tableta Recubierta,Tableta,Caja Tab.,30,4/3/2011,N22451,FARMINDUSTRIA
7750304003230,13,ZETIX,5mg/5mL,Jarabe,Solucion,Fco. X 60 mL,1,4/2/2013,N20612,FARMINDUSTRIA
7750304003247,13,ZETIX 10 MG,10 mg,Comprimido,Comprimido,Caja,,,EN01471,FARMINDUSTRIA S.A.
7750304003292,13,DEXAFAR,DEXAMETASONA 2mg/5ml,CORTICOSTEROIDE,CORTICOSTEROIDE,100 ML,1,10/1/2019,EN-05091,NEUMOBIOTICS
7750304003339,13,DORMEX,7.5MG,COMPRIMIDO,COMPRIMIDO,CAJA,20,,N16604,PHARMALAB
7750304003377,13,PAROXET,20mg,Comprimido,Tableta,Caja Comp.,10,12/9/2009,N17704,FARMINDUSTRIA
7750304003421,13,AB-BRONPAMOX,1200 MG,AB BRONPAMOX,AMP,CJA,1,6/30/2020,N-20540,NEUMOBIOTICA
7750304003445,13,DEXAFAR,0.5mg/5mL,Elixir,Solucion,Fco. X 100 mL,1,8/1/2012,N20289,FARMINDUSTRIA
7750304003452,13,ZETIX D,,Jarabe,Solucion,Fco. X 60 mL,1,6/4/2013,N20686,FARMINDUSTRIA
7750304003476,13,AMLOC,10mg,Comprimido,Tableta,Caja Comp.,10,1/31/2013,N20530,FARMINDUSTRIA
7750304003490,13,ADAX,400MG,Tableta Recubierta,Tableta,Caja Tab.,60,1/16/2013,N20491,FARMINSUTRIA
7750304003506,13, ADAX 600MG TABLETA RECUBIERTA (FAR),600MG,TABLETA,TAB,CJAX 60,,,EN03766,FARMAINDUSTRIA
7750304003544,13,ZETIX,10MG,CAJA,COMPRIMIDOS,10mg Comp. Rec. x 50,,,EN-01471,Pharmalab S.A.
7750304003551,13,ADAX FLU SUSP 15MG X 60ML,,,,,1,,,PHARMALAB S.A.
7750304003568,13,CETIRIZINA 5MG /5ML CAJA FCO. X 60ML (FARM),5 MG/5 ML,FRASCO,FCO,CJA X 1,1,11/28/2018,EN01402,FARMINDUSTRIA S.A. - GENERICOS
7750304003582,13,ALIZAR,0.05%,Ungüento,Unguento,Tubo X 30 g,1,9/26/2013,N20852,FARMINDUSTRIA
7750304003612,13,CORODIN TAB 50MG X 1,,,,,1,,,PHARMALAB S.A.
7750304003629,13,CLUVAX,,Cápsula Blanda,Capsula,Caja Cap.,3,5/4/2010,E17303,FARMINDUSTRIA
7750304003667,13,ADAX PEDIAT.100MG/5ML SUSPENSION FRAX60ML,100 MG/5ML,SUSPENSION,SUSPENSION,FRASCO,1,,EN06173,FARMINDUSTRIA
7750304003674,13,ZETIX-D,,Cápsula,Capsula,Caja Cap.,50,11/10/2013,E15980,FARMINDUSTRIA
7750304003766,13,NEURO-VIT,,CAJA,COMPRIMIDOS,Caja Comp. x 30,,,M-21386,Pharmalab S.A.
7750304003780,13,ARTIX 400MG COMP REC. X 10,TABLETAS,TABLETAS,TABLETAS,TABLETAS,10,,N-21435,FARMINDUSTRIA
7750304003889,13,ADAX FLU FORTE,200mg+30mg/5mL,Jarabe,Solucion,Fco. X 60 mL,1,2/28/2010,N21601,FARMINDUSTRIA
7750304003896,13,NEURO VIT,,Comprimido,Tableta,Caja Comp.,100,9/3/2014,N21386,FARMINDUSTRIA
7750304003988,13,BIVADIN,10MG,COMPRIMIDO,COM,CAJA,20,,E22745,FARMINDUSTRIA
7750304003995,13,BIVADIN,10mg,Comprimido,Tableta,Caja Comp.,10,9/20/2009,E16767,FARMINDUSTRIA
7750304004046,13,BONIL,150mg,CAJA,TABLETAS,150mg Caja Tab. Rec. x 1,,6/20/2021,N-22632,Farmindustria S.A. (Planta)
7750304004138,13,GREXA,2mg,Tableta,Tableta,Caja Tab.,20,6/15/2010,N21821,FARMINDUSTRIA
7750304004145,13,GREXA,4mg,Tableta,Tableta,Caja Tab.,20,8/17/2010,N21910,FARMINDUSTRIA
7750304004152,13,DOLNIX,10mg,Comprimido Recubierto,Tableta,Caja Comp.,50,12/17/2012,N16573,FARMINDUSTRIA
7750304004169,13,SIMIBE,10 mg + 10 mg,Tableta,TABLETA,Caja Envase Blister Tabletas,30,5/31/2020,EN01553,FARMINDUSTRIA
7750304004176,13,SIMIBE,10 mg + 20 mg,Tableta,TABLETA,Caja Envase Blister Tabletas,30,5/31/2020,EN01259,FARMINDUSTRIA
7750304004183,13,SIMIBE,10mg+40mg,Tableta,Tableta,Caja Tab.,30,5/25/2010,N21790,FARMINDUSTRIA
7750304004244,13,DEFLAZACORT,6mg,Tableta,Tableta,Caja Tab.,10,11/6/2010,NG4776,FARMINDUSTRIA
7750304004251,13,PREDNISONA,50mg,Tableta Recubierta,Tableta,Caja Tab.,100,9/29/2010,NG4755,G & R
7750304004268,13,TERBINAFINA,250mg,Comprimido,Tableta,Caja Tab.,1,11/25/2010,NG4783,FARMINDUSTRIA
7750304004275,13,TERBINAFINA,1%,Crema,Crema,Tubo X 15 g,1,5/5/2013,NG5576,MEDCO
7750304004299,13,QUANTRUM,750mg,Comprimido Recubierto,Tableta,Caja Comp.,5,8/11/2010,N21899,FARMINDUSTRIA
7750304004305,13,LIPEBIN - SABOR A CEREZA,3.33g/5mL,Solución,Solucion,Caja Fco. X 90 mL,1,12/5/2010,N22175,FARMINDUSTRIA
7750304004312,13,BRONPAMOX,,Cápsula,Capsula,Caja Cap.,50,12/1/2013,N17033,FARMINDUSTRIA
7750304004329,13,RISENDAL,35mg,Tableta Recubierta,Tableta,Caja Tab.,10,7/25/2013,N20777,FARMINDUSTRIA
7750304004336,13,RISENDAL,35mg,Tableta Recubierta,Tableta,Caja Tab.,1,7/25/2013,N20777,FARMINDUSTRIA
7750304004343,13,CLOTRIMAZOL,0.01,Crema,CREMA,Caja Tubo x 40 g,1,2/18/2018,EN00026,FARMINDUSTRIA
7750304004374,13,PIRANTEL,250mg,Tableta,Tableta,Caja Tab.,60,8/19/2010,NG4733,FARMINDUSTRIA
7750304004381,13,HEPABIOLLA,,Gragea,Tableta,Caja Grag.,100,6/12/2011,N22608,FARMINDUSTRIA
7750304004404,13,CEFRALIN,250mg,Suspensión,Suspension,Fco. X 60 mL,1,7/20/2011,N22706,FARMINDUSTRIA
7750304004411,13,CEFRALIN,300mg,Cápsula,Capsula,Caja Cap.,10,9/22/2010,N21970,FARMINDUSTRIA
7750304004428,13,CLAVUMOX,250mg+62.5mg/5mL,Polvo para Suspensión Oral,Suspension,Fco 60ml,1,6/15/2011,E18480,FARMINSUTRIA
7750304004435,13,CLAVUMOX,500mg+125mg,Comprimido Recubierto,Tableta,Caja Comp.,12,6/15/2011,E18481,FARMINDUSTRIA
7750304004442,13,CLAVUMOX 12 HORAS,400mg+57mg,Suspensión,Suspension,Fco. X 70 mL,1,6/19/2011,E18493,FARMINDUSTRIA
7750304004459,13,CLAVUMOX 12 HORAS,875mg+125mg,Tableta,Tableta,Fco. Tab.,12,6/20/2011,E18501,FARMINDUSTRIA
7750304004466,13,AMOXICILINA,500mg,Tableta,Tableta,Caja Tab.,100,6/16/2011,EG5034,FARMINDUSTRIA
7750304004473,13,AMOXICILINA SUSX250MGX60ML (FAR),,,,,1,,,FARMINDUSTRIA S.A.
7750304004510,13,DERINOX,500mg/5mL,Suspensión,Suspension,Fco. X 60 mL,1,6/15/2011,E18479,FARMINDUSTRIA
7750304004534,13,CODIFARMA NF,,Jarabe,Solucion,Fco. X 90 mL,1,4/6/2011,N22471,FARMINDUSTRIA
7750304004558,13,CADITAR FLEX,,Tableta Recubierta,Tableta,Caja Tab.,50,5/30/2011,N22565,FARMINDUSTRIA
7750304004565,13,TRILAT,37.5mg+325mg,Tableta,Tableta,Caja Tab.,10,7/22/2009,N21331,FARMINDUSTRIA
7750304004572,13,TRILAT,37.5mg+325mg,Tableta,Tableta,Caja Tab.,50,7/22/2009,N21331,FARMINDUSTRIA
7750304004596,13,MAGALDRAX,200 ML,FRASCO,SUSPENSIÓN,Fco. Susp. x 200ml,1,,N-20503,Farmindustria S.A. (Planta)
7750304004602,13,MAGALDRAX MAST TABL X 20 .,800mg/40mg,TABLETAS,TABLETAS,CAJ X 20,1,,N-20396,FARMINDUSTRIA
7750304004619,13,PASSIVA,25mg,Tableta Recubierta,Tableta,Caja Tab.,20,5/30/2011,N22566,FARMINDUSTRIA
7750304004626,13,PASSIVA,40mg,Tableta Recubierta,Tableta,Caja Tab.,20,5/30/2011,N22567,FARMINDUSTRIA
7750304004633,13,PASSIVA,60mg,Tableta Recubierta,Tableta,Caja Tab.,20,5/30/2011,N22568,FARMINDUSTRIA
7750304004671,13,VOLUSOL,2%,Crema Vaginal,Crema Vaginal,Caja Tbo. X 15 g + Aplic.,1,6/8/2011,N22606,FARMINDUSTRIA
7750304004701,13,metoclopramida,10mg,tabletas,tab,tabletas,1,1/6/2017,ng-4938,farmindustria
7750304004725,13,CLOVEXIL,75mg,Tableta Recubierta,Tableta,Caja Tab.,14,8/17/2011,E18675,FARMINDUSTRIA
7750304004732,13,ANULACID,40mg,Cápsula,Capsula,Caja Cap.,14,7/13/2011,N22690,FARMINDUSTRIA
7750304004763,13,AMITRIPTILINA LF,25MG,TABLETA,TABLETA,CAJA,100,,NG4887,FARMINDUSTRIA
7750304004794,13,IBUPROFENO 400 mg TABETA (FAR),400 MG,TABLETA,TAB,CAJA X 100,100,,NG-2375,FARMINDUSTRIA
7750304004800,13,IBUPROFENO LF TAB 600MG,600mg,TABLETA,TAB,CAJA,100,,NG3593,FARMINDUSTRIA
7750304004831,13,MINOXIDIL,2%,Solución Tópica,Solucion,Fco. X 60 mL,1,6/14/2011,NG4976,FARMINDUSTRIA
7750304004855,13,PREDNISONA 5 MG,5MG,TABLETA,TAB,CAJA X 100,100,,NG39720,FARMINDUSTRIA
7750304004886,13,HEMAX,4000UI,VIAL,VIAL,VIAL,1,,BE00388,FARMINDUSTRIA
7750304004923,13,DESINFLAM,10%,Gel,Gel,Tubo X 30 g,1,8/13/2013,N16893,FARMINDUSTRIA
7750304004930,13,HEMORRODIL COMPUESTO,0.25/1.50/2.00/5.00/1.00G,Ungüento,Ungüento,Tubo Ung. x 28g,1,5/1/2021,N-22966,K2 PHARMAVIDA
7750304004954,13,PAROXET XR,12.5mg,Tableta,Tableta,Caja Tab.,30,6/25/2011,N22879,FARMINDUSTRIA
7750304004961,13,PAROXET XR,25mg,Tableta,Tableta,Caja Tab.,30,9/25/2011,N22880,FARMINDUSTRIA
7750304004985,13,DOLO QUIMAGESICO C 50,,Cápsula,Capsula,Caja Cap.,120,5/16/2012,N18729,FARMINDUSTRIA
7750304004992,13,ZATRIX SL,0.25mg,Tableta Sublingual,Tableta Sublingual,Caja Tab.,20,10/12/2011,N22933,FARMINDUSTRIA
7750304005005,13,SULFAMETOXAZOL+TRIMETOPRIMA 800/160,800MG/160 MG,SULFAMETOXAZOL+TRIMETOPRIMA,SULFAMETOXAZOL+TRIMETOPRIMA,TABLETAS,1,1/12/2017,NG-3180,SULFAMETOXAZOL+TRIMETOPRIMA 800MG/160 MG CAJ X100
7750304005036,13,HIPERFLEX-TU,1.5/1.2G,POLVO,POLVO,CAJA,30,,N23072,PHARMALAB
7750304005166,13,DOLO QUIMAGESICO FLEX,,Cápsula,Capsula,Caja Cap.,100,11/21/2011,N23029,FARMINDUSTRIA
7750304005210,13,DOLO QUIMAGESICO VIT,,Cápsula,Capsula,Caja Cap.,100,1/5/2012,N23136,FARMINDUSTRIA
7750304005265,13,RECALM,50mg,Cápsula,Capsula,Caja Cap.,50,1/11/2011,N22264,FARMINDUSTRIA
7750304005272,13,FLEXA NEUROVIT,,Tableta Recubierta,Tableta,Caja Tab.,50,12/12/2011,N23088,FARMINDUSTRIA
7750304005289,13,FLEXA NEUROVIT,,Tableta Recubierta,Tableta,Caja Tab.,10,12/12/2011,N23088,FARMINDUSTRIA
7750304005296,13,DOLO NEUROVIT,,Cápsula,Capsula,Caja Cap.,100,10/4/2011,N22902,FARMINDUSTRIA
7750304005302,13,DOLO NEUROVIT,,Cápsula,Capsula,Caja Cap.,30,10/4/2011,N22902,FARMINDUSTRIA
7750304005319,13,HEMAX,2000UI,VIAL,VIAL,VIAL,1,,BE00266,FARMINDUSTRIA
7750304005326,13,NETAF,5mg,Gotas,Solucion,20 mL,1,11/24/2011,N23046,FARMINDUSTRIA
7750304005333,13,CEFALEXINA 500MG CAJA CAPS. X 100 (FARM),500 MG,TABLETA,TAB,CJA X 100,100,9/22/2024,EN02039,FARMINDUSTRIA S.A. - GENERICOS
7750304005357,13,CLARITROMICINA,500mg,Tableta Recubierta,Tableta,Caja Tab.,100,9/29/2014,NG2125,FARMINDUSTRIA
7750304005388,13,AZITROMICINA,200mg/5mL,Suspensión,Suspension,Fco. X 15 mL,1,1/26/2010,NG2278,FARMINDUSTRIA
7750304005395,13,PANTOPRAZOL 40MG CAJA CAPS. X 14 (FARM),40 MG,TABLETA,TAB,CJA X 14,14,7/14/2021,NG5007,FARMINDUSTRIA S.A. - GENERICOS
7750304005401,13,NEURO VIT,1mg,Solución para Inyección,Inyectable,Amp. X 3 mL,1,10/19/2011,N22949,FARMINDUSTRIA
7750304005418,13,FLEXA NEUROVIT,,Inyectable,Inyectable,Caja Amp.,2,2/16/2012,N23268,FARMINDUSTRIA
7750304005425,13,DOLO QUIMAGESICO VIT,,Solución para Inyección,Inyectable,Amp. I/II + Jer.,1,2/1/2012,N23223,FARMINDUSTRIA
7750304005432,13,DOLO NEUROVIT,,Inyectable,Inyectable,Caja Amp. I + Amp. II,1,1/30/2012,N23213,FARMINDUSTRIA
7750304005470,13,CAPRIMIDA-D,500MG,TABLETAS,TABLETAS,CAJA,30,,DN-0140,FARMINDUSTRIA
7750304005487,13,RICILINA,200mg/5mL,Suspensión Oral,Suspension,Fco. X 30 mL,1,3/16/2012,N23338,FARMINDUSTRIA
7750304005494,13,RICILINA,500mg,Cápsula,Capsula,Caja Cap.,5,3/1/2012,N23296,FARMINDUSTRIA
7750304005500,13,RICILINA,500mg,Cápsula,Capsula,Caja Cap.,3,3/1/2012,N23296,FARMINDUSTRIA
7750304005517,13,MELOXICAM 15MG TAB X100 (FARM),15 MG,TABLETA,TAB,CJA X 100,100,7/1/2018,EN00453,FARMINDUSTRIA S.A. - GENERICOS
7750304005524,13,CEFADROXILO,500mg,Tableta Recubierta,Tableta,Caja Comp.,100,9/19/2012,NG3452,FARMINDUSTRIA
7750304005531,13,DEXAMETASONA,4mg,Tableta,Tableta,Caja Tab.,100,11/8/2012,NG3499,FARMINDUSTRIA
7750304005548,13,CLONAZEPAM,0.5 mg,Tableta,TABLETA,Caja Envase Blister Tabletas,100,11/3/2024,EN04168,FARMINDUSTRIA
7750304005562,13,NITAXOM,500mg,Tableta Recubierta,Tableta,Caja Tab.,6,10/12/2011,N22927,FARMINDUSTRIA
7750304005579,13,NITAXOM,100mg/5mL,Suspensión,Suspension,Fco. X 60 mL,1,8/31/2011,N22794,FARMINDUSTRIA
7750304005586,13,AMLODIPINO,5mg,Comprimido,Tableta,Caja Comp.,100,2/12/2012,NG3169,FARMAC.LATINA
7750304005609,13,FINDEDOL MAX,,Polvo Efervescente,Polvo,Caja Sob. X 4.7 g,30,10/19/2011,N22944,FARMINDUSTRIA
7750304005630,13,ALPRAZOLAM,0.5mg,Tableta,Tableta,Caja Tab.,200,1/8/2012,NG3084,FARMINDUSTRIA
7750304005661,13,AMIKACINA 500MG/2ML INY CJA X 25 (ABBOTT-FARM),500MG/2ML,AMPOLLA,AMP,CJA X 25,25,3/6/2022,EE03119,FARMINDUSTRIA S.A.
7750304005678,13,DICLOFENACO,75mg/3mL,Solución para Inyección,Inyectable,Fco. Amp. X 3 mL,25,11/19/2012,NG3511,FARMINDUSTRIA
7750304005692,13,ACICLOVIR TABX200MGX1 (FAR),,,,,1,,,FARMINDUSTRIA S.A.
7750304005708,13,OMEPRAZOL,20mg,Cápsula,Capsula,Caja Cap.,100,4/4/2010,NG2361,FARMINDUSTRIA
7750304005715,13,DENCORUB ARTRIT,,Crema,Crema,Tubo X 33.5 g,1,5/3/2012,N23466,FARMINDUSTRIA
7750304005722,13,DEXAFAR,8mg/2mL,Inyectable,Inyectable,Amp. X 2 mL,1,10/21/2012,N20345,FARMINDUSTRIA
7750304005739,13,AVAN HCT 160MG/12.5MG  TAB X 1,,,,,1,,,PHARMALAB S.A.
7750304005746,13,AVAN HCT,80mg+12.5mg,Tableta Recubierta,Tableta,Caja Tab.,30,10/21/2009,N21433,FARMINDUSTRIA
7750304005753,13,DOLO TENSODOX,5mg+15mg,Tableta Recubierta,Tableta,Caja Tab.,50,4/4/2012,N23398,FARMINDUSTRIA
7750304005760,13,DOLO TENSODOX,5mg+15mg,Tableta Recubierta,Tableta,Caja Tab.,10,4/4/2012,N23398,FARMINDUSTRIA
7750304005777,13,PENTOXIFILINA 400 MG X 1 TABLETA (F),,,,,1,,,FARMINDUSTRIA S.A.
7750304005784,13,AVAN,80mg,Cápsula,Capsula,Caja Cap.,30,1/15/2012,N23174,FARMINDUSTRIA
7750304005791,13,AVAN,160mg,Cápsula,Capsula,Caja Cap.,30,1/17/2012,N23181,FARMINDUSTRIA
7750304005807,13,AVAN,320mg,Cápsula,Capsula,Caja Cap.,20,5/2/2012,N23459,FARMINDUSTRIA
7750304005814,13,ALERSONA,1%,Crema,Crema,Tubo X 20 g,1,3/29/2012,N23378,FARMINDUSTRIA
7750304005821,13,NIOFEN,0.01,UNGÜENTO,UNGÜENTO,CAJA,1,,N -22799,FARMINDUSTRIA
7750304005838,13,URIPAX,200mg,Tableta,Tableta,Caja Tab.,20,9/19/2011,N22847,FARMINDUSTRIA
7750304005869,13,HIPERFLEX MSM,,Polvo para Solución Oral,Solucion,Caja Sachet,30,3/7/2012,N23305,FARMINDUSTRIA
7750304005876,13,BLOTRIL 5MG/10MG CAP CJA X 20,5 MG/10 MG,CAPSULA,CAP,CJA X 20,20,10/17/2020,EN00750,FARMINDUSTRIA S.A
7750304005883,13,BLOTRIL 5MG/20MG CAP CJA X 20,5 MG/20 MG,CAPSULA,CAP,CJA X 20,20,10/12/2020,EN01620,FARMINDUSTRIA S.A
7750304005890,13,BLOTRIL,10mg+20mg,Cápsula,Capsula,Caja Cap.,20,10/13/2010,N22035,FARMINDUSTRIA
7750304005906,13,ESPIRONOLACTONA,25mg,Tableta,Tableta,Caja Tab.,100,6/19/2012,NG3382,FARMINDUSTRIA
7750304005920,13,FLUCONAZOL,150mg,Cápsula,Capsula,Caja Cap.,2,7/27/2009,NG2098,FARMINDUSTRIA
7750304005937,13,CLINDAMICINA,600 MG.,INYECTABLE,INYECTABLE,CAJA,25,,EG-5300,FARMINDUSTRIA
7750304005944,13,LINCOMICINA,600MG/2ML,AMPOLLA,AMP,CAJ AMP X 25,1,10/1/2017,eg-5341,FARMINDUSTRIA
7750304005951,13,GENTAMICINA,160mg/2mL,Solución para Inyección,Inyectable,Caja Amp. X 2 mL,25,4/23/2012,EG5346,FARMINDUSTRIA
7750304005968,13,RANITIDINA 50 mg/2 mL AMPOLLA - (FAR),50 MG/2 ML,AMPOLLA,AMP,CAJA X 100,100,,EG-5360,FARMINDUSTRIA
7750304005975,13,DEXAFAR,4mg/mL,Inyectable,Inyectable,Amp. X 1 mL,2,11/22/2012,N20384,FARMINDUSTRIA
7750304005982,13,ACIDO FOLICO,0.5mg,Tableta,Tableta,Caja Tab.,30,5/21/2012,NG5341,FARMINDUSTRIA
7750304006033,13,KLARIXOL 500 MG,500 MG,TABLETAS,TAB,TABLETAS,1,1/2/2018,N-23148,NEUMOBIOTICS
7750304006040,13,KLARIXOL,125mg/5mL,Suspensión,Suspension,Fco. X 60 mL,1,3/12/2012,N23320,FARMINDUSTRIA
7750304006057,13,KLARIXOL,250mg/5mL,Suspensión,Suspension,Fco. X 60 mL,1,3/15/2012,N23334,FARMINDUSTRIA
7750304006071,13,LANSOPRAZ,30MG,CAPSULAS,CAPSULAS,CAJA,100,,NG-4182,FARMINDUSTRIA
7750304006088,13,NIMODIPINO LF TAB 30MG,30MG,TABLETA,TAB,CAJA,100,,NG5198,FARMINDUSTRIA
7750304006132,13,DOLNIX SL,30mg,Comprimido,Tableta,Caja Comp.,6,7/10/2012,N23627,FARMINDUSTRIA
7750304006156,13,ASSA 81,81mg,Tableta Recubierta,Tableta,Caja Tab.,100,1/18/2014,N19150,FARMINDUSTRIA
7750304006194,13,PREDNISONA LF,50 MG,TAB,TAB,CJA,100,6/30/2019,EN-04660,FARMAINDUSTRIA
7750304006200,13,ERITROMICINA LF,500MG,TABLETA,TABLETA,CAJA,100,,NG5274,FARMINDUSTRIA
7750304006279,13,FUROSEMIDA 40 MG X 1 TABLETA (F),,,,,1,,,FARMINDUSTRIA S.A.
7750304006286,13,CINARIZINA,75mg,Tableta,Tableta,Caja Tab.,100,5/29/2012,NG5346,FARMINDUSTRIA
7750304006293,13,VERAPAMILO LF,80MG,TABLETA,TABLETA,CAJA,100,,NG5369,FARMINDUSTRIA
7750304006323,13,DEXAMETASONA 4 MG/2 ML AMPOLLA (FAR),4 MG/1 ML,AMPOLLA,AMP,CAJA X 100,10,,EG-5350,FARMINDUSTRIA
7750304006354,13,SERTRALINA,50 MG,CAJA,TABLETAS,50mg Tab. x 100,,,EN-04749,Farmindustria S.A. (Planta)
7750304006361,13,PIROXICAM 40MG/2ML,40MG/2ML,AMPOLLA,AMPOLLA,CAJ AMP X25,1,,EG-5533,FARMINDUSTRIA
7750304006392,13,PROBERTAN,150mg,Tableta,Tableta,Caja Tab.,20,9/5/2012,N23807,FARMINDUSTRIA
7750304006408,13,PROBERTAN,300mg,Tableta,Tableta,Caja Tab.,20,8/29/2012,N23789,FARMINDUSTRIA
7750304006422,13,MARVIL,70mg,Tableta,Tableta,Caja Tab.,12,5/28/2012,E14663,FARMINDUSTRIA
7750304006439,13,CLARITROMICINA FMNDTRIA,250 MG X 50 ML,FRASCO,SUSPENSIÓN,250mg Fco. Susp. x 50ml,,,NG-2146,Farmindustria S.A. (Planta)
7750304006446,13,HARDAL,200MG/ 50 MG,TABLETAS,TABLETAS,FRASCO,,,N-23891,FARMINDUSTRIA
7750304006491,13,DOLNIX FORTE,25mg+10mg,Cápsula,Capsula,Caja Cap.,10,8/27/2012,N23779,FARMINDUSTRIA
7750304006583,13,CEFABAC,375mg/5mL,Suspensión,Suspension,Fco. X 70 mL,1,11/15/2012,N20374,FARMINDUSTRIA
7750304006606,13,DOLO QUIMAGESICO 1%,,AEROSOL TÓPICO,AEROSOL TÓPICO,FRASCO X 85 ML,,,N24133,FARMINDUSTRIA S.A.
7750304006613,13,TIOCTAN PLUS TABLETA REC CJX100,,TABLETA,TABLETA,CAJA,100,,PNN0823,FARMINDUSTRIA
7750304006620,13,ULCEMEX HP,,Tableta Recubierta,Tableta,Caja Tab.,14,1/28/2013,N24265,FARMINDUSTRIA
7750304006675,13,THIMOLINA LEONARD,,Solución,Solucion,Fco. X 100 mL,1,2/1/2013,N24296,FARMINDUSTRIA
7750304006712,13,NORFLEX Iny. Amp. x 1 x 2ml c/caja,60 MG/2 ML,AMPOLLA,AMP,CJA X 1,1,2/16/2021,N4476,FARMINDUSTRIA S.A.
7750304006729,13,AMBROMOX,,Cápsula,Capsula,Caja Cap.,60,4/27/2010,N21733,FARMINDUSTRIA
7750304006798,13,VITA VID,30 ML,FRASCO,GOTAS,Gotas Orales x 30ml,,,E-20250,Pharmalab S.A.
7750304006811,13,NOPUCID 10 2 EN 1,,Emulsión,Suspension,Fco. X 60 mL,1,2/22/2012,N23285,FARMINDUSTRIA
7750304006842,13,HEMORRODIL COMPUESTO,,Supositorio,Supositorio,Caja Sup.,10,1/25/2013,N24256,FARMINDUSTRIA
7750304006859,13,SUMIGRAN,85/500MG,CAPSULA,CAPSULA,CAJA,2,,N24359,FARMINDUSTRIA
7750304006880,13,HEMORRODIL UNGX20GR,,,,,1,,,FARMINDUSTRIA S.A.
7750304006910,13,ACICLOVIR,800mg,Tableta,Tableta,Caja Tab.,10,9/7/2012,NG645,FARMINDUSTRIA
7750304006989,13,PREDNISONA LF,20 MG,TAB,TAB,CJA,100,5/30/2019,EN-01696,FARMAINDUSTRIA
7750304007023,13,NOPUCID 10 2 EN 1,1%,Champú,Champu,Caja Sachet,40,8/24/2012,N23770,FARMINDUSTRIA
7750304007047,13,NOPUCID 10,,Crema,Crema,Tubo X 100 g,1,2/13/2013,N24340,FARMINDUSTRIA
7750304007054,13,BETACAR,6.25mg,CAJA,COMPRIMIDOS,6.25mg Comp. x 30 Recal,,9/4/2018,EE-00971,(Ver FARMINDUSTRIA)
7750304007078,13,BETACAR 25 MG X 1 COMPRIMIDO,,,,,1,,,FARMINDUSTRIA S.A.
7750304007085,13,LAFITIL,,Ungüento,Unguento,Caja Tbo. X 28 g,1,10/31/2012,N23997,FARMINDUSTRIA
7750304007092,13,LAFITIL,,Ungüento,Unguento,Caja Tbo. X 15 g,1,10/31/2012,N23997,FARMINDUSTRIA
7750304007115,13,ACICLOVIR,5%,CREMA,CREMA,TUBO x 5 g,1,6/21/2023,EN00023,FARMINDUSTRIA
7750304007160,13,NOPUCID COMPUESTO,,Champú,Champu,Fco. X 115 mL,1,2/25/2013,N24389,FARMINDUSTRIA
7750304007207,13,ULCEMEX,20mg,Cápsula de Liberación Retardada,Capsula,Caja Cap.,14,2/15/2013,E20338,FARMINDUSTRIA
7750304007221,13,ULCEMEX,40mg,Cápsula de Liberación Retardada,Capsula,Caja Cap.,14,12/13/2012,E20071,FARMINDUSTRIA
7750304007238,13,CLINDAMICINA,300mg,Cápsula,Capsula,Caja Cap.,120,8/8/2008,NG3863,FARMACHIF
7750304007252,13,LAFITIL,20g+2g,Polvo Tópico,Polvo,Fco. X 56 g,1,10/31/2012,N24004,FARMINDUSTRIA
7750304007269,13,LAFITIL,,Solución,Solucion,Fco. X 20 mL,1,10/25/2012,N23980,FARMINDUSTRIA
7750304007276,13,ZETIX 10 MG/ML SOL. ORAL FRASCO GOTERO X 15 ML (FAR),10MG/ML,GOTAS,GOTAS,FCO X15ML,,,N24856,FARMAINDUSTRIA
7750304007320,13,FENOBARBITAL,100mg,Tableta,Tableta,Caja Tab.,200,4/11/2011,NG4920,FARMINDUSTRIA
7750304007351,13,LEODRIN 70,70mg,Comprimido Recubierto,Tableta,Caja Comp.,4,11/14/2006,E14201,PHARMALAB
7750304007399,13,NUMOSOL,28mg/5mL,Jarabe,Solucion,Fco. X 100 mL,1,6/30/2013,E20803,FARMINDUSTRIA
7750304007405,13,NUMOSOL,50mg/5mL,Jarabe,Solucion,Fco. X 100 mL,1,6/26/2013,E20795,FARMINDUSTRIA
7750304007436,13,ZOMIX 15MG/5ML JARABE FRASCO X 60ML,15MG/5ML,JARABE,JARABE,FRASCO,1,,EN00981,FARMINDUSTRIA
7750304007443,13,ERITROMICINA 250MG/5ML,,Polvo,Polvo,Frasco x 60 ml,1,,NG-5839,FARMINDUSTRIA S.A.
7750304007450,13,REDITUX VIA 100MG 10ML,100MG,VIAL,VIA,CAJA,,,BE00553,FARMINDUSTRIA
7750304007467,13,REDITUX VIA 500MG 50ML,500MG,VIAL,VIA,CAJA,,,BE00551,FARMINDUSTRIA
7750304007498,13,DOXET 30MG COMP,30 MG,COMPRIMIDOS,COMP,COMPRIMIDOS,1,1/7/2019,EE-02072,NEUROSCIENCE
7750304007535,13,PROBERTAN HCT 150MG/12.5MG X1,,,,,1,,,FARMINDUSTRIA S.A.
7750304007542,13,PROBERTAN HCT 300/12.5MG X 1 TAB,,,,,1,,,FARMINDUSTRIA S.A.
7750304007559,13,FLUIDASA,100mg/5mL,Jarabe,Solucion,Fco. X 120 mL,1,2/27/2013,N24397,FARMINDUSTRIA
7750304007573,13,FLUIDASA,200mg,Granulos para Solución,Solucion,Caja Sobre,30,12/16/2013,N25354,FARMINDUSTRIA
7750304007580,13,FLUIDASA,600mg,Granulos para Solución,Solucion,Caja Sobre,20,12/16/2013,N25347,FARMINDUSTRIA
7750304007597,13,FLUIDASA,100mg,Polvo para Solución Oral,Solucion,Caja Sobre,30,12/1/2013,N25287,FARMINDUSTRIA
7750304007665,13,SUGAFOR,0.013,POLVO,POLVO,CAJA,100,,EDN-0000,FARMINDUSTRIA
7750304007764,13,BACTEROL FORTE 800MG+160MG TABLETA CJX100,800MG+160MG,TABLETA,TABLETA,CAJA,100,,EN02712,FARMINDUSTRIA
7750304007795,13,VALNOC  (ESZOPICLONA),2MG,COMPRIMIDO RECUBIERTO,COMPRIMIDO RECUBIERTO,CAJA X 15 UNIDADES,,,EE01121,ABBOTT
7750304007870,13,KLARIXOL EXPECTORANTE,5G+0.3G/100ML,JARABE,JBE,FRASCO X 70 ML,1,,N026351,FARMINDUSTRIA
7750304007887,13,KLARIXOL EXPEC TAB,CLARITROMICINA+AMBROXOL,CAJA X 10 TABLETAS,CAJA X 10 TABLETAS,TABLETAS,10,,N-26384,FARMINDUSTRIA
7750304007931,13,RHINOAIR,2MG,SOLUCION ORAL,SOLUCION ORAL,FCO,1,,N-25891,FARMINDUSTRIA
7750304007948,13,LONTADEX PLUS X 60 ML,60ML.,SUSSPENSION,SUSPENSION,JBE X 60 ML,1,1/6/2016,N-26478,FARMINDUSTRIA
7750304007962,13,LONTADEX PLUS 10 MG TAB X 10,10 MG,TABLETA,TAB,CAJA X 10,10,,N-26020,ABBOTT-FARMINDUSTRIA
7750304007979,13,CADITAR VIT,200 MG,CAJA,COMPRIMIDOS,200 MG COMP. REC X 60,,,,FARMINDUSTRIA
7750304007993,13,OXYDONNA,5MG,TABLETA,TABLETA,CAJA,100,,N24258,FARMINDUSTRIA
7750304008136,13,OXYDONNA 20MG TABLETA,20 mg,tableta,Tab,caja x 30 tab,30,,N-24260,Biomedical Sciences
7750304008143,13,ALIZAR 0.05% LOCION X 30 ML,,,,,1,,,FARMINDUSTRIA S.A.
7750304008174,13,MAXUCAL D 800,800 UI,Tableta,Tableta,Caja,60,,DN00268,FARMINDUSTRIA S.A.
7750304008358,13,CADITAR,200MG,CAPSULAS,CAPS,CAJX 60,1,,N-27004,FARMINDUSTRIA
7750304008372,13,CADITAR,400MG,CAPSULAS,CAPSULAS,Caja Cap.,50,,N27005,FARMINDUSTRIA
7750304008570,13,FRUTENZIMA,7/40/30MG,CAPSULA,CAPSULA,CAJA,120,,N12416,FARMINDUSTRIA
7750304008594,13,CITOFER,250mg/5ml,POLVO SUSPENSIÓN,CITOFER SUSPENSIÓN,Polvo susp. 250mg/5ml x 70ml,1,1/7/2017,N-25965,FARMINDUSTRIA
7750304008617,13,CAPRIMIDA UD POLV SUSP ORAL 6.4G X 30 SOB,6.4G,SOBRE,SOB,SOBRE,30,,DN-0310,FARMINDUSTRIA
7750304008655,13,CITOFER,500 MG.,TABLETAS,TABLETAS,CAJA TAB.,10,,N-25993,FARMINDUSTRIA S.A.
7750304008754,13,AEROTECH COMPUESTO,7.5MG - 0.05MG /5ML,AMBROXOL CLEMBUTEROL,AEROTECH,JARABE,,,N-25239,FARMINDUSTRIA
7750304008808,13,COLEFLUX 30MG/1G,30 MG,CAJA,SOBRES,30mg Sobres x 18 x 1g,,,N-27306,Farmindustria S.A. (Planta)
7750304008822,13,COLEFLUX 100mg,100 MG,CAJA,CAPSULAS,100mg Caja Caps. x 10,,,N-27332,Farmindustria S.A. (Planta)
7750304008884,13,DOLNIX,60 mg/2 mL,Solución Inyectable,INYECTABLE,Caja Ampolla x 2 mL,1,10/23/2020,EN02440,FARMINDUSTRIA
7750304008945,13,DOLO-QUIMAGUESICO,100 MG.,TABLETAS,TABLETAS,CAJA,100,,EN-00107,FARMINDUSTRIA
7750304009058,13,NETAF 10 MG/ML,10 MG,Gotas,GTS,Frasco x 20 ml,1,,EN00153,FARMINDUSTRIA S.A.
7750304009201,13,DEXIDE X 500MG TAB,500MG,TABLETAS,TAB,CJA X 30 TABLETAS,,,N27383,FARMAINDUSTRIA
7750304009263,13,TENSODOX 10 MG x 20 COMP.,10MG,CAJA,CAJA,COMPRIMIDOS,20,,,PHARMALAB
7750304009348,13,DINERCEF 500mg Caps. x 28,500mg,CEFALEXINA,DINERCEF,CAPSULAS,28,1/11/2017,EN-01687,NEUMOBIOTICS
7750304009355,13,DINIRCEF JARABE,CEFALEXINA 250/5ML,FRASCO X 60 ML,FRASCO X 60 ML,FRASCO,1,1/11/2017,EN-01116,NEUMOBIOTICS
7750304009409,13,HIPERFLEX MSM,8.0G,SOBRE,SOBRE,CAJA,30,,DN-0366,FARMINDUSTRIA
7750304009416,13,MIZONASE,100mg+150mg,OVULOS,OVULOS,Caja Ov,10,5/1/2020,E-16339,GYNOPHARM
7750304009478,13,DOXIAC 100MG,100 mg,Capsula,Cap,Caja x 10 unidades,,,EN02322,MEDIDERM
7750304009522,13,DOLO NEUROVIT,50MG,CAPSULAS,CAPSULAS,CAPSULAS,100,,N-22902,FARMINDUSTRIA
7750304009560,13,ASSA-81,,CAJA,TABLETAS,Tab. Rec. x 30,,,EN-01601,Farmindustria S.A. (Planta)
7750304009577,13,ASSA-81,81 MG,TABLETAS RECUBIERTAS ENTÉRICA,TABLETAS,Tab. Rec. x 100,1,1/18/2019,EN-01601,FARMINDUSTRIA
7750304009584,13,DENCORUB FORTE PLUS CRM X 33.5 G,33.5 GR,CREMA,CRM,CJA X 1,1,5/3/2022,N23466,FARMINDUSTRIA S.A.
7750304009621,13,METILCREM 0.1%,0.1% Crema,0.1% Crema,crema,crema,1,1/1/2020,en-02877,mediderm
7750304009683,13,DOLNIX,10MG,COMPRIMIDO,COMP,CAJ X 50,,,N-16573,FARMINDUSTRIA
7750304009997,13,CEFACLOR,250 mg/5 mL,Polvo para Suspensión Oral,SUSPENSION,Caja Frasco x 100 mL + Accesorio,1,11/29/2022,EE05474,FARMINDUSTRIA
7750304010009,13,CEFABAC,250 MG.,SUSPENSION,SUSPENSION,FRASCO,1,11/29/2022,EE-05473,ABBOTT
7750304010023,13,NOKOTIN,10 mg,Tableta Recubierta de Liberación Prolongada,TABLETA,Caja Envase Blíster Tabletas Tabletas Recubiertas de Liberación Prolongada,30,12/22/2020,EN02738,FARMINDUSTRIA
7750304010245,13,RINOMEX 5MG/120MG CAP CJA X10,5MG / 120MG,CAPSULA,CAP,CJA X 10,10,,EE-03693,FARMINDUSTRIA S.A
7750304010313,13,CEFADROXILO,500 mg,TABLETA RECUBIERTA,TABLETA,CAJA TAB,100,9/19/2017,NG3452,FARMINDUSTRIA
7750304010320,13,CEFACLOR,500 mg,Tableta Recubierta,TABLETA,Caja Envase Blíster Tabletas Recubiertas,10,11/29/2022,EE05477,FARMINDUSTRIA
7750304010382,13,CLAVUMOX 400MG/57MG/5ML JBE X 100ML,400 MG/57 MG/5 ML,JARABE,JBE,CJA X 1,1,5/28/2023,EE06013,FARMINDUSTRIA S.A.
7750304010474,13,VIPLENA DHA Y EPA,VIPLENA DHA Y EPA,CAJA X 30 CAPSULAS,CAJA X 30 CAPSULAS,CAJA,30,10/1/2020,DE-2495,ABBOT
7750304010504,13,CADITAR MIO,200 MG.,TABLETAS,TABLETAS,CAJA,50,,EN-03327,ABBOTT
7750304010542,13,AQUASOL 5% PANTHENOL X 60G,60 GR,TUBO,TUB,CJA X 1,1,9/29/2021,EN04676,ABBOT LABORATORIOS S.A.
7750304010559,13,CLAVUMOX 600,600/42.9mg/5ml,FRASCO,JARABE,FRASCO 600/42.9mg/5ml,,,EE-06497,Farmindustria S.A. (Planta)
7750304010610,13,ACIDO FUSIDICO 2% CRM TOP X 15G (FARM),"2,00%",CREMA,CRM,CJA X 1,1,1/9/2021,EN02105,FARMINDUSTRIA S.A
7750304010757,13,CEFUROXIMA 500MG TAB CJA X10 (ABBOTT-FARMINDUSTRIA),500 MG,TABLETA,TAB,CJA X 10,10,1/30/2023,EE05660,FARMINDUSTRIA S.A.
7750304010801,13,AZITROMICINA,500 mg,TABLETA RECUBIERTA,TABLETA,CAJA TABLETA,5,3/2/2025,EN00886,FARMINDUSTRIA
7750304010887,13,AZITROMICINA,500 mg,TABLETA RECUBIERTA,TABLETA,CAJA TAB,30,3/2/2025,EN00886,FARMINDUSTRIA
7750304011914,13,TIOCTAN FORTE,,Gragea,Tableta,Caja Grag.,100,7/13/2011,N4664,FARMINDUSTRIA
7750304015264,13,JABON SULFUROSO DEL DR. KAUFMANN,,Jabón,Jabon,Caja X 80 g,1,10/10/2010,N3077,FARMINDUSTRIA
7750304015912,13,CEFRADINA,250mg/5mL,Suspensión,Suspension,Fco. X 60 mL,1,9/20/2010,NG0023,FARMINDUSTRIA
7750304047234,13,BACTEROL BALSAMICO,800mg+160mg+200mg,Tableta,Tableta,Caja Tab.,48,6/14/2010,N19683,FARMINDUSTRIA
7750304047241,13,UROCYCLAR 100,400mg+100mg,Tableta Recubierta,Tableta,Caja Tab.,90,8/4/2010,N19728,FARMINDUSTRIA
7750304048682,13,RISPERIDONA,3mg,Tableta Recubierta,Tableta,Caja Tab.,20,8/1/2015,NG2454,FARMINDUSTRIA
7750304052207,13,DOLO QUIMAGESICO,1%,Gel,Gel,Tubo X 20 g,1,1/21/2013,N20499,FARMINDUSTRIA
7750304052214,13,ACETAZOLAMIDA,250 MG,TABLETA,TAB,CAJA,1,8/1/2020,EN-05055,FARMINDUSTRIA
7750304052221,13,GLIBENCLAMIDA,5mg,Tableta,Tableta,Caja Tab.,100,6/28/2012,NG3390,FARMINDUSTRIA
7750304052252,13,NIMOFAR PLUS,100mg+30mg,Tableta Recubierta,Tableta,Caja Tab.,30,12/13/2012,N20414,FARMINDUSTRIA
7750304052269,13,DESTOLIT,5%,Loción,Locion,Fco. X 100 mL,1,3/31/2013,N20609,FARMINDUSTRIA
7750304052276,13,EPIVAL,250mg,Comprimido,Tableta,Caja Comp.,20,2/15/2011,E13629,FARMINDUSTRIA
7750304052290,13,NORFLEX PLUS,,Tableta,Tableta,Caja Tab.,10,5/27/2013,N20675,FARMINDUSTRIA
7750304056779,13,DENCORUB EXTRA FORTE,,Ungüento,Unguento,Pote X 100 g,1,6/8/2015,N19580,FARMINDUSTRIA
7750304056793,13,AZITROMICINA,500mg,Cápsula,Capsula,Caja Cap.,3,12/10/2009,NG2221,FARMINDUSTRIA
7750304080712,13,ADONA (AC 17),100mg/20mL,Inyectable,Inyectable,Amp. X 20 mL,1,6/14/2012,N11145,FARMINDUSTRIA
7750304083034,13,DEXAMETASONA,4mg/mL,Solución para Inyección,Inyectable,Caja Amp. X 1 mL,1,5/20/2010,EG1144,SANDERSON
7750304084017,13,THEOLAIR S,125mg,Tableta,Tableta,Caja Tab.,20,3/7/2014,N14108,FARMINDUSTRIA
7750304084116,13,THEOLAIR S,250mg,Tableta,Tableta,Caja Tab.,10,3/7/2014,N14107,FARMINDUSTRIA
7750304092760,13,CODIFARMA,60MG,AMPOLLA,AMPOLLA,CAJA,100,,N3728,FARMINDUSTRIA
7750304095617,13,AQUASOL A,,Crema,Crema,Tubo X 29 g,1,5/6/2012,N3100,FARMINDUSTRIA
7750304105033,13,NORFLEX,100mg,Tableta,Tableta,Caja Tab.,100,2/9/2014,N4468,FARMINDUSTRIA
7750304106139,13,CAPTOPRIL,25mg,Tableta,Tableta,Caja Tab.,100,1/1/2013,NG0009,FARMINDUSTRIA
7750304106610,13,KETOCONAZOL,2%,Crema,Crema,Tubo X 10 g,1,9/21/2012,NG661,FARMINDUSTRIA
7750304111713,13,NITROPACK D R,1mg,Cápsula,Capsula,Caja Cap.,24,10/17/2011,N10844,FARMINDUSTRIA
7750304112710,13,ALPAZ,0.25mg,Tableta,Tableta,Caja Tab.,20,3/17/2012,N14746,FARMINDUSTRIA
7750304112918,13,ALPAZ,1mg,Tableta,Tableta,Caja Tab.,20,11/18/2012,N14880,FARMINDUSTRIA
7750304113410,13,DUO CVP K,,Cápsula,Capsula,Caja Cap.,40,1/4/2012,N10936,FARMINDUSTRIA
7750304113533,13,MULTIDERM CREMA,,Crema,Crema,Tubo X 10 g,1,5/4/2009,N17409,FARMINDUSTRIA
7750304113885,13,LIPEBIN,3.33g/5mL,Jarabe,Solucion,300 mL,1,3/15/2014,N17330,FARMINDUSTRIA
7750304114615,13,CARAMELOS MULTIBIOTICOS,,Pastilla,Tableta,Sobre x Caram. X 4,50,7/9/2013,N4184,FARMINDUSTRIA
7750304114912,13,CLAVUMOX,250mg+62.5mg/5mL,Suspensión,Suspension,Fco. X 60 mL,1,6/15/2011,E18480,FARMINDUSTRIA
7750304115513,13,ADONA (AC 17),50mg/10mL,Inyectable,Inyectable,Amp. X 10 mL,1,6/14/2012,N11144,FARMINDUSTRIA
7750304118613,13,AMIKACINA,100mg/2mL,Solución para Inyección,Inyectable,Caja Amp. X 2 mL,1,12/10/2010,NG0029,FARMINDUSTRIA
7750304124478,13,VI-SYNERAL,,Inyectable,Inyectable,Amp. X 2 mL,5,12/24/2011,N3178,FARMINDUSTRIA
7750304130318,13,CEFRADINA,500mg,Cápsula,Capsula,Caja Cap.,120,11/30/2010,NG0024,FARMINDUSTRIA
7750304132213,13,LIPEBIN,3.33g/5mL,Jarabe,Solucion,Fco. X 180 mL,1,3/15/2014,N17330,FARMINDUSTRIA
7750304132312,13,ALBENDAZOL,100mg/5mL,Suspensión,Suspension,Fco. X 20 mL,2,1/2/2010,NG1411,FARMINDUSTRIA
7750304133715,13,TRIMETABOL,,Jarabe,Solucion,Fco. X 100 mL,1,1/29/2011,N11763,FARMINDUSTRIA
7750304138994,13,THEOLAIR PLUS,,Jarabe,Solucion,Fco. X 120 mL,1,3/12/2011,N14513,FARMINDUSTRIA
7750304140256,13,TRILOXAR,5mg,Gragea,Tableta,Caja Grag.,100,8/31/2009,N17588,FARMINDUSTRIA
7750304140294,13,ADONA (AC 17),30mg,Tableta,Tableta,Caja Tab.,10,6/14/2012,N11142,FARMINDUSTRIA
7750304142007,13,DINITRATO DE ISOSORBIDA,10mg,Tableta,Tableta,Caja Tab.,20,6/19/2012,NG3385,FARMINDUSTRIA
7750304142014,13,NAPROXENO,550mg,Tableta,Tableta,Caja Tab.,100,1/15/2013,NG3607,FARMINDUSTRIA
7750304142045,13,METAMIZOL,0.5g/mL,Solución,Solucion,10 mL,1,9/4/2012,NG3430,FARMINDUSTRIA
7750304144681,13,MULTIMYCIN,,Ungüento,Unguento,Tubo X 14 g,1,2/16/2013,N2646,FARMINDUSTRIA
7750304144735,13,AMIKACINA,500mg/2mL,Solución para Inyección,Inyectable,Amp. X 2 mL,1,12/10/2010,NG0030,FARMINDUSTRIA
7750304145619,13,DESTOLIT,5%,Crema,Crema,Tubo X 60 g,1,6/5/2010,N17993,FARMINDUSTRIA
7750304148511,13,KETOTIFENO,1mg,Tableta,Tableta,Caja Tab.,10,10/18/2010,NG1334,FARMINDUSTRIA
7750304148559,13,BRONCOPULMIN NF,,Jarabe,Solucion,Fco. X 120 mL,1,1/20/2014,N19152,FARMINDUSTRIA
7750304148610,13,KETOTIFENO,1mg,Jarabe,Solucion,Caja Fco. X 60 mL,1,9/25/2010,NG1318,FARMINDUSTRIA
7750304150019,13,ENALAPRIL,5mg,Tableta,Tableta,Caja Tab.,20,11/23/2005,NG1386,FARMINDUSTRIA
7750304150316,13,LORATADINA,5mg /5ml  Fco. x 60ml,jarabe,5mg /5ml Caja Fco. Jbe. x 60,Fco. x 60 ml,1,4/1/2020,EN-01777,farmindustria
7750304151122,13,ALPAZ,0.5mg,Tableta,Tableta,Caja Tab.,100,3/17/2012,N14745,FARMINDUSTRIA
7750304155823,13,COMPLEJO B,,CAJA,TABLETAS,TAB. X 300,1,,D-1667,INST. QUIMIOTERAPICO
7750304162661,13,TIOCTAN FUERTE,,Gragea,Tableta,Caja Grag.,100,10/10/2011,N22914,FARMINDUSTRIA
7750304176927,13,NOCTURA,5mg/5mL,Solución para Inyección,Inyectable,Caja Amp.,10,4/1/2012,N20185,FARMINDUSTRIA
7750304227650,13,NOPUCID COMPUESTO,,Loción,Locion,Fco. X 115 mL,1,9/5/2009,N17596,FARMINDUSTRIA
7750304235525,13,CARAMELOS MULTIBIOTICOS SABOR A MENTOL/EUCALIPTO,,Pastilla,Tableta,Caja Sobre,50,4/12/2010,N19620,FARMINDUSTRIA
7750304235532,13,BRONCOPULMIN,,Tableta,Tableta,Caja Tab.,100,7/18/2010,N19712,FARMINDUSTRIA
7750304235556,13,LOPECIA,1mg,Tableta Recubierta,Tableta,Caja Tab.,28,10/20/2009,N19395,FARMINDUSTRIA
7750304252980,13,CINAFLOX F,,Tableta Recubierta,Tableta,Caja Tab.,60,7/19/2009,N19313,FARMINDUSTRIA
7750304252997,13,CADITAR,200mg,Tableta,Tableta,Caja Tab.,10,6/6/2010,N19673,FARMINDUSTRIA
7750304253017,13,CADITAR,200mg,Tableta,Tableta,Caja Tab.,60,6/6/2010,N19673,FARMINDUSTRIA
7750304253710,13,DESTOLIT,5%,Crema,Crema,Tubo X 30 g,1,6/5/2010,N17993,FARMINDUSTRIA
7750304253994,13,SILDENAFILO,100mg,Tableta Recubierta,Tableta,Caja Tab.,4,12/18/2011,NG3044,FARMINDUSTRIA
7750304256322,13,MARVIL,70mg,Tableta,Tableta,Caja Tab.,4,5/28/2012,E14663,FARMINDUSTRIA
7750304261487,13,CECET,200 MG,TABLETAS,TABLETAS,200 MG TAB REC X 50,1,,N-20214,FARMINDUSTRIA
7750304309417,13,BROMAZEPAM LF,3MG,TABLETA,TABLETA,CAJA,200,,NG534,FARMINDUSTRIA
7750304309639,13,DIAZEPAM,5mg,Tableta,Tableta,Caja Tab.,200,7/31/2010,NG698,FARMINDUSTRIA
7750304309967,13,ENALAPRIL,20mg,Tableta,Tableta,Caja Tab.,100,11/27/2010,NG1387,FARMINDUSTRIA
7750304311175,13,RANITIDINA,150mg,Comprimido,Tableta,Caja Comp.,100,5/22/2012,NG625,FARMINDUSTRIA
7750304311281,13,RANITIDINA,300mg,Comprimido,Tableta,Caja Comp.,100,5/26/2012,NG532,FARMINDUSTRIA
7750304320016,13,DILTIAZEM,60mg,Tableta,Tableta,Caja Tab.,20,6/24/2015,NG4689,FARMINDUSTRIA
7750304322171,13,DIBROLAX,10mg/mL,Gotas,Solucion,Fco. X 20 mL,1,10/6/2011,N10782,FARMINDUSTRIA
7750304329101,13,ASSA 81,81mg,Tableta Recubierta,Tableta,Caja Tab.,30,1/18/2014,N19150,FARMINDUSTRIA
7750304397490,13,DENORAL,3mg,Tableta,Tableta,Caja Tab.,20,6/25/2012,N20256,FARMINDUSTRIA
7750304465670,13,MOBIOT,1000000UI,Tableta Recubierta,Tableta,Caja Tab.,100,6/10/2012,N20239,FARMINDUSTRIA
7750304467254,13,DENORAL,2mg,Tableta,Tableta,Caja Tab.,20,7/2/2012,N20262,FARMINDUSTRIA
7750304501705,13,DENORAL,1mg,Tableta,Tableta,Caja Tab.,20,7/15/2012,N20275,FARMINDUSTRIA
7750304527378,13,HEMORRODIL NF,,Ungüento,Unguento,Tubo X 20 g + Aplic.,1,10/9/2012,N18833,FARMINDUSTRIA
7750304531481,13,THEOLAIR NF,60mg/5mL,Jarabe,Solucion,Fco. X 120 mL,1,5/11/2009,N19240,FARMINDUSTRIA
7750304531498,13,FLUCONAZOL,150mg,Cápsula,Capsula,Caja Cap.,2,5/31/2009,NG1023,FARMINDUSTRIA
7750304539494,13,BACTEROL BALSAMICO,200mg+40mg+75mg/5mL,Suspensión,Suspension,Fco. X 50 mL,1,12/6/2011,N18609,FARMINDUSTRIA
7750304553698,13,CEREGEN FORTE,,Solución,Solucion,Caja Fco. X 325 mL,1,7/20/2009,N19315,FARMINDUSTRIA
7750304553704,13,CEREGEN FORTE,,Solución,Solucion,Caja Fco. X 180 mL,1,7/20/2009,N19315,FARMINDUSTRIA
7750304556217,13,TETRACICLINA,500mg,Cápsula,Capsula,Caja Cap.,100,6/17/2012,NG1594,FARMINDUSTRIA
7750304556514,13,CINAFLOX,500mg,Tableta,Tableta,Caja Tab.,48,12/5/2011,N16215,FARMINDUSTRIA
7750304576765,13,TIOCTAN,25mg/5mL,Inyectable,Inyectable,Amp. X 5mL + Jer.,1,7/13/2011,N4663,FARMINDUSTRIA
7750304634977,13,BACTEROL FORTE,400mg/80mg/5ml,SULFAMETOXAZOL + TRIMETROPINA,BACTEROL FORTE,SUSP. ORAL FCO x 50ML,1,4/1/2020,EN-03407,NEUMOBIOTICS
7750304634984,13,AMBROMOX,,Polvo para Suspensión Oral,Suspension,Caja Fco. X 60 mL,1,9/8/2009,N19414,FARMINDUSTRIA
7750304641593,13,AMOXICILINA,500mg,Tableta,Tableta,Caja Tab.,100,10/5/2013,NG1796,INFARMASA
7750304644976,13,RISPERIDONA,1mg,Tableta Recubierta,Tableta,Caja Tab.,20,8/1/2015,NG2452,FARMINDUSTRIA
7750304644983,13,RISPERIDONA 2MG X 1 TAB,,,,,1,,,FARMINDUSTRIA S.A.
7750304645836,13,KETOROLACO,10mg,Tableta,Tableta,Caja Tab.,100,2/14/2012,NG3177,INFARMASA
7750304649865,13,ALBENDAZOL,200 MG,TABLETA,TABELTAS,CAJA,100,,EE-EN-02152,FARMINDUSTRIA
7750304773003,13,CECET,200mg/5mL,Suspensión,Suspension,Fco. X 60 mL,1,10/12/2012,N20022,FARMINDUSTRIA
7750304780209,13,LORAZEPAM TABX1MGX1 (FAR),,,,,1,,,FARMINDUSTRIA S.A.
7750304780216,13,LORAZEPAM,2mg,CAJA,CAJA,CJA *  20,20,8/15/2016,NG028250000,FARMINDUSTRIA
7750304780223,13,SIMVASTATINA,20mg,Tableta,Tableta,Caja Tab.,30,11/26/2011,NG3013,FARMINDUSTRIA
7750304780261,13,ZATRIX,0.5mg,Tableta,Tableta,Caja Tab.,20,3/11/2012,N20161,FARMINDUSTRIA
7750304780278,13,ZATRIX,2mg,Tableta,Tableta,Caja Tab.,20,12/27/2011,N20061,FARMINDUSTRIA
7750304782302,13,NEUTROMAX VIALx300UG,,,,,1,,,FARMINDUSTRIA S.A.
7750304783187,13,HEMAX,2000UI,Polvo Liofilizado para Solución Inyectable,Inyectable,Vial X 1 mL + Diluy.,1,3/23/2015,BE00266,FARMINDUSTRIA
7750304783293,13,HEMAX,4000UI,Polvo para Solución Inyectable,Inyectable,Vial X 1 mL + Diluy.,1,1/17/2012,BE00388,FARMINDUSTRIA
7750304801034,13,DIBROLAX,5mg,Tableta,Tableta,Caja Tab.,100,10/6/2016,N10783,FARMINDUSTRIA
7750304806602,13,ENALAPRIL,10mg,Tableta,Tableta,Caja Tab.,140,11/23/2010,NG1385,FARMINDUSTRIA
7750304806671,13,AMIODARONA,200mg,Tableta,Tableta,Caja Tab.,30,6/24/2012,NG3386,FARMINDUSTRIA
7750304806725,13,QUANTRUM,500mg,Comprimido Recubierto,Tableta,Caja Comp.,5,1/31/2012,E14339,FARMINDUSTRIA
7750304853958,13,ITRACONAZOL,100mg,Cápsula,Capsula,Caja Cap.,16,7/24/2012,EG3682,FARMINDUSTRIA
7750304858847,13,DERINOX,875mg,Tableta Recubierta,Tableta,Caja Tab.,14,6/19/2011,E18494,FARMINDUSTRIA
7750304858922,13,FLECTADOL,,Cápsula Blanda,Capsula,Caja Cap.,60,1/27/2004,E11523,PHARMALAB
7750304875165,13,DERINOX,500mg,Tableta Recubierta,Tableta,Caja Tab.,60,6/23/2011,E18524,FARMINDUSTRIA
7750304903929,13,HELPIN,50mg,Comprimido Recubierto,Tableta,Caja Comp.,2,10/29/2013,E21174,FARMINDUSTRIA
7750304953283,13,SECNIDAZOL TAB 500MG,500MG,TABLETA,TAB,CJA.,4,6/21/2018,NG-4685,FARMAINDUSTRIA
7750304953306,13,CEFALEXINA,250mg/5mL,Suspensión,Suspension,Fco. X 60 mL,1,1/12/2011,NG4833,FARMINDUSTRIA
7750304962544,13,DERINOX,250mg/5mL,Polvo para Suspensión Oral,Suspension,Caja Fco. X 60 mL,1,7/5/2012,N20269,FARMINDUSTRIA
7750304963862,13,DEXAMETASONA,0.5mg,CAJA,CAJA,CJA *  30,30,5/24/2017,NG034960000,FARMINDUSTRIA
7750304963879,13,DEXAMETASONA,1mg,Tableta,Tableta,Caja Tab.,40,11/8/2012,NG3497,FARMINDUSTRIA
7750304964043,13,FRUTENZIMA,,Cápsula,Capsula,Caja Cap.,100,4/6/2011,N12416,FARMINDUSTRIA
7750304964555,13,ADAX SUSPENSION Ped. 100mg /5ml Fco. x 120ml,100 MG/ 5 ML,FRASCO,FCO,CJA X1,1,,N-16574,FARMINDUSTRIA S.A
7750304964562,13,AIRUM-JAT,10/50/2/5,JARABE,JARABE,FRASCO,1,,N17179,PHARMALAB
7750304964579,13,BRONPAMOX 250MG+15MG/5ML SUSPENSION X60ML,250MG+15MG/5ML,SUSPENSION,SUSPENSION,FRASCO,1,,N17519,FARMINDUSTRIA
7750304964586,13,BRONPAX,7.5/1,GOTAS,GOTAS,FRASCO,1,,N16980,PHARMALAB
7750304964593,13,BRONPAX,15MG/5ML,FRASCO,JARABE,Simple 15mg /5ml Jbe. x 120ml,,,N-17001,(Ver FARMINDUSTRIA)
7750304964609,13,BRONPAX FORTE 30MG/5ML JARABE FRAX120ML,30 MG/5ML,JARABE,JARABE,FRASCO,1,,EN03453,FARMINDUSTRIA
7750304964616,13,DOLO-QUIMAGESICO FLEX,,Solución para Inyección,Inyectable,Caja Amp.,1,1/27/2011,N22289,FARMINDUSTRIA
7750304964647,13,TIBEX,1.5mg,Comprimido Recubierto,Tableta,Caja Comp.,1,1/11/2011,E18037,FARMINDUSTRIA
7750304964678,13,RINOMEX,,Jarabe,Solucion,Caja Fco. X 120 mL,1,11/28/2010,N18246,FARMINDUSTRIA
7750304964685,13,TENSODOX COMX5MGX1,,,,,1,,,PHARMALAB S.A.
7750304964715,13,AMBROXOL,30mg/5mL,Jarabe,Solucion,Caja Fco. X 120 mL,1,12/3/2012,NG3528,FARMINDUSTRIA
7750304986076,13,HYDERTAN,20mg,Comprimido,Tableta,Caja Comp.,15,10/27/2010,E13318,FARMINDUSTRIA
7750304987189,13,LACTULOSA,3.33g/5mL,Solución Oral,Solucion,Fco. X 100 mL,1,1/24/2013,NG3623,FARMINDUSTRIA
7750304987196,13,LACTULOSA,3.33g/5mL,Solución Oral,Solucion,Fco. X 200 mL,1,1/24/2013,NG3623,FARMINDUSTRIA
7750304995016,13,DEXAFAR TAB 4MG X 1,,,,,1,,,FARMINDUSTRIA S.A.
7750307000038,13,GELOFUSINE,,SOLUCION,SOLUCION,CAJA,10,,E10456,B BRAUN
7750307000175,13,TRACUTIL,,AMPOLLA,AMPOLLA,CAJA,5,,E11310,B BRAUN
7750307000311,13,CLORURO DE SODIO,0.9%,FRASCO,FCO,CAJA,24,2/28/2020,NG2775,B BRAUN
7750307000328,13,DEXTROSA SOL  5%  100ML,0.05,FRASCO,FCO,FRASCO,1,,EN03059,B BRAUN
7750307000465,13,CLOR SODIO 0.9% AD X 1000 ML,0.9g,FRASCO  TAPA EURO,FCO.,Frasco,1,5/7/2021,EN02524,B. BRAUN MEDICAL PERU S.A.
7750307000472,13,DEXTROSA,0.05,SOLUCION INYECTABLE,SOL.,FRASCO x  500mL.,1,,NG-2866,B. BRAUN MEDICAL PERU S.A.
7750307000489,13,DEXTROSA 1 LT,5%,SOLUCION INYECTABLE,SOL. INY.,CAJA X 12 SOLUCIONES,12,,NG-2866,BRAUN
7750307000502,13,CLORURO DE SODIO,0.009,SOLUCION,SOLUCION,FRASCO,1,,NG-2775,BBRAUN
7750307000519,13,DEXTROSA-5% X 250ML,5G,FRASCO PEB,FRASCO,FCO. 250 ML,1,,NG-2866,B.BRAUN MEDICAL
7750307000564,13,DEXTROSA SOL 10% 1000ML,10%,FRASCO,SOL,CAJA,12,11/7/2019,EN03026,B BRAUN
7750307000571,13,AGUA PARA INYECCION,,SOLUCION,SOLUCION,CAJA,12,,EN00061,B BRAUN
7750307000908,13,FRUTTIPED FRESA X 500 ML (BRA),,Solucion,Solucion,Frasco,1,,P-1501512,BRAUN
7750307001172,13,SUERO FISIOLOGICO,0.009,SOLUCION INYECTABLE,SOLUCION INYECTABLE,FRASCO,1,,EN02524,BRAUN LABORATORIES LTD
7750307001219,13,DEXTROSA 5% X 250 ML (BBRAUN),"5,00%",FRASCO,FCO,CJA X 1,1,6/20/2021,EN03059,B. BRAUN MEDICAL PERU S.A.
7750307001240,13,DEXTROSA 5% X 500 ML (BBRAUN),"5,00%",FRASCO,FCO,CJA X 1,1,6/20/2021,EN03059,B. BRAUN MEDICAL PERU S.A.
7750307001271,13,DEXTROSA 5% FCO X 1 LT (BBRAUN),"5,00%",FRASCO,FCO,CJA X 1,1,6/20/2021,EN03059,B. BRAUN MEDICAL PERU S.A.
7750307002131,13,SOLUCION POLIELECTROLITICA,,SOLUCION INYECTABLE,SOLUCION INYECTABLE,CAJA X 12 UNIDADES,12,,EN03861,B. BRAUN MEDICAL PERU S.A.
775030700489,13,DEXTROSA 5% X 1000 ML ECOFLAC,0.05,FRASCO,FCO,FCO,1,,EN-03059,B.BRAUN
7750307066300,13,FRUTTIFLEX 50 SABOR A FRESA,,Solución,Solucion,Fco. X 1 L,1,3/25/2013,N14927,B.BRAUN
7750307066317,13,FRUTTIFLEX 50 - SABOR A MANZANILLA,,Solución Oral,Solucion,Fco. X 1 L,1,12/29/2013,N19108,B.BRAUN
7750307066324,13,FRUTTIFLEX 50,,Solución Oral,Solucion,Env. X 1 L,1,1/27/2014,N19158,B.BRAUN
7750307066331,13,FRUTTIFLEX 50 - SABOR A TUTTI FRUTTI,,Solución Oral,Solucion,Fco. X 1 L,1,12/22/2013,N19103,B.BRAUN
7750307086513,13,CLORURO DE SODIO,0.90%,Solución para Inyección,Inyectable,Env. X 1 L,1,5/7/2011,NG2775,B.BRAUN
7750307086520,13,DEXTROSA,5%,Solución para Inyección,Inyectable,Env. Ecoflac X 500 mL,1,6/20/2011,NG2866,B.BRAUN
7750307153963,13,AMINOPLASMAL,10%,SOLUCION,SOLUCION,FRASCO,1,,E6195,B BRAUN
7750307727454,13,SUERO FISIOLOGICO PVC 9 %,0.009,SOLUCION,SOLUCION,FRASCO X 100 ML,1,,N316900,MEDIFARMA
77503954,13,GRAVOL,50 MG/1ML,CAJA,INYECTABLE,50MG/1ML INY. CJ. AMP. X 3,1,,EN-00821,MEDIFARMA S.A.
77503961,13,GRAVOL GOTAS X 10 ML,,,,,1,,,MEDIFARMA S.A.
7750440000018,13,MUCOVAL S,7.5mg+2mg/5mL,Jarabe,Solucion,Fco. X 120 mL,1,7/16/2012,N20278,INFERMED
7750440000131,13,ATOVAR,20mg,Tableta Recubierta,Tableta,Caja Tab.,10,6/16/2010,N21825,INFERMED
7750440000148,13,DOXCIL,500mg,Cápsula,Capsula,Caja Cap.,100,5/30/2010,N21799,INFERMED
7750440000155,13,APTEN,60mg/2mL,Solución para Inyección,Inyectable,Caja Amp. X 2 mL,1,5/31/2012,N20232,INFERMED
7750465006477,13,CETIRIZINA 10MG CJA X 100 (PERUFARMA),10 MG,TABLETA,TAB,CAJA X 100,100,,EN05578,PERUFARMA
7750465006873,13,NAPROXENO SODIGO 550MG CJA X100,550MG,TABLETA,TAB,CAJA X 100,1,,EN-05986,PERUFARMA
7750465006897,13,FLUCONAZOL 150MG CAP X 2,150 MG,CAPSULAS,CAP,FCO,2,,EN-06021,PERUFARMA S.A
7750465006958,13,SILDENAFILO 50 MG TAB CJA X 10 (PERUFARMA),50 MG,TABLETA,TAB,CJA X 10,10,4/5/2023,EN06038,PERUFARMA S.A.
7750465007610,13,AZITROMICINA 500MG TAB CJA X10 (PERUFARMA),500 MG,TABLETA,TAB,CJA X 10,10,11/30/2023,EN06511,PERUFARMA S.A.
7750475000465,13,SINACHIS,,Tableta Recubierta,Tableta,Caja Tab.,120,8/14/2012,N23746,CONTINENTAL
7750475730973,13,MENTHOLAIR,2.70%,Ungüento,Unguento,Caja Lata X 5 g,24,4/26/2010,N19629,QUALICONT
7750500000095,13,EPINEFRINA,0.10%,Solución para Inyección,Inyectable,Amp.,100,1/14/2009,NG4197,DANY
7750500000309,13,BETAMETASONA,4MG/1 ML,SOLUCION INY.,SOL. INY.,CAJA X 25 AMPOLLAS,25,,NG-5017,DANY
7750500000347,13,AMPICILINA,1 g,Polvo para Solución Inyectable,INYECTABLE,Caja Vial,25,12/15/2021,EE04366,DANY
7750500000361,13,CEFTRIAX,1 G.,INYECTABLE,INYECTABLE,VIAL,25,,EE-04433,DANY
7750500000378,13,DIMENHIDRINATO 50MG/5ML CAJA X 1,,,,,1,,,SIN LABORATORIO
7750500000385,13,DICLOFENACO,75 mg/3 mL,SOLUCION INYECTABLE,INYECTABLE,AMPOLLA x 3 mL,100,12/23/2023,EN03791,DANY
7750500000408,13,AMIKACINA,500mg/2mL,Solución para Inyección,Inyectable,Amp. X 2 mL,100,11/6/2013,NG4089,DANY
7750500000453,13,SULFATO DE MAGNESIO,2g,Ampolla,Ampolla,Caja Amp X 10 ml,25,,NG5214,LABORATORIOS UNIDOS S.A
7750500000460,13,GLUCONATO CALCIO LUSA,10%,AMPOLLA,AMPOLLA,CAJA,25,,NG5215,LUSA
7750500000491,13,OXITOCINA LUSA,10UI,AMPOLLA,AMPOLLA,CAJA,100,,NG5316,LUSA
7750500000507,13,PIRIDOXINA LUSA,300MG,AMPOLLA,AMPOLLA,CAJA,100,,NG5323,LUSA
7750500000545,13,ORFENADRINA CITRATO 60MG/2ML  X 1 AMP,,,,,1,,,CECI FARMA
7750500000569,13,FENITOINA LUSA,100MG,AMPOLLA,AMPOLLA,CAJA,25,,NG5376,LUSA
7750500000651,13,ONDANSETRON LUSA,8MG,AMPOLLA,AMPOLLA,CAJA,25,,NG5211,LUSA
7750500000699,13,CEFOTAXIMA 500 MG,500 mg,Polvo para solucion inyectable,Inyectable,Caja vial,1,,EG-5255,DANY
7750500000705,13,PENICILINA G,1 MILLON,INYECTABLE,INYECTABLE,CAJA,100,,EG-5257,DANY
7750500000712,13,BENCILPENICILINA,1MUI,INYECTABLE,INYECTABLE,FRASCO,25,,EG-5344,DANY
7750500000774,13,AMPICILINA+SULBACTAM 1/0.5G,1/0.5 G,SoluciÃ³n para inyecciÃ³n,Inyectable,Caja Vial,1,9/1/2020,EE00622,DANY
7750500000798,13,BUPIVACAINA 0.5%  X 20ML X 5 AMP (LUSA),"0,50%",AMPOLLA,AMP,CJA X 5,5,11/20/2021,EN03198,LABORATORIOS UNIDOS S.A.
7750500000842,13,CEFOTAXIMA,1GR,AMPOLLA,AMP.,AMPOLLA,1,1/8/2017,EG-6417,VITALIS
7750500000859,13,MEROPENEM,1 G,AMPOLLA,AMP,POLVO PARA SOLUCION INYECTABLE,1,6/20/2017,EG6445,DISTRIBUIDORA DANY S.R.LTDA. 
7750500000873,13,FENITOINA SODICA 100MG /2ML X 1,,,,,1,,,LABORATORIOS UNIDOS S.A.
7750500000880,13,KETOROLACO 60 MG AMP X 25.,60MG/2ML,AMPOLLA,AMPOLLA,CAJ X 25,1,,NG-5142,GENFAR
7750500000897,13,ESCOPOLAMINA N-BUTILBROMURO 20MG/ML,,SOLUCION INYECTABLE,SOLUCION INYECTABLE,CAJA X 25 UNIDADES,,,EN03961,LABORATORIOS UNIDOS S.A. (LUSA)
7750500000903,13,PIRIDOXINA LUSA,300MG,AMPOLLA,AMPOLLA,CAJA,25,,NG5323,LUSA
7750500000910,13,KETOROLACO 30 MG/ML,30 mg,Solucion Inyectable,Inyectable,Caja x 25 unidades,,,NG5297,DANY
7750500001061,13,CEFTAZIDIMA DANY VIA 1G,1g,VIAL,VIA,CAJA,10,,EE04652,DISTRIBUIDORA DANY
7750514000012,13,AB BRONPAMOX,300mg,Polvo para Solución Inyectable,Inyectable,Vial,1,2/6/2013,N20542,FARMINDUSTRIA
7750514000036,13,AB BRONPAMOX,1.2g,Polvo para Suspensión Inyectable,Inyectable,Caja Vial,1,2/5/2013,N20540,FARMINDUSTRIA
7750514000067,13,NETAF,10mg,Comprimido,Tableta,Caja Comp.,100,7/11/2013,N18944,FARMINDUSTRIA
7750514000111,13,PAROXET,40mg,Comprimido,Tableta,Caja Comp.,30,7/15/2013,E20844,FARMINDUSTRIA
7750514000159,13,RINOMEX,,Cápsula,Capsula,Caja Cap.,50,12/14/2003,N17046,PHARMALAB
7750514000173,13,NEOGASOL,80mg,Tableta Masticable,Tableta,Caja Tab.,30,11/28/2012,N20395,FARMINDUSTRIA
7750514000197,13,CEFABAC,500mg,Tableta,Tableta,Caja Tab.,10,11/8/2012,N20360,FARMINDUSTRIA
7750514000227,13,NEOGASOL SABOR FRESA,80mg/mL,Gotas,Solucion,Fco. Got. X 15 mL,1,12/18/2012,N20428,FARMINDUSTRIA
7750514000234,13,CONGESTEX,,Tableta Recubierta,Tableta,Caja Tab.,100,4/9/2013,N20620,FARMINDUSTRIA
7750514000241,13,BETACAR,12.5mg,Comprimido,Tableta,Caja Comp.,30,7/24/2013,E15732,FARMINDUSTRIA
7750514000258,13,BETACAR,25mg,Comprimido,Tableta,Caja Comp.,30,12/30/2012,E15105,FARMINDUSTRIA
7750514000302,13,DOLNIX SL,10mg,Comprimido,Tableta,Caja Comp.,10,3/15/2012,N20167,FARMINDUSTRIA
7750514000326,13,MICORAL,100mg,Cápsula,Capsula,Caja Cap.,16,7/10/2010,E13034,FARMINDUSTRIA
7750514000388,13,ZETIX,10mg,Comprimido Recubierto,Tableta,Caja Comp.,10,4/1/2013,N20610,FARMINDUSTRIA
7750514000449,13,TERFEX,250mg,Comprimido,Tableta,Caja Comp.,10,8/24/2013,E11093,FARMINDUSTRIA
7750514000500,13,PLEREN PLUS,,Tableta,Tableta,Caja Tab.,50,5/21/2010,N21527,FARMINDUSTRIA
7750514000708,13,AMLOC,5mg,Comprimido,Tableta,Caja Comp.,20,3/20/2013,N20594,FARMINDUSTRIA
7750514000739,13,ADAX,400mg,Tableta Recubierta,Tableta,Caja Tab.,60,1/16/2013,N20491,FARMINDUSTRIA
7750514000746,13,ADAX,600mg,Tableta Recubierta,Tableta,Caja Tab.,60,12/20/2012,N20437,FARMINDUSTRIA
7750514000753,13,ORAZOL,20mg,Cápsula,Capsula,Caja Cap.,12,1/7/2013,N16603,FARMINDUSTRIA
7750514000821,13,ADAX FLU,100mg+15mg/5mL,Jarabe,Solucion,Fco. X 60 mL,1,3/17/2010,N21643,FARMINDUSTRIA
7750514001002,13,ADAX,100mg/5mL,Suspensión,Suspension,Fco. X 60 mL,1,12/17/2012,N16574,FARMINDUSTRIA
7750514001019,13,ZETIX D,,Cápsula,Capsula,Caja Cap.,50,11/10/2013,E15980,FARMINDUSTRIA
7750514001033,13,TIBEX,0.75mg,Comprimido Recubierto,Tableta,Caja Comp.,2,7/21/2009,E16627,FARMINDUSTRIA
7750514001040,13,GLIBEMET,500mg+2.5mg,Tableta,Tableta,Caja Tab.,30,7/16/2013,N20753,FARMINDUSTRIA
7750514001057,13,GLIBEMET,500mg+5mg,Tableta,Tableta,Caja Tab.,30,6/25/2013,N20716,FARMINDUSTRIA
7750514001217,13,ADAX FLU,200mg+30mg,Tableta Recubierta,Tableta,Caja Tab.,60,8/23/2009,N21367,FARMINDUSTRIA
7750514001255,13,PLEREN,60mg/2mL,Inyectable,Inyectable,Amp. X 2 mL,1,12/13/2012,E20075,FARMINDUSTRIA
7750514001354,13,BIVADIN,10mg,Comprimido,Tableta,Caja Comp.,20,9/20/2009,E16767,FARMINDUSTRIA
7750514001446,13,DIAGLINEX M,500mg+4mg,Tableta Recubierta,Tableta,Caja Tab.,20,6/23/2010,N21837,FARMINDUSTRIA
7750514001453,13,DIAGLINEX M,500mg+2mg,Tableta Recubierta,Tableta,Caja Tab.,20,7/22/2010,N21876,FARMINDUSTRIA
7750514001477,13,NOVISER,150mg,Comprimido,Tableta,Caja Comp.,10,7/18/2010,E17505,FARMINDUSTRIA
7750514330058,13,ARTIX,200mg,Comprimido Recubierto,Tableta,Caja Tab.,50,4/16/2011,N19910,FARMINDUSTRIA
7750514622351,13,CIFLOXIN,500mg,Comprimido,Tableta,Caja Comp.,60,12/17/2012,N16571,FARMINDUSTRIA
7750514858934,13,MIZONASE,,Ovulo,Ovulo,Caja Ov.,60,3/19/2014,E16339,FARMINDUSTRIA
7750514858958,13,FUNZAL,150mg,Cápsula,Capsula,Caja Cap.,1,6/5/2010,N17992,FARMINDUSTRIA
7750514964543,13,ZIX,,Comprimido,Tableta,Caja Comp.,90,6/15/2011,N22625,FARMINDUSTRIA
7750514964550,13,ADAX,100mg/5mL,Suspensión,Suspension,Fco. X 120 mL,1,12/17/2012,N16574,FARMINDUSTRIA
7750514964567,13,AIRUM JAT,2mg+10mg+30mg,Jarabe,Solucion,Caja Fco. X 120 mL,1,12/30/2013,N17179,FARMINDUSTRIA
7750514964574,13,BRONPAMOX,250mg+15mg/5mL,Suspensión Oral,Suspension,Fco. X 60 mL,1,7/12/2009,N17519,FARMINDUSTRIA
7750514964581,13,BRONPAX,7.5mg/mL,Gotas,Solucion,Fco. X 20 mL,1,10/8/2013,N16980,FARMINDUSTRIA
7750514964604,13,BRONPAX,30mg/5mL,Jarabe,Solucion,Fco. X 120 mL,1,12/29/2013,E21363,FARMINDUSTRIA
7750514994991,13,DEXAFAR,0.5mg,Tableta,Tableta,Caja Tab.,30,10/18/2012,N20343,FARMINDUSTRIA
7750514995004,13,DEXAFAR,1mg,Tableta,Tableta,Caja Tab.,30,9/13/2012,N20315,FARMINDUSTRIA
7750514995011,13,DEXAFAR,4mg,Tableta,Tableta,Caja Tab.,10,10/15/2012,N20339,FARMINDUSTRIA
77505316,13,RIGAMINOL AMPx80MGx2ML,,,,,1,,,MEDIFARMA S.A.
77505330,13,AMOXICILINA 250MG/5ML SUSPENSION FRAX60ML,250MG/5ML,SUSPENSION,SUSPENSION,FRASCO,1,,EN01013,IQFARMA
77505354,13,DICLOXACILINA SUSPX250MGX60ML (IQ),,,,,1,,,INSTITUTO QUIMIOTERAPICO S.A.
7750548296757,13,ATIDEM,20mg,Cápsula,Capsula,Caja Cap.,10,7/5/2009,E11982,ABEEFE BRISTOL
7750548296894,13,BUCODRIN,0.15%,Colutorio (Gargarismos),Solucion Bucal,Fco. X 120 mL,1,5/25/2009,E11848,ABEEFE BRISTOL
7750548297457,13,DOLOCORDRALAN EXTRA 25,25mg+500mg,Tableta Recubierta,Tableta,Caja Tab.,20,3/16/2010,E12720,ABEEFE BRISTOL
7750548297686,13,HANALGEZE,30mg/mL,Inyectable,Inyectable,Amp. X 1 mL,2,5/2/2012,E14596,ABEEFE BRISTOL
7750548297716,13,HANALGEZE,10mg,Tableta,Tableta,Caja Tab.,50,10/18/2009,E12243,ABEEFE BRISTOL
7750548297877,13,NOTIL,,Crema,Crema,Tubo X 10 g,1,10/18/2009,E12239,ABEEFE BRISTOL
7750548298157,13,SULFANIL NF,,Ungüento,Unguento,Tubo X 15 g,1,6/9/2009,E11904,ABEEFE BRISTOL
7750548298300,13,VELAMOX,500mg/5mL,Suspensión,Suspension,Fco. X 60 mL,1,8/5/2009,E12050,ABEEFE BRISTOL
7750548298317,13,VELAMOX,125mg/5mL,Suspensión,Suspension,Fco. X 60 mL,1,8/2/2014,E12037,ABEEFE BRISTOL
7750548725431,13,HYDREA,500mg,Cápsula,Capsula,Caja Cap.,100,2/5/2009,E11566,ABEEFE BRISTOL
7750548756329,13,DOLOCORDRALAN EXTRA FORTE,,Tableta Recubierta,Tableta,Caja Tab.,200,3/14/2010,E12708,ABEEFE BRISTOL
77505750,13,RAQUIFEROL,600 000ui,AMPOLLA,AMPOLLA,AMP *   1,1,1/16/2015,N0003150001,MEDIFARMA
7750577000011,13,BENALGIN 1000,,Solución para Inyección,Inyectable,Caja Amp. X 2 mL + Jer.,1,9/25/2010,N19779,LUSA
7750577000028,13,DEXTROSA 33 % (DEXTROLUSA),0.333,Solución para Inyección,Inyectable,Amp x 25 x 20 ml,1,,N-58700,LUSA
7750577000080,13,IBUPROFENO 100 MG/5 ML,100 MG x 5 ML,Frasco,Frasco,100 mg x 5 ml,1,,NG3526,LABORATORIOS UNIDOS S.A.
7750577000141,13,GENTAGRAM,80mg,Solución para Inyección,Inyectable,Amp. X 2 mL,1,11/18/2013,N19074,LUSA
7750577000165,13,GENTAGRAM,160mg,Solución para Inyección,Inyectable,Amp. X 2 mL,1,1/23/2014,N25503,LUSA
7750577000172,13,WARFARINA,5mg,Tableta,Tableta,Caja Tab.,100,9/15/2012,NG442,LUSA
7750577000189,13,WARFARINA,5mg,Tableta,Tableta,Caja Tab.,24,9/15/2012,NG442,LUSA
7750577000202,13,FLAVISTON D CAPS CJA X 144,144,TABLETA,TAB,TAB,144,,N-20528,LABORATORIOS UNIDOS SA
7750577000219,13,LUSADEINA FORTE,,Cápsula,Capsula,Caja Cap.,12,1/9/2013,N20471,LUSA
7750577000288,13,GENTAMICINA,160MG/2ML,SOLUCION INYECTABLE,SOL. INY.,CAJA X 25 AMPOLLAS,25,,NG-4164,LUSA
7750577000301,13,CLORURO DE POTASIO 14.9% AMPOLLA (LUS),1.49 G/10 ML,AMPOLLA,AMP,CAJA X 25,25,,NG-665,LUSA
7750577000325,13,DEXAMETASONA,4 MG/2 ML.,INYECTABLE,INYECTABLE,AMP.X 2 ML.,25,,NG-3692,LUSA
7750577000363,13,AMOXIPEN,500mg,Cápsula,Capsula,Caja Cap.,100,10/9/2013,N20876,LUSA
7750577000387,13,BICARBONATO DE SODIO,8.4% X 20 ML,AMPOLLA,AMPOLLA,CAJ X25,1,,NG-3633,LUSA
7750577000417,13,SUERO,0.009,CAJA,CAJA,CJA *  25,25,5/11/2017,N0123410002,LUSA
7750577000509,13,AGUA ESTERIL 5ML FCO INY CJA X 100 (DANY),5 ML,AMPOLLA,AMP,CJA X 100,100,10/29/2023,EE06501,DISTRIBUIDORA DANY SR LTDA
7750577000622,13,LIDOCAINA/EPINEFRI2% AMPx20ML*,0.02,ampolla,frasco,,1,,,SANDERSON
7750577000646,13,LACTATO RINGER LUSA AMP 10ML,,SOLUCION,SOLUCION,CAJA,25,,NG3616,LUSA
7750577000653,13,KALIUM,0.2,AMPOLLA,AMP,CAJ X25 AMP X10ML,1,1/5/2016,N-264,LUSA
7750577000691,13,CODILUSA,60 mg/2 mL,Solución Inyectable,INYECTABLE,Caja Ampolla x 2 mL,25,11/15/2014,N21444,LUSA
7750577000875,13,NISONA,5mg/5mL,Suspensión,Suspension,Fco. X 100 mL + Fco. Dosif.,1,10/14/2010,N22037,LUSA
7750577000967,13,BROMEXILINA 250MG/5ML JBE X 100ML,250 MG/5 ML,FRASCO,FCO,CJA X 1,1,11/11/2018,EN04249,LABORATORIOS UNIDOS S.A.
7750577000974,13,D'VENTIL,2.5mg/5mL,Jarabe,Solucion,Fco. X 60 mL,1,8/19/2010,N21916,LUSA
7750577000998,13,LUSAFITIL,,Solución Tópica,Solucion,Fco. X 20 mL,1,1/11/2011,N22262,LUSA
7750577001032,13,SUERO FISIOLOGICO,,AMPOLLA,AMPOLLA,CAJA,25,,NG810,LUSA
7750577001148,13,NISONA,10mg/5mL,Suspensión,Suspension,Fco. X 60 mL,1,7/4/2011,N22666,LUSA
7750577001230,13,LIDOCAINA C/EPIN,0.02,AMPOLLA,AMPOLLA,C/EPIN 2% AMP,1,,NG-5285,LAB. UNIDOS
7750577001254,13,CEBRUM 500MG AMP X 1,,,,,1,,,LABORATORIOS UNIDOS S.A.
7750577001278,13,CEBRUM 500MG CAJA TAB. X 1,,,,,1,,,LABORATORIOS UNIDOS S.A.
7750577001308,13,DOLO BENALGIN,,Solución para Inyección,Inyectable,Caja Amp.I X 1 mL + Amp. II x 2 mL,1,6/18/2012,N23586,LUSA
7750577001322,13,ELECTROLUSA SABOR A FRESA,,Solución,Solucion,Fco. X 1 L,1,11/9/2012,N24033,LUSA
7750577001339,13,ELECTROLUSA PEDIATRICO SABOR A FRESA,,Solución,Solucion,Fco. X 1 L,1,11/9/2012,N24026,LUSA
7750577001353,13,REMUS,250/50mg,CAJA,CAJA,CJA *  60,60,2/13/2015,N0237920000,LUSA
7750577001384,13,AMIKAGRAM,500mg/2mL,Solución para Inyección,Inyectable,Caja Amp. X 2 mL + Jer.,1,9/21/2012,N23864,LUSA
7750577001414,13,CLORURO DE SODIO 9%X10MLx25,9%,SOLUCION INYECTABLE,SOLUCION INYECTABLE,CAJA X25,25,,EN -01112,LABORATORIOS UNIDOS S.A.
7750577001469,13,AMIKAGRAM,1g/4mL,Solución para Inyección,Inyectable,Caja Amp. X 4 mL + Jer.,1,5/9/2013,N24606,LUSA
7750577001476,13,NEO-BB GOTAS FC X 15 ML,,,,,1,,,LABORATORIOS UNIDOS S.A.
7750577001520,13,FENOBARBITAL 200MG/2ML INY CJA X 1 (LUSA),200 MG/2 ML,AMPOLLA,AMP,CJA X 1,1,8/18/2020,EN01679,LABORATORIOS UNIDOS S.A.
7750577001582,13,LACTULOSA,3.3G/5ML,JBE,JBE,FRASCO X 120 ML,,,EN02240,LABORATORIOS UNIDOS
7750577001827,13,FENOBARBITAL 100 MG TAB CJA X 100 (LUSA),100 MG,TABLETA,TAB,CJA X 100,100,12/13/2022,NG1555,LABORATORIOS UNIDOS S.A.
7750577001933,13,FENOBARBITAL LUSA AMP 200MG 2ML,200MG,AMPOLLA,AMP,AMP,1,8/15/2019,NG4732,LUSA
7750577001988,13,CICLOSTERONA FUERTE,50mg /ml,ampolla,ampolla,Caja Amp. x 1 + Jer. Descart,1,8/1/2020,EN-03273,LUSA
7750577002091,13,DEXA BENALGIN 5000 INY CJA X 2 AMP 1ML Y 20ML,5000 MG,AMPOLLA,AMP,CJA X 2,2,12/1/2011,N23060,LABORATORIOS UNIDOS S.A.
7750577002169,13,HIDROXOCOBALAMINA 1MG X 1ML X 25AMP,1 MG/1 ML,AMPOLLA,AMP,CJA X 25,25,,EN-04920,LABORATORIOS UNIDOS S.A
7750577069964,13,RHINO-DAZOL,15 ML,FRASCO,GOTAS,Fco. Got. x 15ml,,8/24/2021,EN-04381,Laboratorios Unidos S.A.
7750577079918,13,FENOBARBITAL,100mg,Tableta,Tableta,Caja Tab.,120,12/13/2012,NG1555,LUSA
7750577305543,13,CICLOSTERONA FORTE,50mg/mL,Solución para Inyección,Inyectable,Amp. X 1mL + Jer.,1,1/8/2011,N18293,LUSA
7750577317935,13,DESHIDRAL,0.2,Solución para Inyección,Inyectable,Amp. X 20 mL,25,8/28/2011,N14629,LUSA
7750577417659,13,OFTALMICINA,,Solución Oftálmica,Solucion Oftalmica,Fco. X 10 mL,1,12/4/2011,N20048,LUSA
7750577464851,13,SALIVAL FRASCO X 60 ML,,SOLUCION,frasco,,1,,,LUSA
7750577464868,13,NASOLIN GOT. FRASCO X 10ML,0.009,,GOTAS,GOTAS,1,,EN-01572,LUSA
7750577464875,13,NISONA,50mg,Tableta,Tableta,Caja Tab.,12,5/29/2010,N15090,LUSA
7750577464882,13,PROPOFOL 10MG X20 ML X 5AMP,10mg,TABLETAS,caja,caja,5,,,sanderson
7750577464899,13,NISONA,20mg,Tableta,Tableta,Caja Tab.,12,1/12/2010,N17772,LUSA
7750577464905,13,NISONA,5mg,Tableta,Tableta,Caja Tab.,120,9/26/2011,N1586,LUSA
7750577464912,13,NISONA,5mg,Tableta,Tableta,Caja Tab.,24,9/26/2011,N1586,LUSA
7750577785727,13,LIDOCAINA,2%,Solución para Inyección,Inyectable,Amp. X 20 mL,1,12/14/2010,NG0037,LUSA
7750577785734,13,LIDOCAINA,2%,Solución Inyectable,INYECTABLE,Caja Vial x 20 mL,25,3/7/2020,EN00901,LUSA
7750577785741,13,LIDOCAINA JALEA,2% X 30 ML,LIDOCAINA,LIDOCAINA,CREMA,1,1/7/2016,NG-6397,DANY
775057785734,13,LIDOCAINA S.E.S.P.,2%,S.E S.P,S.E S.P,CAJA X 25 AMPOLLAS,25,,NG-1206,LUSA
77505842,13,MUPIROCINA 2% UNGUENTO TUBO X 15 G,2%,UNGÜENTO,UNGÜENTO,TUBO,1,,EN02999,IQFARMA
77505934,13,RIGAMINOL AMPx160MGx2ML,,,,,1,,,MEDIFARMA S.A.
7750597000015,13,AK DILATE,2.50%,Gotas,Solucion,Fco. Got. X 15 mL,1,8/20/2014,N26055,MEDIFARMA
7750597000046,13,AK TROL,,Gotas,Solucion,Fco. Got. X 5 mL,1,12/22/2014,N26653,ESPECT
7750597000206,13,AKWAGEL AK,1%,Solución Oftálmica,Solucion Oftalmica,Fco. X 15 mL,1,1/26/2011,N22283,ESPECT
7750597000213,13,AKWA R,0.30%,Solución Oftálmica,Solucion Oftalmica,Fco. Got. X 15 mL,1,9/23/2014,N26268,MEDIFARMA
7750597000244,13,CIPROXXAK,,Ungüento,Unguento,Tubo X 3.5 g,1,6/1/2012,N23540,MEDIFARMA
7750597000312,13,AK NEFRIN,0.12%,Solución Oftálmica,Solucion Oftalmica,Fco. Got. X 15 mL,1,9/1/2014,N26127,MEDIFARMA
77505989,13,CARBATROL FCO 100MG/5GM X 100ML,,,,,1,,,INSTITUTO QUIMIOTERAPICO S.A.
77506078,13,AMOXICLIN,500/5,FRASCO,FRASCO,FCO *   1,1,7/31/2014,N0193000002,SIEGFRIED
77506207,13,CETRIXIN,5/5 60 ML,JARABE,FCO,UNIDAD,1,9/30/2019,EN-02344,SIEGFRIED
7750625000161,13,EXUNA,,Solución para Inyección,Inyectable,Caja Amp. + Jer.,1,3/23/2013,N16683,FAVRVET
77506252,13,ERYTROM FCO 250MG X 60ML,,,,,1,,,INSTITUTO QUIMIOTERAPICO S.A.
7750625385220,13,DIMENS,,Jarabe,Solucion,Disp. X 60 Monodosis,60,1/29/2012,N20096,FAVRVET
7750625497756,13,FINUL,50mg,Tableta,Tableta,Caja Tab.,100,12/18/2014,N19481,FAVRVET
7750625497770,13,DEXAVET,0.5mg,Tableta,Tableta,Caja Tab.,30,7/23/2012,N16425,FAVRVET
7750625867603,13,ENTEROPHAR FORTE,,Suspensión,Suspension,Disp. X 60 Monodosis,60,7/5/2010,N19696,FAVRVET
7750625867610,13,ENTEROPHAR FORTE,5ML,SUSPENSION ORAL,VIA,CJA,60,7/5/2020,EN-01752,FARMET
77506283,13,SALBUTAMOL 2MG/ML SOL FRASCO X 15ML,2MG/ML,SOLUCION ORAL,SOLUCION ORAL,FRASCO,1,,EN01153,IQFARMA
7750629001126,13,EFECTIMES,,Solución para Inyección,Inyectable,Amp. X 1mL + Jer. X 3 mL,1,9/7/2012,N23820,APOYO A PROGRAMAS DE POBLACION
77506375,13,HALOPERIDOL 2MG/ML GOTAS FRAX20ML,2 MG/ML,GOTAS,GOTAS,FRASCO,1,,EN01767,IQFARMA
7750642530013,13,PROPANOLOL 40 MG TABL,40mg,Tableta,Tableta,Caja Tab.,,,NG-001486,QUALIPHARM
77506429,13,MEDICORTIL,0.1%/1%,FRASCO,FRASCO,FCO *   1,1,6/22/2015,N0193910001,MEDIFARMA
77506436,13,AMOXICLIN FCOx125MGx60ML,,,,,1,,,SIEGFRIED S.A.
77506467,13,NOTIZOL CREx10GR,,,,,1,,,INSTITUTO QUIMIOTERAPICO S.A.
7750658000015,13,CONTRADOL FORTE,,Tableta Recubierta,Tableta,Caja Tab.,100,1/15/2012,N23173,LA VICTORIA
7750658000022,13,FLAZOL,,Ovulo,Ovulo,Caja Ov.,8,2/9/2012,N23245,LA VICTORIA
7750658000039,13,ALENDAZOL,100mg/5mL,Suspensión,Suspension,Fco. X 20 mL,2,1/17/2012,N23183,LA VICTORIA
7750658000091,13,XINTUS DILAT,,Solución,Solucion,Fco. X 15 mL,1,6/8/2012,N23562,LA VICTORIA
7750658000107,13,XINTUS DILAT JBE,,Jarabe,Solucion,Fco. X 120 mL,1,6/27/2012,N23596,LA VICTORIA
7750658000121,13,AMLODIPINO,10mg,Tableta,Tableta,Caja Tab.,10,6/21/2012,EG5394,LA VICTORIA
7750658000138,13,AMLODIPINO,5mg,Tableta,Tableta,Caja Tab.,10,6/22/2012,EG5399,LA VICTORIA
7750658000152,13,DILTIAZEM,60mg,Tableta,Tableta,Caja Tab.,20,7/18/2012,EG5441,LA VICTORIA
7750658000169,13,ENALAPRIL,20mg,Tableta,Tableta,Caja Tab.,20,7/18/2012,EG5438,LA VICTORIA
7750658000176,13,ALENDROX,70mg,Tableta,Tableta,Caja Tab.,4,6/25/2012,E19508,LA VICTORIA
7750658000183,13,RITMODIPIN,5mg,Tableta,Tableta,Caja Tab.,10,6/21/2012,E19500,LA VICTORIA
7750658000190,13,COXIFLAM,200mg,Cápsula,Capsula,Caja Cap.,10,7/20/2012,E19588,LA VICTORIA
7750658000411,13,XINTUS,7.5mg/mL,Solución Oral,Solucion,Fco. X 20 mL,1,8/15/2012,N23752,LA VICTORIA
7750658000428,13,ENALAPRIL,20mg,Tableta Recubierta,Tableta,Caja Tab.,20,7/26/2012,NG5382,LA VICTORIA
7750658000435,13,ENALAPRIL,10mg,Tableta,Tableta,Caja Tab.,100,7/26/2012,NG5383,LA VICTORIA
7750658000466,13,DOLORXIN,400mg,Tableta Recubierta,Tableta,Caja Tab.,100,8/8/2012,N23731,LA VICTORIA
7750658000473,13,LOSARTAN,50mg,Tableta Recubierta,Tableta,Caja Tab.,10,7/17/2012,EG5436,LA VICTORIA
7750658000497,13,AMOXIBROM,250mg/5mL,Polvo para Suspensión Oral,Suspension,Fco. X 45 mL,1,7/24/2012,E19593,LA VICTORIA
7750658000510,13,AZITROMICINA,500mg,Tableta,Tableta,Caja Tab.,3,7/26/2012,EG5455,LA VICTORIA
7750658000527,13,LIPIXDEN,600mg,Tableta Recubierta,Tableta,Caja Tab.,20,8/1/2012,E19607,LA VICTORIA
7750658000534,13,DOLORXIN,5%,Gel,Gel,Tubo X 20 g,1,9/6/2012,N23814,LA VICTORIA
7750658000541,13,HISTAMAX,5mg/5mL,Jarabe,Solucion,Fco. X 100 mL,1,9/5/2012,N23810,LA VICTORIA
7750658000558,13,LANFULOS,3.3g/5mL,Solución,Solucion,Fco. X 100 mL,100,9/5/2012,N23811,LA VICTORIA
7750658000565,13,IBUPROFENO,600mg,Tableta Recubierta,Tableta,Caja Tab.,50,9/18/2011,NG5075,LA VICTORIA
7750658000572,13,METRONIDAZOL,250mg/5mL,Suspensión,Suspension,Fco. X 120 mL,1,9/17/2012,NG5408,LA VICTORIA
7750658000664,13,DOLMIN,50mg,Tableta Recubierta,Tableta,Caja Tab.,50,10/18/2012,E19887,LA VICTORIA
7750658000671,13,AZITOR,500mg,Tableta Recubierta,Tableta,Caja Tab.,3,10/18/2012,E19886,LA VICTORIA
7750658000688,13,HISTAMAX,10mg,Tableta,Tableta,Caja Tab.,10,10/10/2012,E19860,LA VICTORIA
7750658000695,13,CARDIOLIFE,50mg,Tableta Recubierta,Tableta,Caja Tab.,30,7/25/2012,E19598,LA VICTORIA
7750658000701,13,DICLOFENACO,50mg,Tableta,Tableta,Caja Tab.,50,8/29/2012,EG5499,LA VICTORIA
7750658000756,13,HEMATOFER,75mg/5mL,Jarabe,Solucion,Fco. X 180 mL,1,11/12/2012,N24036,LA VICTORIA
7750658000763,13,ANTITUSIN,15mg/5mL,Jarabe,Solucion,Fco. X 120 mL,1,11/5/2012,N24012,LA VICTORIA
7750658000770,13,CLARITRESS,500mg,Tableta Recubierta,Tableta,Caja Tab.,10,11/9/2012,N24025,LA VICTORIA
7750658000787,13,CLARITROMICINA,500mg,Tableta Recubierta,Tableta,Caja Tab.,10,9/27/2011,NG5103,LA VICTORIA
7750658000794,13,BEQUADERM,,Crema,Crema,Tubo X 10 g,1,11/15/2012,N24052,LA VICTORIA
7750658000800,13,MICOXONA®,100000UI/mL,Suspensión,Suspension,Fco. X 12 mL,1,11/12/2012,N24038,LA VICTORIA
7750658000817,13,CEFADROXILO,500mg,Cápsula,Capsula,Caja Cap.,12,9/5/2012,EG5508,LA VICTORIA
7750658000824,13,FUNTOPIL®,1%,Crema,Crema,Tubo X 15 g,1,11/20/2012,N24059,LA VICTORIA
7750658000848,13,TERAMIEL,100mg/5mL,Jarabe,Solucion,Fco. X 120 mL,1,12/7/2012,N24117,LA VICTORIA
7750658000909,13,KETOCONAZOL,200mg,Tableta,Tableta,Caja Tab.,100,10/12/2011,NG5120,LA VICTORIA
7750658000916,13,ACICLOVIR,5%,Crema,Crema,Tubo X 5 g,1,12/27/2012,NG5449,LA VICTORIA
7750658000947,13,DROXICEF,500mg,Cápsula,Capsula,Caja Cap.,12,11/28/2012,E20009,LA VICTORIA
7750658000985,13,SORILASE,0.05%,Crema,Crema,Tubo X 30 g,1,1/11/2013,N24214,LA VICTORIA
7750658000992,13,TRIAMCORT,0.03%,Crema,Crema,Tubo X 60 g,1,1/9/2013,N24193,LA VICTORIA
7750658001012,13,FUROXOL®,50mg/15mL,Suspensión,Suspension,Fco. X 120 mL,1,1/23/2013,N24246,LA VICTORIA
7750658001029,13,FUROXOL® FORTE,50mg/mL,Suspensión,Suspension,Fco. X 120 mL,1,1/24/2013,N24252,LA VICTORIA
7750658001166,13,PRESONAX ®,5mg/5mL,Suspensión Oral,Suspension,Fco. X 120 mL,1,2/1/2013,N24292,LA VICTORIA
7750658001173,13,ANTITUSIN EXPECTORANTE,,Jarabe,Solucion,Fco. X 120 mL,1,12/19/2012,N24155,LA VICTORIA
7750658001180,13,DOLMENST,275mg,Tableta Recubierta,Tableta,Caja Tab.,100,12/28/2012,N24170,LA VICTORIA
7750658001210,13,MUVIZOL,250mg/5mL,Suspensión,Suspension,Fco. X 120 mL,100,2/26/2013,N24395,LA VICTORIA
7750658001388,13,MECAXICAM,15mg,Tableta,Tableta,Caja Tab.,1,1/25/2013,E20227,LA VICTORIA
7750658001401,13,XINTOLVON,8mg/5mL,Jarabe,Solucion,Fco. X 120 mL,1,3/28/2013,N24491,LA VICTORIA
7750658001418,13,XINTOLVON® PEDIATRICO,4mg/5mL,Jarabe,Solucion,Fco. X 120 mL,1,4/1/2013,N24497,LA VICTORIA
7750658001425,13,TERAXINTUS D,,Jarabe,Solucion,Fco. X 60 mL,1,4/11/2013,N24520,LA VICTORIA
7750658001432,13,ZICOVIR,5%,Crema,Crema,Tubo X 5 g,1,3/28/2013,N24490,LA VICTORIA
7750658001463,13,NOVOXILEN,1%,Crema,Crema,Tubo X 20 g,1,6/12/2013,N24726,LA VICTORIA
7750658001494,13,ESPASMOSIN COMPUESTO,,Tableta Recubierta,Tableta,Caja Tab.,100,9/18/2013,N25020,LA VICTORIA
7750658001517,13,ACETAFEN,500mg,Tableta,Tableta,Caja Tab.,100,9/29/2013,N25047,LA VICTORIA
7750658001524,13,BATERINS,100mg,Cápsula,Capsula,Caja Cap.,100,9/30/2013,N25052,LA VICTORIA
7750658001531,13,HIPOGLUCEX,850mg,Tableta,Tableta,Caja Tab.,100,9/25/2013,N25038,LA VICTORIA
7750658001548,13,NOVOMYCIN,,Ungüento,Unguento,Tubo X 14 g,1,10/17/2013,N25127,LA VICTORIA
7750658001555,13,LANCELOF,30mg,Cápsula de Liberación Retardada,Capsula,Caja Cap.,1,10/29/2013,N25165,LA VICTORIA
7750658001562,13,AMOXIBROM,500mg,Cápsula,Capsula,Caja Cap.,100,2/1/2013,E20262,LA VICTORIA
7750658001586,13,ANTITUSIN,15mg/5mL,Jarabe,Solucion,Fco. X 120 mL,1,1/31/2013,E20257,LA VICTORIA
7750658001685,13,PARACETAMOL,500mg,Tableta,Tableta,Caja Tab.,100,2/20/2013,EG5712,LA VICTORIA
7750658001692,13,RANITIDINA,300mg,Tableta Recubierta,Tableta,Caja Tab.,100,1/16/2013,EG5659,LA VICTORIA
7750658001746,13,ANTITUSIN EXPECTORANTE,,Jarabe,Solucion,Fco. X 120 mL,1,1/31/2013,E20255,LA VICTORIA
7750658001753,13,VITACEDOS NF,,Jarabe,Solucion,Fco. X 340 mL,1,10/31/2012,N23996,LA VICTORIA
7750658001760,13,VITACEDOS CIP,,Jarabe,Solucion,Fco. X 345 mL,1,10/26/2012,N23985,LA VICTORIA
7750658001777,13,NAPROFAS,550mg,Tableta Recubierta,Tableta,Caja Tab.,100,7/26/2012,N23692,LA VICTORIA
7750658001951,13,PALDIX FORTE,800mg+160mg,Tableta,Tableta,Caja Tab.,50,10/20/2015,N22052,LA VICTORIA
7750658001968,13,OMEFAS,20mg,Cápsula de Liberación Retardada,Capsula,Caja Cap.,50,9/24/2012,N23874,LA VICTORIA
7750658002057,13,SYLDEM,50mg,Tableta Recubierta,Tableta,Caja Tab.,4,11/4/2015,N26952,LA VICTORIA
7750658002064,13,ERGOFIN,,Tableta Recubierta,Tableta,Caja Tab.,100,10/6/2013,N25073,LA VICTORIA
7750658002149,13,GRADIMEN,50mg,Tableta,Tableta,Caja Tab.,100,1/28/2016,N26975,LA VICTORIA
7750658002156,13,DEPREZAPINA,30mg,Tableta Recubierta,Tableta,Caja Tab.,30,3/10/2016,N26982,LA VICTORIA
7750658002163,13,ZICOVIR,200mg,Tableta,Tableta,Caja Tab.,30,3/18/2016,N26984,LA VICTORIA
7750658002187,13,HISTAFED,4mg,Tableta,Tableta,Caja Tab.,100,5/3/2016,N26999,LA VICTORIA
7750658002194,13,PIREMOL,20mg,Tableta,Tableta,Caja Tab.,100,5/9/2016,N27001,LA VICTORIA
7750658002293,13,CAPITRIL,25mg,Tableta,Tableta,Caja Tab.,100,2/15/2013,E20342,LA VICTORIA
77506603,13,VIOLETA DE GENCIANA FRASCO X 30ML,,SOLUCION,SOLUCION,FRASCO,1,,N00691G,ERZA
77506610,13,GLICERINA,,GOTAS,GTS,FCO X 60ML,1,,N0257-G,ERZA
7750675000036,13,FARMADOL,500 MG,CAPSULA,CAP.,CAJA X 100 CAP.,100,,E-22904,ANDREU
7750675000050,13,DOLODIF,100 mg,Suspensión oral,Suspensión oral,Jarabe x 60 ml,1,,N27278,INDUQUIMICA S.A.
7750675331369,13,ENTEROZOL,50 MG/15 ML,FURAZOLIDONA,SUSPENSION,120 ML,1,8/1/2019,N-24877,ANDREU
7750675332182,13,URODIF FORTE,,Tableta,Tableta,Caja Tab.,100,9/20/2009,N21407,ANDREU
7750675529377,13,BARIO DIF RECTAL,400 G,CAJA,POLVO,Polvo x 400g,,,ADN-0041,Doctor Andreu Q.F. S.A.
7750705436095,13,FLAGYL,125mg/5mL,Suspensión,Suspension,Fco. X 120 mL,1,7/19/2011,E14038,SANOFI
7750721000010,13,OMEPRA N,40mg,Polvo Liofilizado para Solución Inyectable,Inyectable,Caja Amp.,1,8/1/2012,E19614,NORDIC
7750721000027,13,CIPRONOR,200MG,VIAL,VIAL,VIAL,1,,E19789,NORDIC
7750721000034,13,METROSTAT,500mg/100mL,Solución para Inyección,Inyectable,Caja Fco. Amp.,1,3/9/2012,E19214,NORDIC
7750721000041,13,TELMINOR,40mg,Tableta,Tableta,Caja Tab.,30,12/5/2012,E20031,NORDIC
7750721000058,13,TELMINOR,80mg,Tableta,Tableta,Caja Tab.,30,12/12/2012,E20069,NORDIC
7750721000072,13,ATOR 20,20mg,Tableta,Tableta,Caja Tab.,30,3/12/2013,E20456,NORDIC
7750721000089,13,IRBIS H,150mg,Tableta,Tableta,Caja Tab.,30,9/10/2012,E19762,NORDIC
7750721000096,13,IRBIS H,300mg,Tableta,Tableta,Caja Tab.,30,11/9/2012,E19953,NORDIC
7750721000102,13,LEXFLONOR,500mg,Tableta,Tableta,Caja Tab.,10,12/6/2012,E20043,NORDIC
7750721000133,13,PIDOGREL-N,75mg,CAJA,TABLETAS,75mg Caja Tab. Rec. x 30,,,EE-04118,Nordic Pharmaceutical Company S.A.C.
7750721000157,13,ESOPRAN,20mg,Tableta,Tableta,Caja Tab.,20,4/14/2013,E20572,NORDIC
7750721000263,13,FLUKONOR,200MG,VIAL,VIAL,VIAL,1,,E21778,NORDIC
7750721000270,13,ETAMBUTOL 400 MG CJA X 100 TAB,400 MG,TABLETA,TAB,CAJA X 100,100,,EE-00848,NORDIC PHARMACEUTICAL
7750721000294,13,LEXFLONOR,500 mg/100 mL,Solución para Perfusión,INYECTABLE,Caja Vial X 100 mL,1,11/9/2014,E22035,NORDIC
7750721000300,13,VECURONIO NORDIC,,VIAL,VIAL,CAJA,20,,EG6310,NORDIC
7750721000317,13,VANCOMICINA 500MG (VANCONOR),500MG,AMPOLLA,AMP,CAJA X 1 UNIDAD,1,,E18990,NORDIC PHARMACEUTICALS
7750721000348,13,EFAVIRENZ,200mg,CAJA,CAJA,CJA * 100,1,4/23/2016,EG055690000,NORDIC
7750721000355,13,PENEMCIL VIA 500MG,500MG,VIA,VIA,VIA,1,5/31/2019,E22425,NORDIC
7750721000393,13,EFAVIRENZO 600MG X1,,,,,1,,,NORDIC PHARMACEUTICAL COMPANY S.A.C.
7750721000478,13,PERIDONA TAB 10MG,10MG,TABLETA,TAB,CAJA,30,,E22713,NORDIC
7750721000508,13,CEFEPIMA VIAL 1GR - IV,1 GR,AMPOLLA,AMP,CJA X 1,1,,EE00457,DROGUERIA INTI
7750721000522,13,ISONIAZIDA NORDIC TAB 100MG,100mg,TABLETA,TAB,CAJA,100,4/28/2018,EE01013,NORDIC
7750721000560,13,RIFAMPICINA,300 mg,Cápsula,CAPSULA,Caja Envase Blister Cápsulas,100,4/25/2018,EE00475,NORDIC
7750721000577,13,CEFTAZIN VIA 1G,1g,VIAL,VIA,VIAL,1,,EE03226,NORDIC
775072100508,13,NORCEF 1G AMPOLLA (NOR),1g%,Solucion inyectable,Solución,frasco,1,1/6/2017,EE-00467,NORDICPHARMACEUTICAL
7750769500848,13,HIBICLEN AV 4% C.CERRADO GLUCONATO DE CLORHEXIDINA,,,,,1,,,LABORATORIOS ROKER PERU S.A-NO USAR
7750778000018,13,CLORIN,0.50%,Solución Oftálmica,Solucion Oftalmica,Fco. X 5 mL,1,7/20/2011,N22705,LANSIER
7750778000032,13,FRAMIDEX NF,,Solución Oftálmica,Solucion Oftalmica,Fco. X 2.5 mL,1,5/31/2011,N22572,LANSIER
7750778000049,13,VISTAGEL LAGRIMAS GELx12GR,,,,,1,,,LABORATORIOS LANSIER S.A.C.
7750778000056,13,LAGRIMAS ISOTONICAS,1.4%,SOLUCION OFTALMICA,SOLUCION OFTALMICA,FRASCO GOTERO x 15 mL,1,6/26/2021,EN03249,LANSIER
7750778000063,13,NEOTROL,,Suspensión Oftálmica,Suspension Oftalmica,Fco. X 5 mL,1,1/18/2013,N24235,LANSIER
7750778000087,13,PREDSO,1%,Suspensión,Suspension,Fco. X 5 mL,1,5/10/2012,N23480,LANSIER
7750778000094,13,TERRAMISOL A,,Ungüento Oftálmico,Unguento Oftalmico,Tubo X 6 g,1,1/11/2013,N24212,LANSIER
7750778000100,13,TIMOX,0.50%,Solución Oftálmica,Solucion Oftalmica,Fco. Got. X 5 mL,1,7/27/2011,N22729,LANSIER
7750778000117,13,TOBRAZOL,0.30%,Solución Oftálmica,Solucion Oftalmica,Fco. Got. X 5 mL,1,7/7/2011,N22675,LANSIER
7750778000124,13,GENTAMICINA,0.30%,Ungüento Oftálmico,Unguento Oftalmico,Tubo X 3.5 g,1,1/16/2012,NG1551,LANSIER
7750778000230,13,FLORIL NF,0.03%,Solución Oftálmica,Solucion Oftalmica,Fco. X 15 mL,1,6/13/2011,N22613,LANSIER
7750778000247,13,FLORIL,0.0003,Nafazolina Clorhidrato,Solución oftálmica,8 ml,1,4/1/2021,EN-03002,LABORATORIOS LANSIER S.A.C.
7750778000278,13,OTIDOL GOTx5ML,,,,,1,,,LABORATORIOS LANSIER S.A.C.
7750778000285,13,TETRALAN,1%,Ungüento Oftálmico,Unguento Oftalmico,Tubo X 6 g,1,12/13/2009,N19467,LANSIER
7750778000292,13,GENTAMICINA,0.30%,Solución Oftálmica,Solucion Oftalmica,Fco. Got. X 5 mL,1,12/17/2011,NG1537,LANSIER
7750778000322,13,NAPHAVIT,0.10%,Solución Oftálmica,Solucion Oftalmica,Fco. Got. X 15 mL,1,6/15/2011,N22623,LANSIER
7750778000339,13,CLORINEX,,Solución Oftálmica,Solucion Oftalmica,Fco. Got. X 5 mL,1,11/29/2009,N21467,LANSIER
7750778000353,13,LANCIPROX-DX,,Suspensión,Suspension,Caja Fco. Got. X 5 mL,1,11/18/2009,N21454,LANSIER
7750778000360,13,COSOMIDOL,,Gotas,Solucion,Caja Fco. Got. X 5 mL,1,11/3/2009,N21443,LANSIER
7750778000377,13,TOBRAZOL DX,,Suspensión,Suspension,Fco. X 5 mL,1,5/10/2012,N23481,LANSIER
7750778000391,13,TRUSOMIDA,2%,Gotas Oftálmicas,Solucion Oftalmica,Fco. Got. X 5 mL,1,8/7/2011,N22751,LANSIER
7750778000438,13,RELENASTINE,0.05%,Solución Oftálmica,Solucion Oftalmica,Fco. Got. X 5 mL,1,5/15/2011,N22534,LANSIER
7750778000469,13,REFRESKAN T,0.50%,Solución Oftálmica,Solucion Oftalmica,15 mL,1,12/5/2010,N22174,LANSIER
77507780005,13,DICLOPTIC 0.1% FCO 5ML (VITALINE),0.001,GOTAS OFTALMICAS,GOTAS OFTALMICAS,FCO X 5ML,1,1/6/2017,18304,VITALIS
7750778000520,13,CLORIN,1%,Ungüento Oftálmico,Unguento Oftalmico,Caja Tbo. X 3.5 g,1,8/14/2012,N23744,LANSIER
7750778000537,13,CLORINCORT P,,Ungüento Oftálmico,Unguento Oftalmico,Tubo X 3.5 g,1,8/27/2012,N23781,LANSIER
7750778000544,13,SYSTALAN,,Solución Oftálmica,Solucion Oftalmica,Fco. Got. X 15 mL,1,7/20/2011,N22704,LANSIER
7750778000551,13,PATADINE,0.10%,Solución Oftálmica,Solucion Oftalmica,Fco. X 5 mL,1,7/25/2012,N23688,LANSIER
7750778000568,13,XALOPTIC T,,Solución Oftálmica,Solucion Oftalmica,Fco. Got. X 2.5 mL,1,9/19/2011,N22851,LANSIER
7750778000575,13,DICLOPTIC,0.10%,Solución Oftálmica,Solucion Oftalmica,Fco. X 5 mL,1,8/22/2013,N24921,VITALINE
7750778000582,13,TERRACORSOL UNGT 3.5GR,3.5GR,UNGUENTO OFTALMICO,UNGUENTO OFTALMICO,TUBO,1,12/1/2019,N-22550,LANSIER LABORATORIO
7750778000612,13,XALOPTIC,0.01%,Solución Oftálmica,Solucion Oftalmica,Fco. Got. X 2.5 mL,1,8/3/2011,N22746,LANSIER
7750778000629,13,ANESTEARS GTS OFT 0.5% 15ML,1%,GOTAS,GTS,FCO X 15 ML,1,4/1/2021,EN-03346,LANSIER
7750778000674,13,BIO ORBI,0.05%,Solución Oftálmica,Solucion Oftalmica,Fco. X 15 mL,1,6/9/2014,N25782,LANSIER
7750778000704,13,MEGATOB  SOL.OFT X 5ML,5ML,SOLUCIÓN OFTÁLMICA,SOL. OFT.,CAJA,1,,N-25863,LANSIER
7750778000711,13,LAMOFLOX,,GOTAS,GOTAS,FRASCO,1,,N-26349,LANSIER
7750778000728,13,BIO TEARS,4MG/ML,GOTAS OFTALMICAS,GTS,FRASCO X 15 ML,1,,N026103,LANSIER
7750778000759,13,BIOTEARS GEL,12GR,GEL,GEL,TUBO,1,8/1/2020,N-22622,LANSIER LABORATORIO
7750778000766,13,S-10 GTS OFT X10 ML,FCO X 10 ML,GOTAS,GOTAS,FCO X10 ML,1,1/12/2016,N-22635,LANSIER
7750778000773,13,PATADINE PLUS,0.002,GOTAS,GTS,FRASCO X 5 ML,1,,N027054,LANSIER
7750778000780,13,CLORIN,0.005,FRASCO,FRASCO,FCO *   1,1,7/1/2016,,LANSIER
7750778000797,13,ACICLOVIR,3%,UNGÜENTO OFTALMICO,UNG. OFT.,Env. X 5 g,1,,NG-2229,LANSIER
7750778000810,13,HOPRIX,0.00005,SOL. OFTALMICA,SOL. OFTALMICO,CAJA,30,,EN-00145,LANSIER
7750778000827,13,GLAMAX,60 X 30 ML,CAJA,SOLUCION OFT,OFT. CAJA SOL. OCLUVIAL X 60 X 30 ML,1,,N-27379,LAB. LANSIER
7750778000841,13,HYALO COMFORT,0.4%,SOLUCION OFTALMICA,SOLUCION OFTALMICA,FRASCO GOTERO x 10 mL,1,12/22/2020,EN02737,VITALINE
7750778000865,13,SYSTALAN-ULTRA GTS OFT 0.4% 10ML,,FRASCO,FCO,FRASCO,1,,EN02469,LANSIER
7750778001015,13,CLACIER,0.4ML,GOTAS,GOTAS OFTALMICAS,FRASCO,1,6/12/2022,EE-05016,LANSIER
7750778001022,13,BRINZOLAN-T GTS OFT 1%/0.5%  5ML,,FRASCO,FCO,FRASCO,1,,EN00290,LANSIER
7750778200780,13,CLORIN 0.5 % GTS OFT  x 10ml,"0,50%",GOTAS,GTS,CJA X 1,1,7/20/2021,EN02971,LABORATORIOS LANSIER S.A.C.
7750778400049,13,VISTAGEL,0.002,GEL OFTALMICO,GEL,TUBO,1,,N-18901,LANSIER
7750778592278,13,ACICLOVIR 3% UNG.OFT.X3.5GR (LAN),,,,,1,,,LABORATORIOS LANSIER S.A.C.
7750778592285,13,ATROPINA SULFATO 1%,0.01,Gotas oftalmicas,Gts. Ofta.,Frasco,1,,ng-5375,LANSIER
7750778592292,13,HUMED,0.30%,Solución Oftálmica,Solucion Oftalmica,Fco. Got. X 15 mL,1,4/23/2012,N18713,LANSIER
7750778592322,13,PREDNISOLONA,1%,Suspensión,Suspension,5 mL,1,1/15/2007,NG3113,LANSIER
7750778592339,13,TROPICAMIDA 1% GOTA OFTALMICA FRA X 15ML,1%,SOLUCION OFTALMICA,SOLUCION OFTALMICA,FRASCO,1,,EN07515,LANSIER
7750778592885,13,ATROPINA,0.01,GOTAS,GOTAS,CAJA,1,,NG-5375,LANSIER
7750778723672,13,FENILEFRINA 10% GOTx5ML,,,,,1,,,LABORATORIOS LANSIER S.A.C.
7750778853515,13,VISTAGEL,0.20%,Gel,Gel,Tubo X 15 g,1,4/22/2013,N18901,LANSIER
7750778853522,13,LANCIPROX,0.30%,Solución Oftálmica,Solucion Oftalmica,5 mL,1,6/10/2011,N22628,LANSIER
7750831000139,13,GINGISONA B ENJUAGUE BUCAL,0.15%,Colutorio (Gargarismos),Solucion Bucal,Fco. X 180 mL,1,2/24/2013,N20568,MEDCO
7750831000177,13,GINGISONA B,3mg,Pastilla,Tableta,Disp. Past.,320,3/28/2013,N20606,MEDCO
7750831000436,13,ACI BASIC,,Suspensión Oral,Suspension,220 mL,1,2/12/2014,N21058,MEDCO
7750831000528,13,LERGIUM PLUS,,Jarabe,Solucion,Fco. X 60 mL,1,6/7/2009,N21232,MEDCO
7750831000535,13,ATORVASTATINA,10mg,Tableta,Tableta,Caja Tab.,30,3/17/2014,NG4273,MEDCO
7750831000559,13,DOLOTRINEURAL,,Cápsula,Capsula,Caja Cap.,100,7/1/2009,N21294,MEDCO
7750831000610,13,DOLOCTAPRIN MP,,Tableta Recubierta,Tableta,Caja Tab.,100,2/11/2010,N21562,MEDCO
7750831000634,13,CORTIPREX,20 MG,CAJA,COMPRIMIDOS,20mg Comp. Rec. x 120,1,,E-8498,Corporación Medco S.A.C.
7750831000658,13,NEOPRAL,20mg,Cápsula,Capsula,Caja Cap.,20,2/16/2010,N21574,MEDCO
7750831000665,13,NEOPRAL,40mg,Cápsula,Capsula,Caja Cap.,16,2/16/2010,N21575,MEDCO
7750831000726,13,AZITROMICINA MF,500 MG,CAJA,TABLETAS,500mg Caja Tab. x 30,,,EN-03157,Marfan S.A.C. (Ver Corporación MEDCO)
7750831000771,13,RISPERIDONA,2MG,TABLETA,TAB,CAJA X 20 UNIDADES,20,,NG47340,MARFAN
7750831000788,13,CETIRIZINA,5mg/5mL,Jarabe,Solucion,Fco. X 60 mL,1,8/22/2010,NG4735,MEDCO
7750831000818,13,CETIRIZINA,10mg,Tableta,Tableta,Caja Tab.,100,2/4/2015,NG4586,MEDCO
7750831000825,13,RAPILER,5mg,Tableta Recubierta,Tableta,Caja Tab.,100,10/6/2010,N22013,MEDCO
7750831000924,13,GINGISONA B CREMA DENTAL TUBO X 50G,,CREMA,CREMA,TUBO,1,,N21490,TEVA
7750831001099,13,DERMOXYL,1%,Crema,Crema,Tubo X 15 g,1,12/21/2010,N22201,MEDCO
7750831001105,13,ACI BASIC,,Tableta Masticable,Tableta,Caja Tab.,100,1/30/2011,N22291,MEDCO
7750831001426,13,ACI BASIC UVA,,Suspensión,Suspension,Fco. X 150 mL,1,8/21/2011,N22774,MEDCO
7750831001471,13,CALCIOFEROL FORTE NF,,Suspensión Oral,Suspension,Fco. X 150 mL,1,10/20/2010,N14036,MEDCO
7750831001518,13,RAPILER,5mg/mL,Gotas,Solucion,Fco. X 15 mL,1,1/26/2012,N23206,MEDCO
7750831001525,13,RAPILER,2.5mg/5mL,Jarabe,Solucion,Fco. X 60 mL,1,1/26/2012,N23207,MEDCO
7750831001532,13,LERGIUM PLUS,,Gotas,Solucion,Fco. X 15 mL,1,9/22/2011,N22872,MEDCO
7750831001549,13,DERMOXYL,250mg,Tableta,Tableta,Caja Tab.,14,11/25/2010,N22148,MEDCO
7750831001570,13,SILDENAFILO,50mg,Tableta,Tableta,Caja Disp. Tab.,10,5/28/2013,NG5597,HERSIL
7750831001600,13,DOBESILATO DE CALCIO,500mg,Cápsula,Capsula,Caja Cap.,60,5/2/2012,NG5311,MEDCO
7750831001617,13,CORTIPREX,5/5,SUSPENSION,SUSPENSION,FRASCO,1,,N23483,TEVA
7750831001662,13,MESOLONA,0.05%,Crema,Crema,Tubo X 20 g,1,6/1/2012,N23539,MEDCO
7750831001747,13,CITICOLINA,100mg/mL,Solución,Solucion,Fco. X 30 mL,1,5/29/2012,NG5345,MEDCO
7750831001785,13,COLEVASTINA,10mg,Tableta Recubierta,Tableta,Caja Tab.,30,6/18/2012,N23583,MEDCO
7750831001860,13,ALENDRA PACK,,Tableta,Tableta,Caja Tab.,40,7/24/2012,N23683,MEDCO
7750831001914,13,RAPILER PLUS,,Solución Oral,Solucion,Fco. X 15 mL,1,10/2/2012,N23894,MEDCO
7750831001921,13,NEOCORTIPREX,5mg/5mL,Suspensión Oral,Suspension,Fco. X 120 mL,1,9/24/2012,N23869,MEDCO
7750831002003,13,DOLOTRINEURAL,,Inyectable,Inyectable,Amp. A+B (2 mL + 3 mL),1,9/5/2012,E19739,MEDCO
7750831002140,13,VIRONIDA,5%,Crema,Crema,Tubo X 5 g,1,2/13/2013,N24332,MEDCO
7750831002294,13,TERBINAFINA 15% CREMA X 15 GR (M),,,,,1,,,MARFAN
7750831002300,13,MELOXICAM 15 MG,15MG,TABLETA,TAB,CAJA X 100 UNIDADES,100,,NG5498,MEDROCK
7750831002386,13,DOLOMELOXIC,,Tableta Recubierta,Tableta,Caja Tab.,200,6/4/2013,N24696,MEDCO
7750831002393,13,EVADOL,500mg,Cápsula,Capsula,Caja Cap.,100,5/23/2013,N24641,MEDCO
7750831002416,13,CEFRADINA,500mg,Cápsula,Capsula,Caja Cap.,60,6/13/2013,EG5850,MEDCO
7750831002447,13,DOLO STOP,,Tableta Recubierta,Tableta,Caja Tab.,100,9/30/2013,N25054,MEDCO
7750831002485,13,ACIDMARFAN,400mg+400mg/5mL,Suspensión,Suspension,Caja Fco. X 120 mL,1,11/3/2013,N25173,MEDCO
7750831002508,13,LINCOFAN,600mg/2mL,Solución para Inyección,Inyectable,Caja Amp.,5,9/18/2014,E21948,MEDCO
7750831002591,13,PROBIOX,500mg,Tableta,Tableta,Caja Tab.,50,8/25/2012,N16484,MEDCO
7750831002645,13,BISMUTOL,262mg,Tableta Masticable,Tableta,Caja Tab.,160,,EN00002,MEDCO
7750831002652,13,ESOMARFAN,20mg,Cápsula,Capsula,Caja Cap.,40,3/23/2014,N25642,MEDCO
7750831002720,13,ADROXEF,250mg/5mL,Suspensión,Suspension,Fco. X 100 mL,1,4/30/2014,E21674,MEDCO
7750831002737,13,PRECLAR,500MG,TABLETA,TAB,CAJA X 48 UNIDADES,48,,N025166,TEVA THERAMEX
7750831002799,13,OMEPAC,,Tableta,Tableta,Caja Env. X 28 Dosis,28,5/22/2013,N24637,MEDCO
7750831002867,13,SIMFLAT X,125mg,Tableta Masticable,Tableta,Caja Tab.,100,8/19/2014,N26039,MEDCO
7750831002874,13,CALMIC,"TRAMADOL 37,5+PARACETAMOL 325MG",CAPSULAS BLANDAS,CAPSULA,CAJA X 60 CAPS,1,,E-21669,TEVA PERU S.A.
7750831002935,13,EVADOL,500mg,Cápsula,Capsula,Caja Cap.,104,5/23/2013,N24641,MEDCO
7750831003000,13,LIPELAX,3.3g/5ml,SOLUCION ORAL,SOL,FRASCO x 200ml,1,11/30/2016,E21974,TEVA PERU S.A.
7750831003024,13,DOLOMELOXIC,15MG/500MG,Tableta Recubierta,Tableta,Caja Tab.,60,6/4/2013,N24696,MEDCO
7750831003185,13,PROCINOX,25 MG,TABLETA,TAB.,CAJA X 20 TAB.,20,,N-26115,MEDCO
7750831003192,13,DOLFIN,160mg/5mL,Jarabe,Solucion,Caja Fco. X 60 mL,1,9/16/2014,N26228,MEDCO
7750831003314,13,DOLFIN MIGRAÑA,500mg+65mg,Tableta Recubierta,Tableta,Caja Tab. Rec.,80,11/2/2014,N26449,MEDCO
7750831003437,13,SILVERDIAZINA,1%,Crema,Crema,Tubo X 25 g,1,3/1/2010,N19576,MEDCO
7750831003444,13,SILVERDIAZINA L,,Crema,Crema,Tubo X 25 g,1,9/25/2012,N20321,MEDCO
7750831003567,13,LERGIUM PLUS,,Cápsula,Capsula,Caja Cap.,100,5/23/2012,N18741,MEDCO
7750831004847,13,REDEX PLUS KITX2AMP,,,,,1,,,MAGMA S.A.
7750831004878,13,DIURACE,12.5MG,TABLETA,TABLETA,CAJA,30,,N21198,MAGMA-SANITAS
7750831005592,13,DOLO-LIVIOLEX,15/1,GOTAS,GOTAS,FRASCO,1,,N21235,MAGMA-SANITAS
7750831005608,13,DOLO-LIVIOLEX,9/5,SUSPENSION,SUSPENSION,FRASCO,1,,N21233,MAGMA-SANITAS
7750831006162,13,ANTALGINA,400/1,GOTAS,GOTAS,FRASCO,1,,N21551,MAGMA-SANITAS
7750831007152,13,CLINDACIN,600MG,AMPOLLA,AMPOLLA,AMPOLLA,1,,N16754,MAGMA-SANITAS
7750831007480,13,CLINDACIN CAPX300MGX1,,,,,1,,,MAGMA S.A.
7750831007664,13,CLORO-ALERGAN,1MG,GOTAS,GOTAS,FRASCO,1,,N22411,MAGMA-SANITAS
7750831007794,13,LIPOSTAT 20 MG X 1 TABLETA,,,,,1,,,INSTITUTO SANITAS S.P.S.A.
7750831009057,13,PAREXIS,20mg,CAJA,CAJA,CJA *  30,30,1/11/2017,N0243510000,MAGMA-SANITAS
7750831009095,13,RANIT,150MG,TABLETA,TABLETA,CAJA,100,,N16755,MAGMA-SANITAS
7750831009118,13,RANIT,50MG,AMPOLLA,AMPOLLA,CAJA,6,,N16756,MAGMA-SANITAS
7750831009217,13,SPRINT,2.5/5,JARABE,JARABE,FRASCO,1,,N24631,MAGMA-SANITAS
7750831009965,13,ACEPOT X 1 AMPOLLA,,,,,1,,,INSTITUTO SANITAS S.P.S.A.
7750831010428,13,MEPRECORT SOL ORAL 15/5 100ML,15/5,JARABE,JARABE,FRASCO,1,,N25108,MAGMA-SANITAS
7750831010435,13,MEPRECORT SOL ORAL  5/5 120ML,5/5,JARABE,JARABE,FRASCO,1,,N25099,MAGMA-SANITAS
7750831010459,13,DOLO LIVIOLEX FLASH X 100 TAB,300 MG/ 50 MG,TABLETAS,TABLETAS,CAJ X 20 UNI,1,,N-20045,MAGMA
7750831010473,13,REDEX,250/50MG,TABLETA,TABLETA,CAJA,140,,N20604,MAGMA-SANITAS
7750831010688,13,REXALGAN,60MG,AMPOLLA,AMPOLLA,AMPOLLA,1,,N26301,MAGMA-SANITAS
7750831010954,13,CLINDACIN K,100MG+400MG,OVULO,OVU,CAJA X 7 UNIDADES,7,,N026405,MAGMA SANITAS
7750831011067,13,MAXIPAX,0.5mg,CAJA,CAJA,CJA *  40,40,9/26/2014,N0226020000,MAGMA-SANITAS
7750831011074,13,MAXIPAX,2mg,CAJA,CAJA,CJA *  40,40,9/24/2014,N0226010000,MAGMA-SANITAS
7750831011210,13,FRUTAZYM,,CAPSULA,CAPSULA,CAJA,160,,N20771,MAGMA-SANITAS
7750831011944,13,ANTALGINA,250MG,Jarabe,Solucion,Fco. X 60 mL,1,8/1/2011,N19978,TEVA
7750831011968,13,CLORO-ALERGAN,2/5,JARABE,JARABE,FRASCO,1,,N2928,MAGMA-SANITAS
7750831012118,13,DEXACORT,4MG,TABLETA,TABLETA,CAJA,10,,N18577,MAGMA-SANITAS
7750831012514,13,MUCODILAT,7.5/2/5,JARABE,JARABE,FRASCO,1,,N19535,MAGMA-SANITAS
7750831012859,13,ESPASMO-ANTALGINA,10/250MG,TABLETA,TABLETA,CAJA,120,,N19356,MAGMA-SANITAS
7750831012866,13,ESPASMO ANTALGINA X1TAB,,,,,1,,,INSTITUTO SANITAS S.P.S.A.
7750831012873,13,CIPROFLOX,250/5,SUSPENSION,SUSPENSION,FRASCO,1,,N20003,MAGMA-SANITAS
7750831013450,13,CLOROMISAN,500 MG,CAPSULAS,CAP,CAPSULAS X 100,1,,N16177,SANITAS
7750831013924,13,AMPICILINA CAPX500MGX1CAP (LC),,,,,1,,,LINEA CCIAL GENERICA(INFARMASA
7750831014587,13,DICLOXAL,500MG,CAPSULA,CAPSULA,CAJA,100,,N15029,MAGMA-SANITAS
7750831014594,13,RHINO BB GTS X 15 ML,9MG/ML,GOTAS,GTS,FCO X 15ML,1,,N-18455,MAGMA
7750831014730,13,DILATOR TABX10MGX1,,,,,1,,,INSTITUTO SANITAS S.P.S.A.
7750831014877,13,ACICLOVIR MAGMA,200MG,TABLETA,TABLETA,CAJA,100,,NG2186,MAGMA-SANITAS
7750831014952,13,DIURACE TABX50MGX1,,,,,1,,,INSTITUTO SANITAS S.P.S.A.
7750831015119,13,DEXACORT,2/5,ELIXIR,ELIXIR,FRASCO,1,,N18956,MAGMA-SANITAS
7750831015201,13,ANTALGINA,500MG,TABLETA,TABLETA,CAJA,100,,N855,MAGMA-SANITAS
7750831015232,13,LEVOFERIN,30/5,JARABE,JARABE,FRASCO,1,,N18779,MAGMA-SANITAS
7750831015256,13,ANTALGINA,350MG,SUPOSITORIO,SUPOSITORIO,CAJA,2,,N4055,MAGMA-SANITAS
7750831016024,13,HEDELIX,0.7g,EXTRACTO SECO DE HOJAS DE HEDERA HELIX,JARABE,FRASCO x 120ml,1,8/31/2015,PNN-1001,MEDCO
7750831016116,13,MELOXIC,15MG,AMPOLLA,AMPOLLA,AMPOLLA,1,,N21105,MEDCO
7750831016123,13,ANTALGINA,1.0G,AMPOLLA,AMPOLLA,AMPOLLA,1,,E19563,MAGMA-SANITAS
7750831016406,13,ORFENADRINA CITRATO 60MG/2ML AMP (TEV),60 MG/2 ML,AMPOLLA,AMP,CAJA X 25,25,,NG-3797,MARFAN
7750831016499,13,CLORFENAMINA MALEATO,2 MG/5 ML,JARABE,JAB.,ENV. X 120 ML,1,,NG-0164,MARFAN
7750831016543,13,CLORO-ALERGAN,4MG,TABLETA,TABLETA,CAJA,200,,N743,MAGMA-SANITAS
7750831016550,13,ERITROMICINA 500 MG X 100 TAB (LC),,,,,100,,,LINEA CCIAL GENERICA(INFARMASA
7750831016666,13,DOBESILATO DE CALCIO,500 MG,CAPSULA,CAP.,CAJA X 100 TAB.,60,,NG-5311,MARFAN
7750831016703,13,RANIT,300 MG.,TABLETAS,TABLETAS,CAJA,100,,N-16908,TEVA
7750831016864,13,ERITROMICINA  SUSP 250MG X 60 ML,,,,,1,,,MARFAN
7750831016987,13,MIKASAN,500 MG.,INYECTABLE,INYECTABLE,CAJA,1,,E-00101,SANITAS
7750831016994,13,C-FAL,500MG,CAPSULA,CAPSULA,CAJA,50,,N11565,MAGMA-SANITAS
7750831017076,13,ELEGYA 150 MG,150 mg,Capsula,Capsula,Caja,,,E23113,TEVA
7750831017083,13,ELEGYA,75 mg,capsula,capsula,Cja x 30,30,,E23112,TEVA PERU
7750831017205,13,GINGISONA-B COLUT,FCO X 180 ML,BENCIDAMINA,BENCIDAMINA,FCO,1,1/12/2017,N-20568,MEDCO
7750831017236,13,GINGISONA B PASTILLAS SOBRE X 4 CJX60,,SOBRE,SOBRE,CAJA,60,,EN04509,TEVA
7750831017243,13,LIPIBEC,20mg,Tableta,Tableta,Caja Tab.,30,,EE00133,TEVA PHARMACEUTICAL
7750831017250,13,LIPIBEC,40mg,Tableta,Tableta,Caja Tab.,30,,EE00134,TEVA PHARMACEUTICAL
7750831017267,13,PROLIDE TAB 10MG,10MG,TABLETA,TABLETA,CJA *  28,28,,EE00111,TEVA
7750831017304,13,CIPROFLOX,500MG,TABLETA,TABLETA,CAJA,100,,N16253,MAGMA-SANITAS
7750831017311,13,OMEPRAZOL 20MG TABLETA,20 mg,tableta,Tab,Caja x 100 tab,1,,R. S.N° NG-2361,FARMINDUSTRIA
7750831017359,13,DICLOXACILINA TAB 500 MGX1 (MF),,,,,1,,,MARFAN
7750831017434,13,CLORO ALERGAN,4 mg,TABLETA,TAB,Caja x 200 tab,200,,R.S. N-743,TEVA
7750831017458,13,KITADOL MIGRAÑA TAB CJA X 80,500 MG + 65 MG,TABLETA,TAB,CJA X 80,80,11/2/2014,N26449,TEVA PERU S.A.C.
7750831017533,13,GINGISONA B,15 ML,FRASCO,SPRAY,Fco. Spray x 15ml,1,,E-20671,(Ver Corporación MEDCO S.A.C.)
7750831017632,13,ACI BASIC FCO X220 ML,FCO X 220 ML,JARABE,JARABE,FCO X220 ML,1,,N-21058,MEDCO
7750831017656,13,DOLO LIVIOLEX FOR 2% GELX10 UN,0.02,CAJA,CAJA,GEL,10,,,TEVA
7750831017694,13,CLOTIL COMPUESTO CREMA TU X 10 G,,CREMA,CREMA,TUBO,1,,EN07599,TEVA
7750831017700,13,RAPILER,"2,5MG/5ML",JARABE,JBE,FCO X 60 ML,,,N-23207,TEVA
7750831017748,13,GINGISONA L TOQUES SOL x 30ML,,SOLUCION,FRASCO,FRASCO X 30 ML,1,,,TEVA
7750831017755,13,CORTIPREX 20 MG x 120 TAB.,20mg,caja,,tabletas,120,,,teva
7750831017762,13,BRONCOMAGNIMOX 250MG/5ML JRBX60ML,250 MG/5ML,FRASCO,FCO,CJA X 1,1,11/9/2014,E22036,TEVA PERU SAC
7750831017779,13,CALMIC 37.5MG/325MG CAP CJA X 60,37.5 MG/325 MG,CAPSULA,CAP,CJA X 60,60,4/28/2014,E21669,TEVA PERU S.A.C.
7750831017847,13,DEXTRO TOSS JARABE x 120ML,,Frasco,,solucion,1,,,teva
7750831017854,13,DOLO LIVIOLEX ORAL FCO X 60 ML,,SOLUCION,frasco,,28,,,TEVA
7750831017861,13,CORTIPREX,5MG/5ML,JARABE,JBE,FCO X 100 ML,,,N-23483,TEVA
7750831017878,13,ANTALGINA,250MG/5mL,FRASCO,JBE,1,,,N-19978,TEVA SANITAS
7750831017892,13,MEPRECORT,5MG/5ML,FRASCO,JARABE,5mg /5ml Fco. x 100ml,,,EN-02235,(Ver INFARMASA)
7750831017908,13,LIPIBEC 20 MG X 30 TAB.,20mg,TABLETAS,caja,,30,,,TEVA
7750831017915,13,LIPIBEC 40 MG X 30TAB.,40mg,comprimido,caja,,30,,,TEVA
7750831017922,13,RHINO BB GOTAS x 15 ML,,Frasco,Frasco,solucion,1,,,TEVA
7750831017939,13,WELTON JARABE FRASCO X 240 ML,,JARABE,JARABE,FRASCO,1,,EN07598,TEVA
7750831017977,13,COLONIX B,100MG +1.5 MG,COMPRIMIDOS,COMPRIMIDOS,CAJA,20,,E-18045,TEVA
7750831017991,13,FILARTROS,20mg,CAJA,CAJA,CJA *  30,1,,,TEVA
7750831018011,13,ANTALGINA AMP 1.0G 2ML,1.0G,AMPOLLA,AMP,AMPOLLA,1,12/1/2019,EN04595,TEVA
7750831018028,13,ANTALGINA GTS 400/1 10ML,400/1,FRASCO,FCO,FRASCO,1,2/28/2017,EN00912,MAGMA-SANITAS
7750831018035,13,DEXACORT 4mg Iny. Amp. x 2ml,4 MG,AMPOLLA,AMP,CJA X 1,1,3/15/2022,EN00279,TEVA PERU SAC
7750831018059,13,DEXACORT 2MG/5ML ELIXI x 100ML,2mg,Frasco,,solucion,1,,,teva
7750831018066,13,DOLO LIVIOLEX GOTAS X 20 ML,,SOLUCION,frasco,,1,,,TEVA
7750831018110,13,ACEPOT AMP X 1 ML,,SOLUCION,caja,,1,,,TEVA
7750831018127,13,SILVERDIAZINA L CREMA x 50GR,,CAJA,CAJA,AMPOLLA,1,,,TEVA
7750831018134,13,SILVERDIAZINA- L,80 mg,Crema,CRM,Tubo x 25 g,,,N20321,TEVA THERAMEX
7750831018141,13,CROVAST,20MG,TABLETA,TAB,CAJA,30,,E00525,MAGMA - SANITAS
7750831018158,13,CROVAST TAB 10MG,10MG,TABLETA,TAB,CAJA,30,5/30/2017,EE00523,MAGMA - SANITAS
7750831018196,13,ELEGYA,75 MG,CAPSULAS,CAPS,CAPSULAS,1,10/1/2017,E-23112,TEVA
7750831018233,13,GYNO DEXACORT PLUS OVU x 60,,CAJA,CAJA,OVULOS,60,,,TEVA
7750831018240,13,GYNODEXACORT PLUS,OV X 60,GYNODEXACORT PLUS,GYNODEXACORT PLUS,ampolla,1,1/8/2018,N-18397,GYNODEXACORT PLUS OV X 60. (SANITAS)
7750831018264,13,NEOCORTIPREX,5/5,FRASCO,FRASCO,FCO *   1,1,6/26/2017,N0238690015,TEVA
7750831018271,13,NEOCORTIPREX,15mg /5ml,FRASCO,SOLUCION,15mg /5ml Oral Fco. Sol. x 60ml,,,N-26184,Corporación Medco S.A.C.
7750831018301,13,COMPLEJO-B CAPx300,,comprimido,caja,,300,,,TEVA
7750831018363,13,DOLOMELOXIC,,CAJA,TABLETAS,Tab. Rec. x 200,,,N-24696,Corporación Medco S.A.C.
7750831018370,13,DEXACORT 8MG/2ML AMPOLLA X 1,8mg,CAJA,CAJA,AMPOLLA,1,,,TEVA
7750831018387,13,BISMUTOL CAJA X 160 TABS.SOBX2,,TABLETAS,caja,,160,,,TEVA
7750831018400,13,REDEX-PLUS AMP,75MG/3ML + 60MG/2ML,AMPOLLA,AMP,CJA X 1,1,4/5/2014,N21145,TEVA PERU SAC
7750831018431,13,EFICAERO 125 MCG/25MCG,125  MCG,INHALADOR X 120 DOSIS,INHALADOR X 120 DOSIS,FRASCO,1,1/6/2017,E-23305,TEVA
7750831018448,13,EFICAERO,250 MG/25MG,CAJA,INHALADOR,250mg /25mg Inhal. Caja x 1 x 120 Dosis,1,,E-23305,(Ver INFARMASA)
7750831018493,13,REDEX,250 MG/ 50 MG.,TABLETAS,TABLETAS,CAAJ,140,,N-20604,TEVA
7750831018509,13,DIURACE 12.5 MG x 30 TAB,12.5 mg,TABLETAS,caja,,30,,,TEVA
7750831018523,13,CLINDACIN K 100MG OVULOS X 7,100mg,caja,,ovulos,7,,,teva
7750831018592,13,DIURACET K TAB X 20,,comprimido,caja,,20,,,TEVA
7750831018622,13,DIURACE 50 MG x 20 TAB.,50MG,TABLETAS,TABLETAS,caja,20,,,TEVA
7750831018646,13,ANTALGINA R,1.5g X 5ML,INYECTABLE,AMPOLLA,1.5g Iny. Amp. x 5ml,,,EN-03558,(Ver INFARMASA)
7750831018721,13,DEXACORT 4 MG X 10 TAB.,4mg,TABLETAS,CAJA,CAJA X 10,10,,,TEVA
7750831018769,13,ESPASMO ANTALGINA,250MG/10MG%,TABLETAS,TAB,TAB X 120,1,2/1/2020,N-19356,TEVA SANITAS
7750831018776,13,ESPASMO ANTALGINA,10/250 MG,TAB,TAB,CJA,120,2/28/2020,EN-01355,TEBA
7750831018875,13,ANTALGINA 350MG SUPOSITORIO CJX2,350 MG,SUPOSITORIO,SUPOSITORIO,CAJA,2,,EN07730,TEVA
7750831018882,13,CLORO ALERGAN,10 MG/ML,AMPOLLA,AMPOLLA,10mg /ml Iny. Amp. x 1ml,1,,N-604,Ver INFARMASA)
7750831018929,13,ANTALGINA 500MG X 100 TAB.,500MG,CAJA,CAJA,TABLETAS,100,,,TEVA
7750831018936,13,FENITOINA 100 MG,100 MG,COMPRIMIDO,COMPRIMIDO,CAJA X 100,100,,EE00640,TEVA
7750831018943,13,ESPASMO ANTALGINA AMP./5ML.,2500 MG + 20 MG,AMPOLLA,AMP,CJA X 1,1,9/14/2014,N19358,TEVA PERU SAC
7750831019001,13,DILATOR 10MG TABLETA CAJA X40,10 MG,TABLETA,TABLETA,CAJA,40,,EN00879,TEVA
7750831019018,13,CLOROALERGAN GOTAS X 20 ML,,CAJA,CAJA,GOTAS,1,,,TEVA
7750831019049,13,LITOCARB,300 mg,TABLETA RECUBIERTA,TABLETA,CAJA TAB,100,1/16/2021,EN02724,TEVA
7750831019063,13,LEVOFERIN 30MG/5ML,100 ml,Jarabe,Jbe,Frasco x 100 ml,1,,N18779,TEVA
7750831019148,13,CLOROALERGAN 2MG JBE X 120ML,2mg,SOLUCION,frasco,,1,,,TEVA
7750831019155,13,OMEPRAL,20 MG.,CAPSULAS,CAPSULAS,CAJA,100,,EN-00387,TEVA
7750831019179,13,RAPILER 5 MG X 50 TAB,5MG,TABLETA,TAB,CAJA X 50,1,,EN-02129,TEVA
7750831019223,13,LEVOFLOXACINO,500 mg,TABLETA RECUBIERTA,TABLETA,CAJA TAB,10,12/15/2020,EN01707,TEVA
7750831019230,13,OMEPRAL x 10,20 MG,CAJA,CAPSULAS,20mg Caps. x 10,,,EN-00387,(Ver INFARMASA)
7750831019322,13,DOLO MELOXIC,,TABLETAS,TABLETAS,CAJA,48,,N-24696,TEVA
7750831019339,13,DOLOMELOXIC TRE PC CJA X 120 TAB,15MG/500MG,TABLETA,TAB,TAB,1,,N-24696,TEVA
7750831019346,13,MELOXICAM 15MG TAB CAJ X 100 (TEVA),15MG,TABLETA,TAB,CAJA X 100,100,4/25/2018,EN-04055,TEVA
7750831019377,13,REDEX,250 MG/ 50 MG.,TABLETAS,TABLETAS,CAJA,20,,N-20604,TEVA
7750831019391,13,VELAPRO TAB 300 MG CAJA X 30,300MG,TABLETA,TAB,CAJA X 30,30,,EE-03092,TEVA
7750831019407,13,KITADOL 500 MG SACHET X 2 TABLETA CJX50/TEV,500 MG,TABLETA,TABLETA,CAJA,50,,N26057,TEVA
7750831019421,13,LIPIBEC 20MG TAB CJA X 30,20 MG,TABLETA,TAB,CJA X 30,30,8/25/2021,EE03937,TEVA PERU SAC
7750831019445,13,VELAPRO PLUS TAB 300 MG/12.5 MG CAJA X 28 TEVA,300 MG,TABLETA,TAB,CJA X 28,28,8/11/2021,EE03807,TEVA PERU S.A.C.
7750831019452,13,VELAPRO PLUS TAB 150MG/12.5MG CAJA X 28 (TEVA),150 MG/12.5 MG,TABLETA,TAB,CJA X 28,28,8/11/2021,EE03808,TEVA PERU SAC
7750831019476,13,VELAPRO PLUS 300MG / 25MG CJA X 28,300MG,TABLETA,TAB,CAJA X 28,28,,EE-03796,TEVA PERU SAC
7750831019483,13,NEOCORTIPREX,15 MG.,SOLUCION,SOLUCION,FRASCO,1,9/9/2014,N-26184,TEVA
7750831019490,13,GYNO DEXACORT PLUS OVL,500/100/0.25,OVULO,OVL,CAJA,60,8/4/2021,EN-03294,TEVA
7750831019582,13,ESPASMO ANTALGINA TAB X 100,10 + 250 MG,TABLETA,TAB,CJA X 100,100,9/14/2019,EN01355,TEVA PERU S.A.C.
7750831019629,13,TELZAAR PLUS,80 mg + 25 mg,TABLETA,TABLETA,CAJA TAB,28,9/18/2022,EE05290,TEVA
7750831019643,13,MEPRECORT 5MG/5ML JARABE FRA X 120ML,5MG/5ML,JARABE,JARABE,FRASCO,1,,EN02235,TEVA
7750831019698,13,REDEX FORTE,0.02,Gel,JALEA,Caja Tubo x 50 g,1,2/9/2020,EN02252,TEVA
7750831053920,13,GINGISONA-L TOQ 30ML,,SOLUCION,SOLUCION,FRASCO,1,,N21104,MEDCO
7750831072129,13,ALENDRA,70mg,Tableta,Tableta,Caja Tab.,5,8/1/2012,N20287,MEDCO
7750831072136,13,GINGISONA B,0.30%,Spray,Solucion,Fco. Spray X 15 mL,1,5/23/2013,E20671,MEDCO
7750831072431,13,EFICAERO INH,125/25 MCG,INHALACIÓN,INH,FRASCO,1,,E23304,TEVA
7750831096248,13,SILDENAFILO,50mg,Tableta,Tableta,Disp. Caja Tab.,10,6/10/2012,NG3373,MEDCO
7750831102437,13,LORATADINA,10mg,Tableta,Tableta,Caja Tab.,100,5/8/2012,NG3330,MEDCO
7750831112665,13,ACICLOVIR,200mg,Tableta,Tableta,Caja Tab.,60,11/11/2013,NG1835,MEDCO
7750831118278,13,HY FLEX,,Ungüento,Unguento,Pote X 100 g,1,10/24/2011,N14655,MEDCO
7750831179392,13,RIFAMPICINA,300mg,Cápsula,Capsula,Caja Cap.,100,8/11/2010,NG2458,MEDCO
7750831193251,13,FINTEL,100/5,CAJA,CAJA,CJA *   2,2,5/27/2015,N0201620000,MEDCO
7750831208993,13,ESCAPIN COMPUESTO,,Tableta,Tableta,Caja Tab.,100,12/5/2004,N17695,MEDCO
7750831209006,13,SILVERDIAZINA,0.01,Crema,Crema,Tubo X 50 g,1,3/1/2010,N19576,MEDCO
7750831210491,13,MINEDROX,1mg/mL,Inyectable,Inyectable,Caja Amp. X 1 mL,25,8/18/2014,N10731,MEDCO
7750831212341,13,SILDENAFILO,100mg,Tableta Recubierta,Tableta,Caja Tab.,1,1/29/2013,EG3849,GENFAR
7750831216592,13,COMPLEJO B,,CAPSULA,CAP.,CAJA X 300 CAP.,300,,DN-0127,MARFAN
7750831227826,13,BISMUTOL,87.33mg/5mL,Suspensión,Suspension,Fco. X 150 mL,1,7/19/2009,N17531,MEDCO
7750831227833,13,BISMUTOL,87.33mg/5mL,Suspensión,Suspension,Fco. X 340 mL,1,7/19/2009,N17531,MEDCO
7750831227864,13,DOLOREX,10mg,Tableta,Tableta,Caja Tab.,100,5/24/2010,N17976,MEDCO
7750831231281,13,AMLODIPINO,10mg,Tableta,Tableta,Caja Tab.,60,5/6/2012,NG3328,MEDCO
7750831256246,13,OMEPRAL,20mg,Cápsula,Capsula,Disp. Cap,100,11/11/2012,N16533,MEDCO
7750831256819,13,IBUPROFENO,600mg,Tableta,Tableta,Caja Tab.,100,6/14/2009,NG2041,MEDCO
7750831259636,13,SULFATO FERROSO 300 MG,300MG,TABLETA,TAB,CAJA X 100,100,,NG10700,MARFAN
7750831271423,13,CARBAMAZEPINA TABX200MG X1 (MF),,,,,1,,,MARFAN
7750831277197,13,DEXTRO TOSS EXPECTORANTE NF,,Jarabe,Solucion,Fco. X 120 mL,1,9/27/2010,N21978,MEDCO
7750831330465,13,BISMUTOL,262mg,Tableta Masticable,Tableta,Caja Tab.,160,12/14/2009,N17721,MEDCO
7750831385502,13,GLIBENCLAMIDA,5mg,Tableta,Tableta,Caja Tab.,100,11/5/2013,NG4084,HERSIL
7750831389319,13,CLARIBIOT,250mg/5mL,Suspensión Oral,Suspension,Fco. X 50 mL,1,3/17/2015,N21644,MEDCO
7750831389784,13,CLARIBIOT,125mg/5mL,Granulos para Suspensión,Suspension,Fco. X 50 mL,1,3/17/2010,N21645,MEDCO
7750831422351,13,ACICLOVIR MARFAN,5% 5G,CREMA,CREMA,TUBO,1,,NG1521,MARFAN
7750831431612,13,SULFAMETOXAZOL + TRIMETOPRIMA,800mg+160mg,Tableta,Tableta,Caja Tab.,100,3/18/2012,NG1565,MEDCO
7750831436273,13,DEXTRO TOSS,15mg/5mL,Jarabe,Solucion,Fco. X 120 mL,1,6/30/2013,N16740,MEDCO
7750831436389,13,SALBUTAM,2mg/5mL,Jarabe,Solucion,Fco. X 150 mL,1,6/30/2008,N16741,MEDCO
7750831439243,13,ALPRAZOLAM 0.5MG X 1 (MF),,,,,1,,,MARFAN
7750831439311,13,CLORANFENICOL CAPX500MG (MF),,,,,1,,,MARFAN
7750831439373,13,KETOCONAZOL,2%,Crema,Crema,Caja Tbo. X 10 g,1,5/19/2012,NG1587,MEDCO
7750831439380,13,LINCOMICINA,600mg/2mL,Solución para Inyección,Inyectable,Caja Amp. X 2 mL,25,2/21/2012,NG1558,MEDCO
7750831462241,13,MELOXIC,7.5mg,Tableta,Tableta,Caja Tab.,100,12/13/2013,N19117,MEDCO
7750831548679,13,NIMODIPINO,30mg,Tableta,Tableta,Caja Tab.,100,6/16/2009,NG2047,MEDCO
7750831548686,13,UROPLUS,,Cápsula,Capsula,Caja Cap.,90,8/13/2009,N19329,MEDCO
7750831572261,13,MACROZIT,200mg/5mL,Suspensión,Suspension,15 mL,1,10/15/2012,N18836,MEDCO
7750831602036,13,CINARIZINA,75mg,Cápsula,Capsula,Caja Cap.,100,5/22/2012,NG1590,MEDCO
7750831635195,13,BRONCOMAX,500mg+8mg,Tableta,Tableta,Disp. Tab.,100,12/14/2009,N19474,MEDCO
7750831635201,13,BRONCOMAX,250mg+4mg/5mL,Suspensión Oral,Suspension,Fco. X 60 mL,1,12/16/2009,N19479,MEDCO
7750831635218,13,BRONCOMAX,125mg+4mg/5mL,Suspensión Oral,Suspension,Fco. X 60 mL,1,12/2/2009,N19455,MEDCO
7750831644388,13,PROVON,400mg,Tableta,Tableta,Caja Tab.,20,2/28/2010,N17858,MEDCO
7750831649802,13,COMPLEJO B,,Jarabe,Solucion,Fco. X 200 mL,1,1/26/2005,NG2277,BIOS PERU
7750831649826,13,DEXTRO TOSS,,Gotas,Solucion,Fco. Got. X 15 mL,1,8/27/2012,N16486,MEDCO
7750831649833,13,FENALGINA R NF,1.5g/5mL,Inyectable,Inyectable,Amp. X 5 mL,1,11/8/2009,N3723,MEDCO
7750831649840,13,LERGIUM,5mg/5mL,Jarabe,Solucion,Fco. X 60 mL,1,12/9/2013,N19085,MEDCO
7750831649895,13,MELOXIC,15mg,Tableta,Tableta,Caja Tab.,10,12/31/2013,N19118,MEDCO
7750831649925,13,SULPHAX,200mg+40mg/5mL,Suspensión,Suspension,Fco. X 60 mL,1,6/12/2013,N13278,MEDCO
7750831649932,13,SILVERDIAZINA L,,Crema,Crema,Tubo X 50 g,1,9/25/2012,N20321,MEDCO
7750831650099,13,DOLOREX,60mg,Inyectable,Inyectable,Amp. X 2 mL,1,11/20/2012,E19985,MEDCO
7750831685480,13,LERGIUM,10mg,Tableta,Tableta,Disp. Tab.,100,5/8/2012,N18721,MEDCO
7750831717648,13,FERRONEMIA,,Jarabe,Solucion,Fco. X 360 mL,1,12/6/2009,N4862,MEDCO
7750831723571,13,CLINDAMICINA,300mg,Cápsula,Capsula,Caja Cap.,60,4/26/2011,NG2741,MEDCO
7750831726312,13,CITOBAL NF ADULTOS,4mg/2mL,Inyectable,Inyectable,Amp. X 2 mL,10,6/3/2013,E20718,MEDCO
7750831793550,13,MACROZIT,500mg,Tableta,Tableta,Caja Tab.,15,3/10/2012,N18683,MEDCO
7750831851779,13,AMLODIPINO,5mg,Tableta,Tableta,Caja Tab.,60,5/9/2012,NG3332,MEDCO
7750831851786,13,LOSARTAN,50mg,Tableta,Tableta,Caja Tab.,60,2/22/2012,NG3220,FARMAC.LATINA
7750831854787,13,DEXTRO TOSS TOTAL,,Jarabe,Solucion,Fco. X 150 mL,1,2/21/2012,N23280,MEDCO
7750831862522,13,DEXTRO TOSS TOTAL MENTOL,,Pastilla,Tableta,Disp. Past.,320,4/2/2013,N20613,MEDCO
7750831907483,13,FEMENIL-A,,TABLETA,TABLETA,CAJA,30,,E14896,MEDCO
7750835003062,13,NEOCORTIPREX,15 MG/5 ML,SOLUCION ORAL,SOL. ORAL,ENV. X 60 ML,1,,N-26184,MEDCO
7750877000131,13,BIOXICAM,15mg,Tableta,Tableta,Caja Tab.,100,11/15/2011,N23017,QUILLA PHARMA
7750877000278,13,MISSTAN DM,500mg,Tableta Recubierta,Tableta,Caja Tab.,100,11/27/2014,N26546,QUILLA PHARMA
7750929000010,13,SALBUTAMOL,2mg/5mL,Jarabe,Solucion,Fco. X 120 mL,1,5/19/2013,NG3770,MEDROCK
7750929000089,13,FLUMIVIT,200mg,Granulos para Solución,Solucion,Caja Sob. X 5 g,30,8/24/2012,N23771,MEDROCK
7750929000133,13,METFORMINA 850MG TAB CJA X 100 (MEDROCK),850 MG,TABLETA,TAB,CJA X 100,100,9/26/2022,EN05663,MEDROCK CORPORATION SAC
7750929000157,13,OZOL 20MG X 1TB,,,,,1,,,MEDROCK CORPORATION S.A.C.
7750929000188,13,MIGRALIVIA,,Tableta,Tableta,Caja Tab.,100,9/14/2012,N23845,MEDROCK
7750929000195,13,SAALGRIP,,Tableta,Tableta,Caja Tab.,101,10/16/2012,N23929,MEDROCK
7750929000201,13,NEVROMED,300mg,Tableta,Tableta,Caja Tab.,30,8/24/2012,N23772,MEDROCK
7750929000218,13,NEVROMED,400mg,Tableta,Tableta,Caja Tab.,30,8/23/2012,N23769,MEDROCK
7750929000249,13,CETIRIZINA,5 MG/5 ML,JARABE,JBE.,ENV. X 60 ML,1,,NG-4907,MEDROCK
7750929000270,13,DEXTROMETORFANO 15MG/5ML SUSP X 120ML (MEDROCK),15MG/5ML,SUSPENSION,SUSP,FRASCO,1,9/13/2020,EN-02228,MEDROCK
7750929000294,13,IBUPROFENO,100 MG/5 ML,JARABE,JBE.,ENV. X 60 ML,1,,NG-2608,MEDROCK
7750929000324,13,LORAT,5mg/5mL,Jarabe,Solucion,Caja Fco. X 60 mL,1,5/3/2011,N22510,MEDROCK
7750929000379,13,AZITROMICINA,500mg,Tableta,Tableta,Caja Tab.,30,5/9/2011,NG4937,MEDROCK
7750929000386,13,CIPROFLOXACINO,500 MG,TABLETAS RECUBIERTAS,TAB. REC.,CAJA X 100 TAB. REC.,100,,NG-2679,MEDROCK
7750929000430,13,ENALAPRIL 20 MG X 1 TAB (MK),,,,,1,,,MEDROCK CORPORATION S.A.C.
7750929000447,13,NAPROXENO SODICO 550 MG,550 MG,Tableta,Tableta,Caja,,,EN02746,MEDROCK CORPORATION SAC
7750929000478,13,OMEPRAZOL  MEDROCK CAP 20MG,20MG,CAPSULA,CAP,CAJA,100,1/5/2019,NG4983,MEDROCK
7750929000485,13,RANITIDINA 150MG  X 1 TAB.,,,,,1,,,MEDROCK CORPORATION S.A.C.
7750929000492,13,RANITIDINA 300 MG X 1 TAB (MK),,,,,1,,,MEDROCK CORPORATION S.A.C.
7750929000522,13,DIMENHIDRINATO,50mg,Tableta,Tableta,Caja Tab.,100,11/23/2012,NG5437,MEDROCK
7750929000539,13,MEDRAVOL,50mg,Tableta,Tableta,Caja Tab.,100,8/14/2012,N23741,MEDROCK
7750929000546,13,PREDNISONA,50mg,Tableta,Tableta,Caja Tab.,10,12/14/2009,NG4547,MEDROCK
7750929000584,13,PREDNISONA,20 mg,Tableta,TABLETA,Caja Envase Blister Tabletas,100,5/8/2021,EN03438,MEDROCK
7750929000591,13,CAPTOPRIL,25mg,Tableta,Tableta,Caja Tab.,100,6/16/2014,NG4361,MEDROCK
7750929000607,13,CLORFENAMINA,4mg,Tableta,Tableta,Caja Tab.,100,6/9/2011,NG4968,QUILAB
7750929000614,13,KETOROLACO 10MG X 1 TAB.,,,,,1,,,MEDROCK CORPORATION S.A.C.
7750929000638,13,CETIRIZINA,10mg,Tableta,Tableta,Caja Tab.,100,7/9/2011,NG2877,AC FARMA
7750929000645,13,ERITROMICINA MEDROCK TAB 500MG,500mg,TABLETA,TAB,CAJA,100,,EN02856,MEDROCK
7750929000652,13,IBUPROFENO,40 MG,TABLETA,TAB.,CAJA X 100 TAB.,100,,NG-2702,MEDROCK
7750929000669,13,IBUPROFENO,800mg,Tableta Recubierta,Tableta,Caja Tab.,100,4/11/2011,NG2699,MEDROCK
7750929000676,13,KETOCONAZOL MEDROCK TAB 200MG,200MG,TABLETA,TAB,CAJA,100,1/2/2019,NG2675,MEDROCK
7750929000690,13,NAPROXENO,275mg,Tableta,Tableta,Caja Tab.,100,2/2/2011,NG4850,MEDROCK
7750929000706,13,SALBUTAMOL,4mg,Tableta,Tableta,Caja Tab.,100,6/6/2011,NG2844,MEDROCK
7750929000713,13,DOXICICLINA,100mg,Cápsula,Capsula,Caja Cap.,100,1/23/2011,NG2606,MEDROCK
7750929000737,13,GLUCINEX,850mg,Tableta,Tableta,Caja Tab.,30,9/4/2012,N23804,MEDROCK
7750929000751,13,METRONIDAZOL,500mg,Tableta,Tableta,Caja Tab.,100,3/12/2011,NG2651,MEDROCK
7750929000775,13,CELEVIT,200 mg,Celecoxib,cápsula,100 cap,1,7/1/2019,N-21257,MEDROCK
7750929000799,13,CLINDAMICINA,300mg,Cápsula,Capsula,Caja Cap.,100,5/9/2011,NG2780,MEDROCK
7750929000812,13,CLORANFENICOL,500mg,Cápsula,Capsula,Caja Cap.,100,1/17/2011,NG2603,MEDROCK
7750929000829,13,TETRACICLINA,500mg,Cápsula,Capsula,Caja Cap.,100,12/29/2010,NG4814,MEDROCK
7750929000836,13,ZYNGOT,100mg,Tableta,Tableta,Caja Tab.,30,8/29/2012,N23793,MEDROCK
7750929000843,13,ALOPURINOL 100 MG X 1 TAB (MK),,,,,1,,,MEDROCK CORPORATION S.A.C.
7750929000850,13,MELOXED,15mg,Tableta,Tableta,Caja Tab.,10,11/7/2012,N24016,MEDROCK
7750929000867,13,ACICLOVIR 400 MG X 1 TAB (MED),,,,,1,,,MEDROCK CORPORATION S.A.C.
7750929000874,13,ATORVASTATINA,40MG,TABLETAS,TABLETAS,CAJA X30,1,1/7/2018,NG-5472,(PHARMACHECK)
7750929000898,13,GABAPENTINA 300 MG,300MG,GABAPENTINA|,GABAPENTINA,tabletas,1,,NG-5443,MEDROCK
7750929000904,13,CELECOXIB,200mg,Cápsula,Capsula,Caja Cap.,100,1/23/2013,NG5470,MEDROCK
7750929000911,13,ATORVASTATINA,10mg,Tableta Recubierta,Tableta,Caja Tab.,100,2/5/2013,NG5481,MEDROCK
7750929000959,13,DESLORAT,2.5MG/5ML,JARABE,JBE,FRASCO,60,11/14/2017,EN-03479,MEDROCK
7750929000973,13,PROFEN KIDS,100 MG/5 ML,IBUPROFENO,SUSPENSIÓN ORAL,60 ML,1,12/1/2020,EN-00559,MEDROK
7750929000980,13,DESLORAT,5mg,Tableta Recubierta,Tableta,Caja Tab.,30,11/16/2012,N24055,MEDROCK
7750929001017,13,LOVASTATINA,20mg,Tableta,Tableta,Caja Tab.,100,1/22/2013,NG5463,MEDROCK
7750929001031,13,PROPRANOLOL 40 MG X 1 TAB (MK),,,,,1,,,MEDROCK CORPORATION S.A.C.
7750929001048,13,PIRAZINAMIDA MEDROCK TAB 500MG,500MG,TABLETA,TAB,CAJA,100,1/6/2018,EN00891,MEDROCK
7750929001055,13,LORATADINA,5 MG/5 ML,JARABE,JBE.,ENV. X 60 ML,1,,NG-4921,MEDROCK
7750929001079,13,ACETAZOLAMIDA,250mg,Tableta,Tableta,Caja Tab.,100,3/24/2013,NG5526,MEDROCK
7750929001093,13,CLORPROMAZINA 100 MG TAB.,100 MG,TABLETA,TAB,CJA X 100,100,,NG-5312,MEDROCK CORPORATION S.A.C
7750929001116,13,FASTERID,5mg,Tableta Recubierta,Tableta,Caja Tab.,10,5/8/2013,N24601,MEDROCK
7750929001154,13,PRAZOMED  CAP 30MG,30mg,CAPSULA,CAP,CAJA,14,,EN00421,MEDROCK
7750929001239,13,LAMOTRIGINA 50mg Tab. x 100,50mg caj x 50 tab,tabletas,tableta,tableta,1,10/1/2019,en-00376,medrock
7750929001246,13,LAMOTRINE,50mg,Tableta,Tableta,Caja Tab.,30,1/18/2013,N24238,MEDROCK
7750929001277,13,TYLEX KIDS,120mg/5mL,Jarabe,Solucion,Caja Fco. X 60 mL,1,4/14/2013,N24527,MEDROCK
7750929001345,13,FLUMIVIT JUNIOR,100mg,Granulos para Solución,Solucion,Caja Sob. X 3 g,30,5/28/2013,N24660,MEDROCK
7750929001444,13,NORFLOXACINO,400mg,Tableta Recubierta,Tableta,Caja Tab.,100,2/5/2016,NG2628,MEDROCK
7750929001482,13,ISONIAZIDA 100 MG X 1 TAB (MK),,,,,1,,,MEDROCK CORPORATION S.A.C.
7750929001536,13,GABAPENTINA MEDROCK TAB 600MG,600,TABLETA,TAB,CAJA,100,,EN03785,MEDROCK
7750929001550,13,MIRTAZAPINA,30mg,Tableta,Tableta,Caja Tab.,100,10/30/2013,NG5925,MEDROCK
7750929001574,13,RISPERIDONA,2mg,Tableta Recubierta,Tableta,Caja Tab.,100,1/23/2014,NG6028,MEDROCK
7750929001611,13,HIOSCINA,10% X 10 mg.,TABLETA,TAB,CAJA,100,,NG6073,MEDROCK
7750929001635,13,ATENOLOL MEDROCK TAB 100MG,100MG,TABLETA,TAB,CAJA,100,1/9/2016,EN03680,MEDROCK
7750929001659,13,CARBAMAZEPINA,200 MG,TABLETA,TAB.,CAJA X 100 TAB.,100,,NG-6099,MEDROCK
7750929001680,13,ERGOCAF 0.2MG TAB CJA X 100,0.2 MG,TABLETA,TAB,CJA X 100,100,3/13/2018,EN05339,MEDROCK CORPORATION S.A.C.
7750929001697,13,FURAZOLIDONA,100mg,Tableta,Tableta,Caja Tab.,100,3/30/2014,NG6091,MEDROCK
7750929001703,13,ITRACONAZOL 100 MG X 1 CAPSULA (MK),,,,,1,,,MEDROCK CORPORATION S.A.C.
7750929001710,13,ITRAZOL,100mg,Cápsula,Capsula,Caja Cap.,30,5/26/2013,N24643,MEDROCK
7750929001741,13,MIODROL,100mg,Tableta de Liberación Prolongada,Tableta,Caja Tab.,100,6/26/2014,N25836,MEDROCK
7750929001772,13,TRAMADOL,50mg,Cápsula,Capsula,Caja Cap.,100,3/6/2013,NG5516,MEDROCK
7750929001796,13,DIZOLVIN,30mg x 120 ml,FRASCO,JARABE,30mg Jbe. Fco. PET x 1 x 120ml,,,EN-04037,Laboratorio Medrock
7750929001802,13,DIZOLVIN KIDS,15 mg/5 mL,Jarabe,SOLUCION,Caja Frasco x 120 mL,1,8/20/2018,EN00206,MEDROCK
7750929001819,13,ATOS EXPECTORANTE FCO JBE X 120 ML,,,,,1,,,MEDROCK CORPORATION S.A.C.
7750929001826,13,ATOS,15MG/5ML,JARABE,JBE.,ENV. X 120 ML,1,,N-25003,MEDROCK
7750929001833,13,ALLERMED,2mg/5mL,Jarabe,Solucion,Fco. X 120 mL,1,8/22/2013,N24924,MEDROCK
7750929001857,13,LOSARTAN 100 MG,100 mg,Tableta recubierta,Tableta,Caja x 100,1,,NG-6207,LABORATORIO MEDROCK CORPORATION SAC
7750929001864,13,ESPACIL COMPOSITUM,10 MG/500 MG,TABLETA,TAB.,CAJA X 100 TAB.,100,,N-25929,MEDROCK
7750929001871,13,GLAUCOZOL,250mg,Tableta,Tableta,Caja Tab.,30,4/25/2013,N24576,MEDROCK
7750929001925,13,SIMVASTATINA 20 MG X 1 TAB (MK),,,,,1,,,MEDROCK CORPORATION S.A.C.
7750929001949,13,CLONAZEPAM,2mg,Tableta,Tableta,Caja Tab.,100,3/12/2013,NG5520,MEDROCK
7750929001970,13,ONDASETRON 8 MG,8MG,TABLETA,TAB,CAJA X 100,100,,NG06133,MEDROCK
7750929001987,13,ACIDO ALENDRONICO,70mg,Tableta,Tableta,Caja Tab.,100,3/6/2013,NG5513,MEDROCK
7750929002045,13,LORTAN PLUS FORTE,100mg+25mg,Tableta Recubierta,Tableta,Caja Tab.,30,10/19/2014,N26369,MEDROCK
7750929002069,13,BACLOFENO MEDROCK TAB 10MG,10MG,TABLETA,TAB,CAJA,100,2/1/2019,EN01256,MEDROCK
7750929002083,13,CLONAZEPAN,0.5 MG,CLONAZEPAN,CLONAZEPAN,COMPRIMIDO,1,1/9/2018,EN-01064,MEDROCK
7750929002090,13,HIDROCLOROTIAZIDA 12.5 MG TAB CJA X 100 (MEDROCK),12.5 MG,TABLETA,TAB,CJA X 100,100,8/19/2019,EN01457,MEDROCK CORPORATION S.A.C.
7750929002106,13,HIDROCLOROTIAZIDA,25 MG,TABLETA,TAB.,CAJA X 100 TAB.,100,,NG-6174,MEDROCK
7750929002267,13,LACTOMED 3.3GR JBE,3.3GR/5ML,LACTULOSA 303GR,LACTOMED 3.3GR,FRASCO SOLUCION X 180ML,1,1/5/2016,N-25724,MEDROCK
7750929002380,13,CLOTRIMAZOL MEDROCK TAB VAG 500MG,500mg,TABLETA VAGINAL,TAV,CAJA,100,4/27/2021,EN03209,MEDROCK
7750929002489,13,AMITRIPTILINA 25MG X 1TB,,,,,1,,,MEDROCK CORPORATION S.A.C.
7750929002687,13,CLOMIZOL TAB VAG 500MG,500MG,TABLETA,TAB,CAJA,1,7/1/2020,EN0093,MEDROCK
7750929002724,13,CARVEDILOL,12.5 mg,tableta,tableta,caj x 30,1,4/1/2020,EN-616,GENFAR
7750929002779,13,ALOPURINOL MEDROCK TAB 300MG,300MG,TABLETA,TAB,CAJA,100,4/1/2018,EN00660,ALOPURINOL
7750929002786,13,CLINDAMED,300mg,Cápsula,Capsula,Caja Capsulas,100,5/22/2020,EN01512,MEDROCK
7750929003004,13,ZYNGOT,300mg Tab,tableta,tableta,Tab. x 30,1,1/30/2019,,MEDROCK
7750931000054,13,ZENHALE,100/5MCG,INHALADOR,,CAJA,1,,E23131,MERCK SHARP DOHME PERU
7750936000010,13,TERBISIL,250mg,Tableta,Tableta,Caja Tab.,10,2/18/2012,N20125,AC FARMA
7750936000065,13,FLIXCELI 100 MG SOL INY CJA X 1,100 MG,AMPOLLA,AMP,CJA X 1,1,8/31/2022,BE01089,LABORATORIOS AC FARMA S.A.
7750936000126,13,NOVOCORTIL,1%,Crema,Crema,Tubo X 20 g,1,5/24/2014,N19255,AC FARMA
7750936000133,13,ITRAMICOL,100mg,Cápsula,Capsula,Caja Cap.,15,2/5/2013,N20535,AC FARMA
7750936000201,13,PRAMINEX,25mg,Tableta,Tableta,Caja Tab.,30,8/24/2010,N19747,AC FARMA
7750936000218,13,DIETILESTILBESTROL,1mg,Tableta,Tableta,Caja Tab.,100,2/18/2012,NG3186,AC FARMA
7750936000225,13,ANASTROZOL AC-FAR,,TABLETA,TABLETA,CAJA,28,,NG2951,AC FARMA
7750936000256,13,SULPINEX 50MG X 1UNI,,,,,1,,,LABORATORIOS AC FARMA S.A.
7750936000270,13,DEXRAZOXANO AC-FARMA,500MG,VIAL,VIA,VIA,1,,NG5952,AC FARMA
7750936000287,13,TRAMACOR 100 MG/2 ML,TRAMADOL,FRASCO X 1 AMPOLLA,AMPOLLA,AMPOLLA,1,10/1/2018,RS-N-26169,LABORATORIO AC FARMA
7750936000362,13,LACTULOSA 3.3 G/5 ML SOLUCION FRASCO X 180 ML (ACF),33 G/5 ML,FRASCO,FCO,CAJA X 1,1,,EN-00435,AC FARMA
7750936000423,13,NEUROPENTIN,600mg,Cápsula,Capsula,Caja Cap.,20,4/22/2012,N20199,AC FARMA
7750936000461,13,DISALAZIN,500mg,Tableta,Tableta,Caja Tab.,30,3/31/2014,N19217,AC FARMA
7750936000522,13,LAMIVUDINA,50/5,FRASCO,FRASCO,FCO *   1,1,5/22/2017,NG037950041,AC FARMA
7750936000577,13,TRIOCALCIT,0.25mcg,Cápsula,Capsula,Caja Cap.,100,2/23/2013,E10657,AC FARMA
7750936000676,13,SELEGILINA AC-FAR TAB 5MG,5MG,TABLETA,TAB,CAJA,100,6/1/2016,EN01467,AC FARMA
7750936000836,13,OMEPRAZOL AC-FARMA CAP 20MG,20MG,CAPSULA,CAP,CAJA,,,EN01987,AC FARMA
7750936000928,13,PROCLAT,2000ui,VIAL,VIAL,VIA *   1,1,2/3/2015,BE001670001,AC FARMA
7750936000935,13,PROCLAT,4000ui,VIAL,VIAL,VIA *   1,1,10/31/2015,BE001930001,AC FARMA
7750936000959,13,LEXIN SUSP 250 MG X 60ML,,,,,1,,,LABORATORIOS AC FARMA S.A.
7750936001406,13,DOXY 100 LG,100mg,Tableta Recubierta,Tableta,Caja Tab.,10,6/23/2013,N20708,AC FARMA
7750936001420,13,NEOTILOM,2.5mg,Tableta,Tableta,Caja Tab.,30,10/21/2013,N20894,AC FARMA
7750936001956,13,NURECEL,40 mg/0.4 mL,SOLUCION INYECTABLE,INYECTABLE,JERINGA PRELLENADA x 0.4 mL,1,10/2/2019,BN00026,AC FARMA
7750936001963,13,SERTRALINA AC-FAR TAB 50MG,50mg,TABLETA,TAB,CAJA,100,2/28/2023,EN00115,AC FARMA
7750936001970,13,BISOPROLOL,5 mg,TABLETA RECUBIERTA,TABLETA,CAJA TABLETA,100,6/30/2024,EN03590,AC FARMA
7750936002113,13,CEFALOXIME,250/5,SUSPENSION,SUSPENSION,FRASCO,1,,N19818,AC FARMA
7750936002120,13,CEFALOXIME,250 MG/5ML,POLVO PARA SUSPENSION ORAL,POLVO PARA SUSPENSION ORAL,FRASCO X 70 ML,1,,EN01951,AC FARMA
7750936002236,13,FLUCOSTAT,200mg,Tableta,Tableta,Caja Tab.,1,6/26/2010,N19692,AC FARMA
7750936002366,13,ITRACONAZOL,100 mg,CAPSULA,CAPSULA,CAJA CAPS,100,9/4/2021,EN03806,AC FARMA
7750936002403,13,CIPROFIBRATO,100 mg,Cápsula,CAPSULA,Caja Envase Blister Cápsulas,100,8/20/2021,EN04005,AC FARMA
7750936002458,13,BICALUTAMIDA AC-FAR,50MG,TABLETA,TABLETA,CAJA,28,,NG4357,AC FARMA
7750936002540,13,EFAVIRENZ,200mg,CAJA,CAJA,CJA * 100,1,6/3/2016,NG043950000,AC FARMA
7750936002564,13,TALENTUM,10mg,Tableta,Tableta,Caja Tab.,30,10/14/2013,N20881,AC FARMA
7750936002588,13,TALENTUM,5mg,Tableta,Tableta,Caja Tab.,30,6/24/2010,N21845,AC FARMA
7750936002595,13,CODISTAT,60mg/2ml,AMPOLLA,AMPOLLA,Caja,1,,N22102,AC FARMA
7750936002779,13,BICALUTAMIDA 150MG X1(AC -FAR),,,,,1,,,LABORATORIOS AC FARMA S.A.
7750936002892,13,URCIN,200mg,Tableta,Tableta,Caja Tab.,20,9/30/2010,N21990,AC FARMA
7750936002915,13,CETAXIN,100mg,Cápsula,Capsula,Caja Cap.,30,8/24/2010,N21925,AC FARMA
7750936002953,13,MERSOLAT- D,0.02,GOTAS,GOTAS,GOTAS,1,,N-22219,AC FARMA
7750936002960,13,CEFRASPOR 500 MG X 1TAB,,,,,1,,,LABORATORIOS AC FARMA S.A.
7750936003035,13,CARDIMAX,6MG,AMPOLLA,AMPOLLA,AMPOLLA,1,,N22233,AC FARMA
7750936003080,13,ETIFRIN,10 mg. / 1ml.,AMPOLLA,AMPOLLA,CAJA,10,,N22232,AC FARMA
7750936003103,13,COLISMET,100 mg,POLVO PARA SOLUCION INYECTABLE,INYECTABLE,VIAL,1,9/4/2022,EN05571,AC FARMA
7750936003127,13,MIDANEX,50MG,VIAL,VIAL,VIAL,1,,N22092,AC FARMA
7750936003158,13,BIPERIDENO 5MG/ML INY X 1AMP,,,,,1,,,LABORATORIOS AC FARMA S.A.
7750936003165,13,AZESTAN,1MG,VIAL,VIAL,VIAL,1,,N22086,AC FARMA
7750936003196,13,PREDNISONA,20 MG,CAJA,TABLETAS,20mg Tab. x 100,,,EN-04767,Lab. AC Farma S.A.
7750936003288,13,AZITROMICINA AC-FAR,500MG 2ML,TAB,TAB,CJA,30,3/30/2019,EN-00786,AC FARMA S.A.
7750936003349,13,OMEPRAZOL AC-FARMA CAP 20MG,20MG,CAPSULA,CAP,CAJA,,,EN01987,AC FARMA
7750936003363,13,NOVOCORTIL AMPx250MGx1,,,,,1,,,LABORATORIOS AC FARMA S.A.
7750936003394,13,FER-IV 2A(INTERFERON ALFA) (AC FARMA),9 MILLONES U.I,FRASCO,FCO,CAJA X 1,1,,BE00303,AC FARMA
7750936003554,13,DEFLAZACORT,6 MG,TABLETAS,TAB,TAB X10,1,10/1/2019,EN-00722,AC PHARMA
7750936003677,13,CEFRASPOR 250MG/5MLSUSP X 75ML,250mg,suspension,SUSPENSION,FCO,1,,EN-02060,AC FARMA
7750936003707,13,NEUROPENTIN,300mg,Cápsula,Capsula,Caja Cap.,20,3/13/2010,N19590,AC FARMA
7750936003745,13,VALPRAX 250MG/5ML,250 mg/ 5 ml,Jarabe,Jbe,Frasco x 1200 ml,1,,N-27099,AC FARMA
7750936003776,13,VALPRAX 500 MG / 5 ML X 1 AMPOLLA,,,,,1,,,LABORATORIOS AC FARMA S.A.
7750936003783,13,EXEMASTIN 25MG TAB REC CJX30(ACF),25 MG,TABLETA,TAB,CAJAX30,1,1/3/2017,N-27048,AC FARMA
7750936003813,13,MIDAZOLAM AC-FAR,5MG,AMPOLLA,AMPOLLA,CAJA,10,,NG4855,AC FARMA
7750936003967,13,ETAMOLIN,,TABLETA,TABLETA,CAJA,100,,N22342,AC FARMA
7750936004063,13,OSTAC-D,1500 MG+200 UI,Tableta Recubierta,TABLETA,Caja,30,3/31/2024,DN0079,LABORATORIOS AC FARMA S.A.
7750936004148,13,ETAMOLIN 50 MG P LIOF. INY X 1,,,,,1,,,LABORATORIOS AC FARMA S.A.
7750936004162,13,NIMODIP,10mg,VIAL,VIAL,VIA *   1,1,5/17/2017,N0224290000,AC FARMA
7750936004360,13,TIAZID TABX50MGX1,,,,,1,,,LABORATORIOS AC FARMA S.A.
7750936004629,13,LEFLUMIDE 20 MG X 1 TABLETA,,,,,1,,,LABORATORIOS AC FARMA S.A.
7750936004650,13,ZESTANID,0.10%,Crema,Crema,Caja Tbo. X 15 g,1,11/14/2009,N21479,AC FARMA
7750936004674,13,ATORVASTATINA,40MG,TABLETAS,TABLETAS,CAJA,100,,NG-5357,MARFAN
7750936004735,13,QUIMOFLAM,15 mg,Tableta,TABLETA,Caja Envase Folio Tabletas,50,11/23/2019,EN02557,AC FARMA
7750936004872,13,MIDANEX,50 mg/10 mL,SOLUCION INYECTABLE,INYECTABLE,CAJA,10,11/4/2020,EN02016,AC FARMA
7750936004902,13,NOGESTROL,0.75mg,Tableta,Tableta,Caja Tab.,20,4/6/2011,N22473,AC FARMA
7750936004919,13,NOGESTROL,1.5mg,Tableta,Tableta,Caja Tab.,1,8/27/2011,N22886,AC FARMA
7750936004995,13,CODISTAT,60 Mg. 2 Ml.,AMPOLLA,AMPOLLA,CAJA,50,,N22102,AC FARMA
7750936005046,13,ZESTANID,0.10%,Emulsión,Suspension,Tubo X 20 g,1,9/19/2011,N22852,AC FARMA
7750936005107,13,CLINDAMICINA,300MG,CAPSULA,CAP,CAJA,100,6/12/2018,EN-00940,AC FARMA
7750936005121,13,DIVALPRAX,500mg,Tableta de Liberación Retardada,Tableta,Caja Tab.,30,3/6/2010,N19578,AC FARMA
7750936005145,13,HELMINAR,3MG/3ML,SOLUCION INYECTABLE,SOL.,FRASCO 3mL.,1,,N-225,LABORATORIO AC FARMA S.A
7750936005206,13,CEPIRON,12.5mg,Tableta,Tableta,Caja Tab.,30,3/27/2012,N23363,AC FARMA
7750936005220,13,ZIDUVIN,4mg,VIAL,VIAL,VIA *   1,1,5/23/2017,N0236910001,AC FARMA
7750936005237,13,CIMICILE,50mg,Tableta,Tableta,Caja Tab.,10,7/23/2012,N23676,AC FARMA
7750936005275,13,TAMSURIL,0.4MG,CAPSULA,CAPSULA,CAJA,30,,N22776,AC FARMA
7750936005282,13,ANGIPEC TAB 80MG X 1TAB,,,,,1,,,LABORATORIOS AC FARMA S.A.
7750936005398,13,FLACIDINE VIA 50MG 5ML,50MG,VIAL,VIA,VIAL,1,8/1/2019,N23651,AC FARMA
7750936005473,13,LEVOPROXOL 500MG X 1 TAB,,,,,1,,,LABORATORIOS AC FARMA S.A.
7750936005558,13,BETRAPONE TAB 500MG,500MG,TABLETA,TAB,CAJA,120,9/1/2017,N24047,AC FARMA
7750936005602,13,BUDEXOL AQUA 32 MCG SPRAY NASAL X 120 DOSIS,,,,,1,,,LABORATORIOS AC FARMA S.A.
7750936005619,13,BUDEXOL AQUA 64 MCG SPRAY NASAL X 120 DOSIS,,,,,1,,,LABORATORIOS AC FARMA S.A.
7750936005633,13,FAZODIN 5MG X 1 TABLETA,,,,,1,,,LABORATORIOS AC FARMA S.A.
7750936005725,13,CLOTIPIDE 250MG X 1TB,,,,,1,,,LABORATORIOS AC FARMA S.A.
7750936005763,13,LACRIMEL,0.003,SOL OFTALMICA,,CAJA,15,,N-24034,ACFARMA
7750936005794,13,PANTUL,,VIAL,VIAL,VIAL,1,,N23381,AC FARMA
7750936005800,13,ETRIFIN AMP 10MG 1ML,10MG,AMPOLLA,AMP,CAJA,10,10/1/2019,EN02658,AC FARMA
7750936005824,13,VAGISTEN,,CAJA,OVULOS,Caja Ov. x 10,,,N-23979,Lab. AC Farma S.A.
7750936005848,13,DOXICICLINA,100 mg,TABLETA RECUBIERTA,TABLETA,CAJA TAB,100,3/6/2018,EN02022,AC FARMA
7750936005879,13,HELMINAR,1MG,TABLETAS,TAB.,TABLETAS,1,,N-22334,LABORATORIO AC FARMA S.A
7750936005978,13,CORTIFLEX,50mg/5mL,Suspensión para Inyección,Inyectable,Caja Vial X 5 mL,1,9/16/2010,N21961,AC FARMA
7750936006005,13,SUCRALEX,1g/5mL,Suspensión,Suspension,Caja Fco. X 200 mL,1,5/18/2010,N21912,AC FARMA
7750936006012,13,NILACTIN,,CAPSULA,CAPSULA,CAJA,5,,N23932,AC FARMA
7750936006016,13,TAMSULOSINA,0.4 MG,CAPSULA,CAP.,CAJA X 50 CAP.,50,,EN-00055,AC FRAMA
7750936006043,13,"ANTIF 2,5 X 1 TB",,,,,1,,,LABORATORIOS AC FARMA S.A.
7750936006098,13,CEPIRON 6.25 MG X 1 TABLETA,,,,,1,,,LABORATORIOS AC FARMA S.A.
7750936006135,13,NIMODIPINO AC-FAR,30MG,TABLETA,TABLETA,CAJA,100,,NG5561,AC FARMA
7750936006159,13,LEVOPROXOL 750 MG,LEVOFLOXACINO,CAJA X 5 TABLETAS,CAJA X 5 TABLETAS,CAJA,5,10/1/2018,EN-03718,LAB AC FARMA
7750936006296,13,INMUNOGLOBULINA HUMANA NORMAL AL 5% (IV GLOBULIN),50 mg/mL,Solución para Perfusión,INYECTABLE,Caja Ampolla x 1 mL,1,8/24/2017,BE00880,AC FARMA
7750936006357,13,NURECEL 60 MG/ 0.6 ML X 1 AMP,,,,,1,,,LABORATORIOS AC FARMA S.A.
7750936006401,13,INDOMET TAB 500MG,500mg,TABLETA,TAB,CAJA,50,,EN05037,AC FARMA
7750936006487,13,INHARANE 100% P/INH X 250ML,1,FRACO VIDRIO,FRASCO,FCO. 250 ML,1,,N-25492,AC FARMA
7750936006500,13,CORTIFLEX,40 MG/ML,SUSPENSIÓN INYECTABLE,SUSP. INY.,CAJA X 1SUSP. INY.,1,,EN-00022,AC FARMA
7750936006548,13,ACICLOVIR,250MG,POLVO LIOFILIZADO PARA INYECCION I.V.,SOL.,AMPOLLA,1,,NG-4862,LABORATORIO AC FARMA S.A
7750936006586,13,TERAZOSINA,5mg,CAJA,CAJA,CJA *  50,50,5/23/2017,NG036430000,AC FARMA
7750936006616,13,TAMSULOSINA 0.4 MG,0.4MG,CAPSULAS,CAPS,CAPS,1,,en-00055,PHARMACHECK
7750936006623,13,ALBUMIN 20% X 50ML,20% X 50ML,FRASCO,FRASCO,50ML,1,8/1/2020,EE-00896,AC FARMA
7750936006715,13,CEFALEXINA 250 MG/5ML FCOX 60ML AC,,,,,1,,,LABORATORIOS AC FARMA S.A.
7750936006739,13,RINEPAN,10 MG,TABLETAS,,CAJA TAB,10,,N26918,LABORATORIOS AC FARMA
7750936006777,13,MUPIROX,2%  x 1 x 15g,TUBO,CREMA,2% Tubo Crema x 1 x 15g,,,N-26411,Lab. AC Farma S.A.
7750936006807,13,UTIVEX VIA 5MG,5MG,VIAL,VIA,VIAL,1,3/1/2019,EN05199,AC FARMA
7750936006890,13,VALSARTAN,80% X 80 mg.,TABLETA,TAB,CAJA,100,,EN00164,AC FARMA
7750936006906,13,VALSARTAN AC-FAR,160% X 160 mg.,TABLETA,TAB,CAJA,100,,EN00159,AC FARMA
7750936006944,13,COLISMET 150MG VIAL,,,,,1,,,LABORATORIOS AC FARMA S.A.
7750936007033,13,BISACODILO,5 mg,TABLETA DE LIBERACION RETARDADA,TABLETA,CAJA TAB,100,12/28/2017,NG6398,AC FARMA
7750936007132,13,ALPRAZOLAM AC-FAR TAB 0.5MG,0.5MG,TABLETA,TAB,CAJA,200,,EN00679,AC FARMA
7750936007200,13,DEFLAZACORT 30 MG,30MG,TABLETA,TAB,CAJA X 10 UNIDADES,,,E-15042,AC FARMA
7750936007248,13,OXIBUTINA AC-FARMA,5% X 5 mg.,TABLETA,TAB,CAJA,50,,NG6396,OXIBUTININA
7750936007286,13,PAROXETINA AC-FAR TAB 20MG,20MG,TABLETA,TAB,CAJA,50,,EN00432,AC FARMA
7750936007583,13,FLUCOSTAT,200 MG,CAJA,TABLETAS,200mg Caja Tab. x 1,1,,EN-01197,Lab. AC Farma S.A.
7750936007620,13,PARGEVIN COMPUESTO,15/100 MG,AMP,AMP,CJA,1,2/9/2020,N-26729,ACEFARMA
7750936007767,13,CEFOPRON IM X 1 GR,CEFTRIAXONA 1 GR,FRASCO X 1 AMPOLLA,FRASCO X 1 AMPOLLA,AMPOLLA,1,1/7/2018,EN-02308,LABORATORIO AC FARMA
7750936007811,13,ETAMOLIN,50mg,CAJA,CAJA,CJA *  10,10,11/25/2010,N0223360001,AC FARMA
7750936007828,13,FENTANILO,0.5 MG /10 ML,SOLUCION INYECTABLE,SOLUCION INYECTABLE,CAJA X 50 UNIDADES,,,NG5241,AC FARMA
7750936007873,13,CEFALEXINA 500 MG,500 MG,TABLETA,TAB,CAJA X 100 UNIDADES,100,,EN02082,AC FARMA
7750936007880,13,LORATADINA 10 MG,10 MG,TABLETA,TAB,CAJA X 100 UNIDADES,100,,EN02861,AC FARMA
7750936007958,13,BOMILEN,5 MG,CAJA,TABLETAS,5mg Tab. x 21,1,,EN-03158,Lab. AC Farma S.A.
7750936008023,13,TRICINOL 50MG/5ML,50 MG/5 ML,FRASCO,FCO,CJA X 1,1,3/30/2021,EN03074,LABORATORIOS AC FARMA S.A.
7750936008290,13,CEFALOXIME,250/5,FRASCO,FRASCO,FCO *   1,1,,,AC FARMA
7750936008641,13,DROLOQUIN,400 mg,TABLETA RECUBIERTA,TABLETA,CAJA TAB,10,5/24/2021,EN03388,AC FARMA
7750936008764,13,OSTAC-D,1500MG,TABLETAS,TABLETAS,CAJA,30,,DN-0475,AC.FARMA
7750936008917,13,BIPERIDENO LACTATATO,5 mg/mL,SOLUCION INYECTABLE,INYECTABLE,AMPOLLA x 1 mL,10,6/22/2020,NG4687,AC FARMA
7750936008924,13,MIDAZOLAM,5 mg/5 mL,SOLUCION INYECTABLE,INYECTABLE,AMPOLLA x 5 mL,10,2/13/2021,EN02797,AC FARMA
7750936009068,13,ITRAMICOL 100MG CAP X 16 (AC FARMA),100 MG,CAPSULAS,CAP,CJA X 16,16,,,AC FARMA
7750936009075,13,ITRAMICOL 100MG CAPS X 4,100 MG,CAPSULA,CAP,CJA X 4,4,,EN0088,LABORATORIOS AC FARMA S.A
7750936009143,13,LEVOFLOXACINO 500 MG,500 MG,TABLETA,TAB,CAJA X 100 UNIDADES,100,,EN04927,AC FARMA
7750936009167,13,MUPIROCINA UNG TOP 2% TUB X 15 GR (AC FARMA),0.02,TUBO,TBO,CJA X 1,1,1/18/2022,EN05122,LABORATORIOS AC FARMA S.A.
7750936009280,13,RAZOX VIA 500MG,500mg,VIAL,VIA,VIAL,1,,EN05012,AC FARMA
7750936009563,13,ACEVIR (ACICLOVIR) 250MG AMP CJA X10 (AC FARMA),250 MG,AMPOLLA,AMP,CJA X 10,10,6/18/2023,EN00085,LABORATORIOS AC FARMA S.A.
7750936009617,13,TROZOL 1MG X 30 TAB,1MG,TABLETA,TAB,TAB,30,,EN-03483,AC FARMA
7750936009969,13,NEOTERON,50 mg,TABLETA,TABLETA,CAJA TAB,100,4/12/2024,EN06211,AC FARMA
7750936033630,13,NOVOCORTIL 250MG INY. VIAL X 1,250MG,CAJA,CAJA,AMPOLLA,1,,,AC FARMA
7750936065835,13,BIPERIDENO,2mg,Tableta,Tableta,Caja Tab.,100,9/9/2013,NG1767,AC FARMA
7750936065866,13,ERGONEX,,Tableta,Tableta,Caja Tab.,100,4/12/2014,N19221,AC FARMA
7750936065927,13,FLUTAMIDA AC-FARMA,,TABLETA,TABLETA,CAJA,100,,NG1966,AC FARMA
7750936065989,13,REUMATREX,2.5mg,Tableta,Tableta,Caja Tab.,100,4/12/2014,N19220,AC FARMA
7750936066016,13,ACETAZOLAMIDA,250mg,CAJA,TABLETAS,250mg Tab. x 100,,,EN-00308,Lab. AC Farma S.A.
7750936066030,13,MUPIROX,0.02,TUBO,UNGÜENTO,2% TUBO UNG X 15 G.,1,,EN-00763,LAB. AC FARMA
7750936066122,13,PREDNISONA, 50 MG,TAB,TAB,CAJA X 100,,,NG2131,AC FARMA
7750936087271,13,TAMOXIFENO,20  mg,TABLETAS,TABLETAS,CAJA X 30 UNIDADES,30,,NG1862,LABORATORIOS AC FARMA S.A.
7750936087349,13,REUMAQUIN,400 mg,TABLETA RECUBIERTA,TABLETA,CAJA TABLETA,10,3/30/2024,EN07435,AC FARMA
7750936087394,13,REUMAQUIN TABX400MGX1,,,,,1,,,LABORATORIOS AC FARMA S.A.
7750936087486,13,REFRAXOL,100mg,Tableta,Tableta,Caja Tab.,30,3/15/2010,N19596,AC FARMA
7750936089169,13,FLACORT,6mg,Tableta,Tableta,Caja Tab.,10,8/22/2010,N19743,AC FARMA
7750936089244,13,CORTIFLEX,0.025%,LOCION,LOCION,FRASCO,1,,N19804,AC FARMA
7750936089329,13,TONOCOR,100mg,Tableta,Tableta,Caja Tab.,30,12/28/2010,N19837,AC FARMA
7750936089343,13,TONOCOR,50mg,Tableta,Tableta,Caja Tab.,30,12/28/2010,N19838,AC FARMA
7750936250385,13,CEFACLOR 250MG/5ML FCO X 75ML (AC FARMA),250 MG/5 ML,FRASCO,FCO,CJA X 1,1,9/4/2021,NG2942,LABORATORIOS AC FARMA S.A.
7750936300493,13,CEFADROXILO,250mg/5ml,JARABE,JBE,FCO X 1,1,,NG-3008,FARMINDUSTRIA
7750936300691,13,FENOTEC,5 mg/mL,SOLUCION ORAL,SOLUCION ORAL,FRASCO GOTERO x 20 mL,1,5/22/2012,N20221,AC FARMA
7750936305238,13,CEFACLOR 500MG X 1 TAB  ( AC FARMA),,,,,1,,,LABORATORIOS AC FARMA S.A.
7750936308246,13,TERBISIL 1% CREX15G,,,,,1,,,LABORATORIOS AC FARMA S.A.
7750936313493,13,VAGISTEN,0.10%,Crema Vaginal,Crema Vaginal,Tubo X 15 g,1,5/30/2012,N20231,AC FARMA
7750936431722,13,LEXIN TABX500MGX1,,,,,1,,,LABORATORIOS AC FARMA S.A.
7750936431739,13,VALPRAX,500mg,Tableta,Tableta,Caja Tab.,30,11/9/2013,N19068,AC FARMA
7750936431746,13,PIRIDOXINA TABX50MGX1 (AC),,,,,1,,,LABORATORIOS AC FARMA S.A.
7750936431753,13,MODUL 10 MG X 1,,,,,1,,,LABORATORIOS AC FARMA S.A.
7750936431777,13,AMIODARONA TABX200MGX1 (AC),,,,,1,,,LABORATORIOS AC FARMA S.A.
7750936431784,13,COLCHICINA,0.5 MG,CAJA,TABLETAS,0.5 MG TAB. X 100,1,,EN-00972,LAB. AC FARMA
7750936431814,13,DOXY 100,100mg,Tableta,Tableta,Caja Tab.,100,9/28/2013,N19032,AC FARMA
7750936431821,13,ENALAPRIL TAB 10MG X 1 (AC),,,,,1,,,LABORATORIOS AC FARMA S.A.
7750936431920,13,DANAZOL,200 mg,Cápsula,CAPSULA,Caja Envase Blister Cápsulas,100,3/18/2017,EN00079,AC FARMA
7750936431944,13,CLINDAMAX,300mg,Cápsula,Capsula,Caja Cap.,100,9/8/2013,N19005,AC FARMA
7750936432880,13,CIPROFLOXACINO,500 MG,TABLETA,TAB.,CAJA X 100 TABLETAS,100,,NG-1761,AC FARMA
7750936436864,13,CLOTRIMAZOL,1% / 20gr.,CREMA,CREMA,CHISGUETE,1,,NG1714,FARMO ANDINA
7750936459214,13,KETOCONAZOL AC-FAR TAB 200MG,200MG,TABLETA,TAB,CAJA,100,1/1/2020,EN00973,AC FARMA
7750936531576,13,CORTIFLEX,0.03%,Crema,Crema,Tubo X 60 g,1,5/20/2014,N19256,AC FARMA
7750936541728,13,CEFADROXILO TABX500MGX1 (AC),,,,,1,,,LABORATORIOS AC FARMA S.A.
7750936541742,13,VALPRAX,200mg/mL,Solución,Solucion,Fco. X 40 mL,1,1/25/2011,N19864,AC FARMA
7750936548956,13,MODUL COMPUESTO,,Tableta,Tableta,Caja Tab.,100,6/22/2014,N19291,AC FARMA
7750936549038,13,VALPRAX,500mg,Tableta,Tableta,Caja Tab.,30,11/9/2013,N19068,AC FARMA
7750936550270,13,BETAMETASONA 0.05% CREMA TU X 20G,0.05%,CREMA,CREMA,TUBO,1,,EN00006,AC FARMA
7750936552205,13,CLOZOL,20g,Tubo,Tabletas,1% Tubo Crema x 20g,1,,,Lab. AC Farma S.A.
7750936577277,13,TAMOXIFENO,20mg,Tableta,Tableta,Caja Tab.,100,12/21/2013,NG1862,AC FARMA
7750936586538,13,CLOZOL,500mg,Tableta Vaginal,Ovulo,Caja Tab.,1,5/5/2014,N19237,AC FARMA
7750936586552,13,CLOBENATE UNGx0.05%x30GR,,,,,1,,,LABORATORIOS AC FARMA S.A.
7750936586569,13,CORTIMAX,0.05%,Crema,Crema,Tubo X 20 g,1,10/13/2009,N19389,AC FARMA
7750936602726,13,D-PENIL,250mg,CAJA,CAJA,CJA *  20,20,12/3/2012,N0192140000,AC FARMA
7750936633645,13,CLOBENATE,0.05%,Crema,Crema,Tubo X 25 g,1,10/5/2009,N19379,AC FARMA
7750936633751,13,DROXAMIDA,,CAPSULA,CAPSULA,CAJA,100,,N19345,AC FARMA
7750936633775,13,AMIASTEN,60mg,Tableta Recubierta,Tableta,Caja Tab.,100,4/12/2014,N19219,AC FARMA
7750936718281,13,FLUOXETINA 20MG TAB CJA X 100 (AC FARMA),20MG,TABLETA,TAB,TAB,100,,EN-00654,AC FARMA
7750936718304,13,CLONAZEPAM,2 mg,TABLETA,TABLETA,CAJA TAB,100,9/9/2023,EN00328,AC FARMA
7750936719639,13,ESPIRONOLACTONA TABX100MGX1(AC),,,,,1,,,LABORATORIOS AC FARMA S.A.
7750936719677,13,ERITROMICINA,500MG,TABLETA,TAB,CAJA,100,9/28/2018,NG-1784,AC FARMA
7750936719721,13,FLUCOSTAT,200MG,TABLETA,TABLETA,CAJA,1,,N19692,AC FARMA
7750936719745,13,TIAZID,12.5mg,Tableta,Tableta,Caja Tab.,30,2/26/2011,N19889,AC FARMA
7750936719752,13,TIAZID,25mg,Tableta,Tableta,Caja Tab.,30,2/23/2011,N19885,AC FARMA
7750936719783,13,PROXACIN,500mg,Cápsula,Capsula,Caja Cap.,20,6/18/2011,N19954,AC FARMA
7750936719813,13,FLACORT,30mg,Tableta,Tableta,Caja Tab.,10,7/9/2011,N19964,AC FARMA
7750936719820,13,DUOVENTIMAX,100 mcg / 50 mcg,SALBUTAMOL / BECLOMETASONA,INHALACION ORAL,15 G,1,3/1/2020,E-21599,LABORATORIOS AC FARMA S.A.
7750936719844,13,ALPRAZOLAM,0.5mg,Tableta,Tableta,Caja Tab.,100,3/1/2015,NG2334,AC FARMA
7750936719899,13,ANGIPEC TAB 160MG X 1TAB,,,,,1,,,LABORATORIOS AC FARMA S.A.
7750936719905,13,BOMILEN,10 mg,Cápsula,Cap,Caja x 21,21,3/6/2021,EN-03247,AC Farma
7750936719912,13,PREDNISONA,5 MG,Tableta,Tableta,Caja,100,9/1/2022,EN04524,AC FARMA
7750936740923,13,VENTIMAX,100mcg/dosis,Inhalador,Inhalador,Caja Fco. X 250 Dosis,1,9/3/2011,E14128,AC FARMA
7750936740985,13,METILPREDNISOLONA,500 MG,POLVO PARA SOLUCIÓN INYECTABLE,POLVO PARA SOLUCIÓN INYECTABLE,CAJA X 10 UNIDADES,,,EN03029,AC FARMA
7750936741005,13,FLACIDINE,50 MG/5 ML,VIA,VIA,CAJA,25,,N23651,AC FARMA
7750936741098,13,ACITREXOL 25 MG x 100 CAPS.,500mg,Frasco,Frasco,solucion,1,,,glaxo
7750936741104,13,ESPIRONOLACTONA,100mg,Tableta,Tableta,Caja Tab.,100,8/16/2010,NG2460,AC FARMA
7750936745324,13,CEPIRON TAB 25MG X 1TAB,,,,,1,,,LABORATORIOS AC FARMA S.A.
7750936745331,13,CLOMINIL 10MG TAB X 1,,,,,1,,,LABORATORIOS AC FARMA S.A.
7750936745393,13,CLOBETASOL,0.0005,Crema,CREMA,Caja Tubo x 25 g,1,10/13/2018,EN01841,AC FARMA
7750936745560,13,NURECEL 80 MG INY (AC FARMA),80 MG,AMPOLLA,AMP,CJA X 1,1,10/14/2019,BN00028,LABORATORIOS AC FARMA S.A.
7750936745621,13,REUMOL,150 MG,TABLETA,TAB.,CAJA X 1 TAB.,1,,N-27000,AC FARMA
7750936745690,13,NEOTERON,,TABLETA,TABLETA,CAJA,100,,N19218,AC FARMA
7750936807930,13,LADEXOL,0.10%,Crema,Crema,Tubo X 15 g,1,1/2/2012,N20064,AC FARMA
7750936807961,13,CEFALOXIME,500mg,Tableta,Tableta,Caja Tab.,10,6/10/2009,N19278,AC FARMA
7750939000048,13,HIPERLIPEN,,Cápsula,Capsula,Caja Cap.,10,12/13/2012,N24138,SANOFI
7750939000055,13,HIPERLIPEN,,Cápsula,Capsula,Caja Cap.,30,12/13/2012,N24138,SANOFI
7750939000116,13,WINTOMYLON,250/5,SUSPENSION,SUSPENSION,FRASCO,1,,N24226,SANOFI-AVENTIS
7750939000123,13,PLAQUINOL,400MG,TABLETA,TABLETA,CAJA,10,,N24205,SANOFI-AVENTIS
7750939000192,13,MUSCORIL,8mg,Cápsula,Capsula,Caja Cap.,10,7/2/2012,E19522,SANOFI
7750939000307,13,PENTAXIM,,JERINGA PRELLENADA,JERINGA PRELLENADA,JER *   1,1,1/31/2017,BE002140002,SANOFI-AVENTIS
7750939000314,13,HESPER VIT K GOTAS PEDIATRIACAS 15ML,,,,,1,,,LABORATORIOS UNIDOS S.A.
7750939000321,13,Vacuna Fluquadri jrga precargada x 0.50 ml,0.50 ml,suspension,suspension,cja x 5 unidades,1,,BE00865,SANOFI AVENTIS
7750939000352,13,Vacuna Fluquadri jrga precargada x 0.25 ml,0.25 ml,suspension,suspension,cja x 5 unidades,1,,BE00837,SANOFI AVENTIS
7750939002745,13,PNEUMO-23 AMPx1 DOSIS  J/P/L,,,,,1,,,AVENTIS PASTEUR MERIUX
7750939002769,13,TRIMOVAX,,VIAL,VIAL,CAJA,10,,BE00008,SANOFI-AVENTIS
7750939003032,13,TETRAXIM,,JERINGA PRELLENADA,JERINGA PRELLENADA,JERINGA PRELLENADA,1,,BE00213,SANOFI-AVENTIS
7750939003254,13,TETAVAX,,JERINGA PRELLENADA,JERINGA PRELLENADA,JERINGA PRELLENADA,1,,BE00494,SANOFI-AVENTIS
7750939234504,13,PRIMPERAN,10mg/2mL,Solución para Inyección,Inyectable,Amp. X 2 mL,1,12/18/2012,E15062,SANOFI
7750939430814,13,VALPAKINE,200mg/mL,Solución Bebible,Solucion,Fco. X 40 mL,1,9/9/2012,E6152,SANOFI
7750939430821,13,VALPAKINE,500mg,Gragea,Tableta,Caja Grag.,40,12/1/2010,E13422,SANOFI
7750940000174,13,FORNAX,500mg,Tableta,Tableta,Caja Tab.,10,5/12/2013,N20656,INFARMASA
7750940000273,13,NIMODIPINO,30mg,Tableta,Tableta,Disp. Tab.,100,6/20/2013,NG3794,INFARMASA
7750940000310,13,ORACLOR,500mg,Tableta de Liberación Prolongada,Tableta,Caja Tab.,10,8/1/2013,N20781,INFARMASA
7750940000334,13,PREDNISONA,50mg,Tableta,Tableta,Caja Tab.,100,7/18/2013,NG3839,INFARMASA
7750940000389,13,ALLEMAX,120mg,Tableta Recubierta,Tableta,Caja Tab.,10,7/10/2013,N20746,INFARMASA
7750940000396,13,ALLEMAX,180mg,Tableta Recubierta,Tableta,Caja Tab.,10,7/8/2013,N20737,INFARMASA
7750940000464,13,ORACLOR,250mg/5mL,Polvo para Suspensión Oral,Suspension,Fco. X 100 mL,1,8/5/2013,N20783,INFARMASA
7750940000617,13,DEXACORT O,,Solución Oftálmica,Solucion Oftalmica,Fco. X 3 mL,1,6/16/2013,N20701,INFARMASA
7750940000686,13,NEUROCAL,,Tableta Recubierta,Tableta,Caja Tab.,30,8/5/2013,N20784,INFARMASA
7750940000709,13,DEXACORT,0.5mg/5mL,Elixir,Solucion,Fco. X 100 mL,1,2/15/2010,N4905,INFARMASA
7750940000778,13,ZOPRAZ,15mg,Cápsula,Capsula,Caja Cap.,30,11/11/2013,N20936,INFARMASA
7750940001195,13,CELECOXIB,200mg,Cápsula,Capsula,Caja Cap.,100,2/26/2014,NG4244,INFARMASA
7750940001201,13,REDEX PLUS,,Inyectable,Inyectable,Amp.,2,4/5/2014,N21145,INFARMASA
7750940001218,13,LANSOPRAZOL,30mg,Cápsula,Capsula,Caja Cap.,30,12/3/2013,NG4157,INFARMASA
7750940001294,13,DIURACE,12.5mg,Tableta,Tableta,Caja Tab.,30,5/18/2009,N21198,INFARMASA
7750940001331,13,DOLO-LIVIOLEX,75MG,AMPOLLA,AMPOLLA,AMPOLLA,1,,N21243,MAGMA-SANITAS
7750940001362,13,ITRACONAZOL,100mg,Cápsula,Capsula,Caja Cap.,15,7/6/2014,NG4397,INFARMASA
7750940002031,13,DOLO LIVIOLEX PEDIATRICO SABOR A UVA,5mg/mL,Suspensión,Suspension,Fco. X 20 mL,1,6/8/2009,N21235,INFARMASA
7750940002048,13,DOLO LIVIOLEX,,Suspensión,Suspension,Caja Fco. X 60 mL,1,6/8/2009,N21234,INFARMASA
7750940002321,13,AREMIL,15mg/1.5mL,Solución para Inyección,Inyectable,Amp. X 1.5 mL,1,3/8/2014,N21105,INFARMASA
7750940002437,13,AREMIL,7.5mg,Tableta,Tableta,Caja Tab.,30,6/17/2013,N20702,INFARMASA
7750940002444,13,AREMIL,15mg,Tableta Recubierta,Tableta,Caja Tab.,30,7/10/2013,N20747,INFARMASA
7750940002680,13,ANTALGINA,400mg/mL,Gotas Oral,Solucion,Fco. X 10 mL,1,2/8/2010,N21551,INFARMASA
7750940002703,13,BRONCO PENAMOX DUO,750mg+15mg/5mL,Suspensión,Suspension,Fco. X 70 mL,1,9/20/2009,N21406,INFARMASA
7750940002758,13,ANTALGINA,200mg/mL,Gotas Oral,Solucion,Fco. X 10 mL,1,6/24/2010,N21839,INFARMASA
7750940002871,13,FRUTAZYM,,Cápsula,Capsula,Caja Cap.,100,7/24/2013,N20771,INFARMASA
7750940002918,13,CETIRIZINA,5mg/5mL,Solución Oral,Solucion,Caja Fco. X 60 mL,1,9/17/2013,NG3971,INFARMASA
7750940003014,13,C FAL,250mg/5mL,Suspensión,Suspension,Fco. X 60 mL,1,11/26/2011,N18590,INFARMASA
7750940003472,13,CAROTAN,1g,Polvo para Solución Inyectable,Inyectable,Vial + Solv. X 10 mL,1,7/22/2010,N21873,INFARMASA
7750940003762,13,ASEPTIL ROJO S TOQUES,5%,Solución,Solucion,Fco. X 20 mL,1,7/5/2012,N20271,INFARMASA
7750940004011,13,NOTIDERM PLUS,,Crema,Crema,Disp. Tbo. X 10 g,10,4/8/2011,N18393,INFARMASA
7750940004073,13,CLINDACIN,600mg/4mL,Solución para Inyección,Inyectable,Amp. X 4 mL,1,7/12/2013,N16754,INFARMASA
7750940004134,13,CEFTRIAXONA,1g,Polvo para Solución Inyectable,Inyectable,Vial,1,9/14/2009,NG2115,INFARMASA
7750940004431,13,CLINDACIN,300mg,Cápsula,Capsula,Caja Cap.,50,9/1/2014,N17595,INFARMASA
7750940004660,13,ASEPTIL INCOLORO,,Spray,Solucion,Disp. Fco. Atom. X 20 mL,1,1/18/2011,N22273,INFARMASA
7750940004721,13,CLORO ALERGAN,1mg/mL,Gotas Oral,Solucion,Fco. Got. X 20 mL,1,3/23/2011,N22411,INFARMASA
7750940004769,13,D SIGYENT,0.75mg,Tableta,Tableta,Disp. Tab.,10,7/7/2011,E18621,INFARMASA
7750940004875,13,URODIXIL FORTE,,Cápsula,Capsula,Caja Cap.,112,7/30/2011,N18512,INFARMASA
7750940004899,13,LIPOSTAT,20mg,Tableta,Tableta,Caja Tab.,30,3/3/2011,N22345,INFARMASA
7750940005155,13,BRONCO PENAMOX DUO,875mg+60mg,Tableta,Tableta,Caja Tab.,70,9/24/2009,N21411,INFARMASA
7750940005216,13,UROPIRID,100mg,Tableta,Tableta,Disp. Tab.,100,12/19/2011,N18639,INFARMASA
7750940005421,13,ZOPRAZ,15MG,CAPSULA,CAPSULA,CAJA,30,,N20936,MAGMA-SANITAS
7750940005438,13,ZOPRAZ,30MG,CAPSULA,CAPSULA,CAJA,30,,N20940,MAGMA-SANITAS
7750940005551,13,LIPOSTAT,10mg,Tableta,Tableta,Caja Tab.,30,3/3/2011,N22346,INFARMASA
7750940006138,13,AVELAR,500mg,Tableta,Tableta,Caja Tab.,7,2/13/2013,N24341,INFARMASA
7750940006305,13,RANIT,150mg,Tableta,Tableta,Caja Tab.,100,7/13/2013,N16755,INFARMASA
7750940006312,13,RANIT,300mg,Tableta,Tableta,Caja Tab.,100,8/17/2013,N16908,INFARMASA
7750940006329,13,RANIT,50mg/2mL,Solución para Inyección,Inyectable,Amp. X 5 mL,6,7/13/2013,N16756,INFARMASA
7750940006336,13,C-FAL,250/5,SUSPENSION,SUSPENSION,FRASCO,1,,N18590,MAGMA-SANITAS
7750940006503,13,BLOCKTEN,400mg,Cápsula,Capsula,Caja Cap.,50,6/12/2013,N24729,INFARMASA
7750940006510,13,MOXICEL 250 MG SUSP X 60 ML,250mg,,,,1,,N24740,ANEXXA
7750940006671,13,CEDRONAR,250mg/5mL,Suspensión,Suspension,Fco. X 100 mL,1,7/17/2013,N24836,INFARMASA
7750940006831,13,CEFRID,500mg,Cápsula,Capsula,Caja Cap.,100,8/28/2013,N24939,INFARMASA
7750940006848,13,CEFRID,250mg/5mL,Suspensión,Suspension,Caja Fco. X 60 mL,1,8/28/2013,N24938,INFARMASA
7750940007081,13,GRABIA,10MG,TABLETA,TABLETA,CAJA,100,,N25181,MAGMA-SANITAS
7750940007241,13,ACEPOT,,Solución para Inyección,Inyectable,Caja Amp.,1,1/7/2014,N25411,INFARMASA
7750940007258,13,AB-FORTIMICIN,1.2g,Polvo para Solución Inyectable,Inyectable,Amp.,1,9/21/2009,N19366,INFARMASA
7750940007517,13,MIKACIN,500mg/2mL,Solución para Inyección,Inyectable,Amp.,1,7/10/2012,N16416,INFARMASA
7750940007524,13,GRABIA,60mg/2mL,Solución para Inyección,Inyectable,Caja Amp. X 2 mL,1,1/16/2014,N25471,INFARMASA
7750940007548,13,URODIXIL FORTE,,Cápsula,Capsula,Caja Cap.,180,7/30/2011,N18512,INFARMASA
7750940007715,13,MEPRECORT,15mg/mL,Solución Oral,Solucion,Caja Fco. X 100 mL,1,10/15/2013,N25108,INFARMASA
7750940007746,13,DOLO LIVIOLEX FLASH,300mg /50mg,Tableta Recubierta,Tableta,Caja Tab.,100,11/29/2011,N20045,INFARMASA
7750940007753,13,REDEX,,Tableta,Tableta,Caja Disp. Tab.,140,3/27/2013,N20604,INFARMASA
7750940007777,13,DOLO LIVIOLEX FLASH,300mg+50mg,Tableta Recubierta,Tableta,Caja Tab.,100,11/29/2011,N20045,INFARMASA
7750940007975,13,REXALGAN,60mg/2mL,Solución para Inyección,Inyectable,Caja Amp. X 2 mL,1,9/29/2014,N26301,INFARMASA
7750940008200,13,CIPROFLOX,500MG,TABLETA RECUBIERTA,TABLETA,Caja Tab.,100,7/1/2019,EN-03109,TEVA
7750940008248,13,CLINDACIN K,,CAJA,OVULOS,Vag. Ov. x 7,,,N-26405,(Ver INFARMASA)
7750940008507,13,FRUTAZYM,,Cápsula,Capsula,Caja Cap.,160,7/24/2013,N20771,INFARMASA
7750940046691,13,MAGNAPEN,1g,Polvo para Solución Inyectable,Inyectable,Vial + Amp. Solv.,1,9/13/2012,N12963,INFARMASA
7750940056508,13,DICLOXACILINA,125mg/5mL,Suspensión,Suspension,Fco. X 60 mL,1,3/3/2014,NG1937,INFARMASA
7750940056515,13,DICLOXACILINA,250mg/5mL,Suspensión,Suspension,Fco. X 60 mL,1,3/3/2014,NG1938,INFARMASA
7750940056522,13,CLOROMISAN,250mg/5mL,Suspensión Oral,Suspension,Fco. X 60 mL,1,11/5/2011,N18566,INFARMASA
7750940071730,13,ANTALGINA,250mg/5mL,Jarabe,Solucion,Fco. X 60 mL,1,8/1/2011,N19978,INFARMASA
7750940071754,13,CLORO ALERGAN,2mg/5mL,Jarabe,Solucion,Fco. X 120 mL,1,8/10/2013,N2928,INFARMASA
7750940071921,13,AB-FORTIMICIN,600mg,Polvo para Solución Inyectable,Inyectable,Amp.,1,9/21/2009,N19365,INFARMASA
7750940071945,13,CEFAZOLINA,1g,Polvo para Solución Inyectable,Inyectable,Vial,1,8/16/2011,EG5082,EXMEK
775094007461,13,FEXALLER,120 MG,TABLETAS,TABLETAS,TABLETAS,1,2/28/2020,N-27071,IQFARMA
7750940075202,13,DEXACORT,0.10%,Crema,Crema,Tubo X 10 g,1,12/10/2013,N20974,INFARMASA
7750940076001,13,CLOROMISAN,1g,Polvo para Solución Inyectable,Inyectable,Vial Solv. X 10 mL,1,2/13/2011,N18331,INFARMASA
7750940079125,13,BRONCO MAGNIMOX,500mg+8mg,Tableta con Cubierta Entérica,Tableta,Caja Tab.,100,4/25/2012,N16375,INFARMASA
7750940082804,13,DEXACORT,4mg,Tableta,Tableta,Caja Tab.,10,11/15/2011,N18577,INFARMASA
7750940087076,13,GLIBENCLAMIDA,5mg,Tableta,Tableta,Caja Tab.,100,9/7/2010,NG1314,INFARMASA
7750940087090,13,CLORFENAMINA,4mg,Tableta,Tableta,Caja Tab.,100,3/21/2011,NG0163,INFARMASA
7750940095958,13,LEVOFERIN,30mg/5mL,Jarabe,Solucion,Fco. X 60 mL,1,7/16/2012,N18779,INFARMASA
7750940095996,13,APACIL,9mg/mL,Gotas Nasal,Solucion Nasal,Fco. X 10 mL,1,5/22/2011,N18462,INFARMASA
7750940096009,13,DIURACET K,50mg+25mg,Tableta,Tableta,Caja Tab.,20,9/17/2011,N20015,INFARMASA
7750940119333,13,SANITROPINA G,,Gotas Oral,Solucion,Fco. Got. X 10 mL,1,8/13/2011,N5690,INFARMASA
7750940122586,13,GYNO DEXACORT PLUS,,Ovulo,Ovulo,Caja Ov.,6,4/8/2011,N18397,INFARMASA
7750940126140,13,MUCODILAT,2mg+7.5mg/5mL,Jarabe,Solucion,Fco. X 120 mL,1,2/1/2010,N19535,INFARMASA
7750940129332,13,CLINDACIN V,100mg,Ovulo,Ovulo,Caja Ov.,3,8/29/2011,N20000,INFARMASA
7750940129349,13,CLINDACIN V,100mg,Ovulo,Ovulo,Caja Ov.,7,8/29/2011,N20000,INFARMASA
7750940170914,13,COLCHISOL,0.5mg,Tableta,Tableta,Caja Tab.,20,8/7/2013,N5355,INFARMASA
7750940195689,13,DEXACORT,0.5mg,Tableta,Tableta,Caja Tab.,30,12/18/2011,N4870,INFARMASA
7750940196419,13,AMOXICILINA,250mg/5mL,Polvo para Suspensión Oral,Suspension,Caja Fco. X 60 mL,25,3/2/2014,NG1935,INFARMASA
7750940357063,13,ESPASMO ANTALGINA,,Tableta,Tableta,Caja Tab.,120,9/14/2009,N19356,INFARMASA
7750940364948,13,CIPROFLOX,250mg/5mL,Polvo para Suspensión Oral,Suspension,Fco. X 60 mL,1,9/4/2011,N20003,INFARMASA
7750940364979,13,CEFIXIN 250,250mg,Suspensión,Suspension,Caja Fco. X 60 mL,1,2/2/2010,N19539,INFARMASA
7750940431022,13,ATENOLOL,100mg,Tableta,Tableta,Caja Tab.,100,7/5/2011,NG255,INFARMASA
7750940431251,13,DEXAMETASONA,0.5mg,Comprimido,Tableta,Caja Comp.,100,9/25/2010,NG1320,INFARMASA
7750940431329,13,LITOCARB,300mg,Tableta,Tableta,Caja Tab.,100,1/16/2011,N11767,INFARMASA
7750940431398,13,CAPTOPRIL,25mg,Tableta,Tableta,Caja Tab.,100,6/30/2014,NG2062,INFARMASA
7750940458692,13,AMOXICILINA,250mg,Cápsula,Capsula,Caja Cap.,100,2/27/2014,NG1932,INFARMASA
7750940459729,13,DICLOXAL,250mg/5mL,Suspensión,Suspension,Fco. X 60 mL,1,10/21/2011,N16170,INFARMASA
7750940459767,13,PROCAIN,1000000UI,Polvo para Suspensión Inyectable,Inyectable,Vial,10,4/29/2013,N18906,INFARMASA
7750940459798,13,QUEMICICLINA S,125mg,Tableta,Tableta,Caja Tab.,100,1/20/2014,N25489,IFARPE
7750940459828,13,AMPICILINA,500mg,Cápsula,Capsula,Caja Cap.,100,12/17/2011,NG413,INFARMASA
7750940459965,13,N FLOX,400mg,Tableta,Tableta,Caja Tab.,100,10/21/2013,N16995,INFARMASA
7750940485155,13,BIOGEN,50mg,Tableta,Tableta,Caja Tab.,30,9/18/2012,N11269,INFARMASA
7750940485186,13,CEFRADINA,500mg,Cápsula,Capsula,Caja Cap.,100,2/5/2012,NG3150,INFARMASA
7750940574200,13,CIPROFLOXACINO MAGMA,500MG,TABLETA,TABLETA,CAJA,100,,NG1791,MAGMA-SANITAS
7750940610298,13,AZO CIPROFLOX,500mg+50mg,Tableta,Tableta,Caja Tab.,48,1/10/2011,N18300,INFARMASA
7750940613282,13,DEXACORT DERMIC,,Crema,Crema,Caja Tbo. X 15 g,1,1/17/2007,N18656,MEDCO
7750940618898,13,DICLOXAL,500mg,Cápsula,Capsula,Disp. Cap.,100,5/4/2014,N15029,INFARMASA
7750940618911,13,RHINO BB,,Gotas Nasal,Solucion Nasal,15 mL,1,5/20/2011,N18455,INFARMASA
7750940619208,13,BRONCO MAGNIMOX,250mg+4mg/5mL,Suspensión Oral,Suspension,Fco. X 60 mL,1,3/31/2012,N16361,INFARMASA
7750940620433,13,BRONCO MAGNIMOX,500mg+4mg/5mL,Suspensión Oral,Suspension,Fco. X 60 mL,1,1/16/2012,N18655,INFARMASA
7750940633518,13,BRONCO MAGNIMOX,125mg+4mg/5mL,Suspensión Oral,Suspension,Fco. X 60 mL,1,3/31/2012,N16360,INFARMASA
7750940645610,13,DILATOR,10mg,Tableta,Tableta,Caja Tab.,40,1/19/2013,N2608,INFARMASA
7750940669098,13,DEXACORT,1mg,Tableta,Tableta,Caja Tab.,40,12/21/2010,N4871,INFARMASA
7750940691228,13,AB-FORTIMICIN,300mg,Polvo para Solución Inyectable,Inyectable,Vial + Solv.,1,9/21/2009,N19364,INFARMASA
7750940705574,13,PREDNISONA,5mg,Tableta,Tableta,Caja Tab.,100,1/19/2014,EG6063,AC FARMA
7750940709596,13,DIURACE,50mg,Tableta,Tableta,Caja Tab.,20,8/23/2011,N515,INFARMASA
7750940722939,13,BRONCO PENAMOX,250mg+15mg/5mL,Suspensión Oral,Suspension,Fco. X 60 mL,1,12/23/2013,N19104,INFARMASA
7750940722946,13,CEFIXIN,500mg,Tableta Recubierta,Tableta,Caja Tab.,10,2/1/2010,N19536,INFARMASA
7750940725237,13,DEXACORT,2mg/5mL,Jarabe,Solucion,Fco. X 100 mL,1,7/25/2013,N18956,INFARMASA
7750940725244,13,CLORO ALERGAN,4mg,Tableta,Tableta,Caja Tab.,100,8/31/2011,N743,INFARMASA
7750940747956,13,ANTALGINA,500mg,Tableta,Tableta,Caja Tab.,100,9/2/2011,N855,INFARMASA
7750940752882,13,GYNO DEXACORT,,Ovulo,Ovulo,Caja Ov.,6,4/8/2011,N18398,INFARMASA
7750940752899,13,LEVOFERIN,30mg/5mL,Jarabe,Solucion,Fco. X 120 mL,1,7/16/2012,N18779,INFARMASA
7750940752912,13,ANTALGINA,350mg,Supositorio,Supositorio,Caja Sup.,2,1/22/2013,N4055,INFARMASA
7750940752929,13,DIAZEPAM,5mg,Tableta,Tableta,Caja Tab.,100,11/27/2012,NG723,INFARMASA
7750940752943,13,BRONCO PENAMOX,500mg+30mg,Tableta,Tableta,Caja Tab.,100,2/1/2014,N19160,INFARMASA
7750940793588,13,DIMENHIDRINATO,50mg,Tableta,Tableta,Caja Tab.,100,3/22/2011,NG0171,INFARMASA
7750940797333,13,CARBAMAZEPINA,200mg,Tableta,Tableta,Caja Tab.,100,8/24/2010,NG1305,INFARMASA
7750940797548,13,ENALAPRIL,10mg,Tableta,Tableta,Caja Tab.,100,7/5/2011,NG256,INFARMASA
7750940797555,13,ERITROMICINA 500 MG,500MG,TABLETAS,TABLETAS,CAJA X 100,1,,NG-1934,LCG
7750940856887,13,DOLO LIVIOLEX FORTE,,Tableta,Tableta,Caja Tab.,200,11/22/2011,N20037,INFARMASA
7750942000011,13,AMBROXIL,250mg+15mg/5mL,Polvo para Suspensión Oral,Suspension,Fco. X 60 mL,1,5/7/2011,N19922,IQ FARMA
7750942000028,13,AMBROXIL,500mg+30mg,Tableta,Tableta,Caja Tab.,50,5/9/2011,N19926,IQ FARMA
7750942000035,13,DEXAMETASONA,0.5mg,Tableta,Tableta,Caja Tab.,100,8/17/2011,NG2925,IQ FARMA
7750942000042,13,DEXAMETASONA,1mg,Tableta,Tableta,Caja Tab.,100,8/13/2011,NG2916,IQ FARMA
7750942000059,13,DEXAMETASONA,4mg,Tableta,Tableta,Caja Tab.,50,8/17/2011,NG2926,IQ FARMA
7750942000066,13,DOLO FLU NF,,Tableta,Tableta,Caja Tab.,100,3/9/2010,N19583,IQ FARMA
7750942000073,13,CLORPROMAZINA,100mg,Tableta,Tableta,Caja Tab.,100,11/8/2009,NG2173,IQ FARMA
7750942000103,13,FENAZOPIRIDINA,100mg,Tableta,Tableta,Caja Tab.,100,11/12/2013,NG1840,IQ FARMA
7750942000110,13,ATENOLOL,100mg,Tableta,Tableta,Caja Tab.,100,10/7/2009,NG2140,IQ FARMA
7750942000165,13,DUODAZOL,,Ovulo,Ovulo,Caja Ov.,10,2/25/2010,N21608,IQ FARMA
7750942000172,13,CLONAZEPAM,2mg,Tableta,Tableta,Caja Tab.,100,11/4/2014,NG2165,IQ FARMA
7750942000189,13,CLONAZEPAM,0.5mg,Tableta,Tableta,Caja Tab.,100,11/22/2012,NG3518,IQ FARMA
7750942000288,13,GRAVAMIN,15mg/5mL,Suspensión Oral,Suspension,Fco. X 60 mL,1,10/3/2011,N20019,TRIFARMA
7750942000325,13,SALBUMAX,,Jarabe,Solucion,Fco. X 120 mL,1,3/18/2012,N20169,IQ FARMA
7750942000493,13,GYNOSTATIN,100000UI,Ovulo,Ovulo,Caja Ov.,16,2/25/2010,N21597,IQ FARMA
7750942000585,13,LORATADINA,10mg,Tableta,Tableta,Caja Tab.,100,9/5/2012,NG3432,IQ FARMA
7750942000660,13,BIOBRONCOL,500mg+30mg,Cápsula,Capsula,Caja Cap.,12,4/21/2010,N21722,IQ FARMA
7750942000677,13,BIOBRONCOL,15mg+250mg/5mL,Polvo para Suspensión,Suspension,Fco. X 75 mL,1,5/16/2010,N21769,IQ FARMA
7750942000738,13,DOBRIX,100mg,Cápsula,Capsula,Caja Cap.,100,6/7/2010,N21810,IQ FARMA
7750942000783,13,DAMICICLIN,100mg,Ovulo,Ovulo,Caja Ov.,7,5/23/2010,N21783,IQ FARMA
7750942000806,13,GINOTHYL,90mg,Ovulo,Ovulo,Caja Ov.,6,3/10/2010,N21622,IQ FARMA
7750942000844,13,TRIDAZOL R,,Ovulo,Ovulo,Caja Ov.,8,2/8/2010,N21550,IQ FARMA
7750942001032,13,CEFACLOR IQ,500MG,TABLETA,TABLETA,CAJA,10,,NG2604,IQ FARMA
7750942001094,13,DUODAZOL,,Crema,Crema,Tubo X 60 g,1,3/2/2010,N21606,IQ FARMA
7750942001193,13,ACIDO FOLICO,0.5mg,Tableta,Tableta,Caja Tab.,100,6/30/2015,NG1269,IQ FARMA
7750942001278,13,UNATHEN,250mg/5mL,Suspensión Oral,Suspension,Fco. X 60 mL,1,2/23/2012,N23286,IQ FARMA
7750942001292,13,MUPIRODAL,2%,Ungüento,Unguento,Tubo X 1 g,1,4/28/2010,N21737,IQ FARMA
7750942001353,13,ACICLOVIR,200mg,Tableta,Tableta,Caja Tab.,50,5/17/2014,NG2004,IQ FARMA
7750942001360,13,ANALGESIUM,10mg,Tableta,Tableta,Caja Tab.,50,12/26/2012,N24164,SIEGFRIED
7750942001391,13,CLOBETASOL IQ,0.05%,CREMA,CREMA,TUBO,1,,NG2139,IQ FARMA
7750942001414,13,KETOCONAZOL,2%,Crema,Crema,Tubo X 10 g,1,7/30/2013,NG1740,IQ FARMA
7750942001438,13,ALOPURINOL,100mg,Tableta,Tableta,Caja Tab.,30,10/20/2010,NG1338,IQ FARMA
7750942001452,13,ACIDO FOLICO 0.5MG TAB CJA X 100 (IQFARMA),0.5 MG,TABLETA,TAB,CJA X 100,100,6/30/2025,DN0424,INSTITUTO QUIMIOTERAPICO S.A
7750942001544,13,DOLOL TABX500MGX1,,,,,1,,,INSTITUTO QUIMIOTERAPICO S.A.
7750942001551,13,DOLOL GTSX100MGX15ML.,,,,,1,,,INSTITUTO QUIMIOTERAPICO S.A.
7750942001582,13,GASTRORAL,800mg+60mg/10mL,Suspensión Oral,Suspension,Caja Fco. X 200 mL,1,5/8/2013,N24602,IQ FARMA
7750942001612,13,VALSIPREL 160 MG,160 mg,TAB,TAB,CAJA X 28 UNIDADES,,,EN03414,INSTITUTO QUIMIOTERAPICO S.A.
7750942001667,13,BIPERIDENO,2mg,Tableta,Tableta,Caja Tab.,100,11/8/2013,NG1827,IQ FARMA
7750942001773,13,NEOZOL,100 mg,Cápsula,CAPSULA,Caja Envase Blister Cápsulas,15,9/26/2018,EN00865,IQ FARMA
7750942001827,13,GABAPENTINA,300MG,CAPSULA,CAP,CAJA,100,5/4/2021,EN-02463,IQU FARMA
7750942001896,13,LEVONELLE 500 MG,LEVOFLOXACINO 500 MG,CAJA X 7 TABLETAS,CAJA X 7 TABLETAS,CAJA,7,6/1/2019,EN-00916,IQFARMA
7750942001964,13,DIAGRIN FLEX SOBRE CJA X 30 (IQ FARMA),,SOBRE,SBR,CAJA X 30,30,,DN-0478,IQ FARMA
7750942001995,13,BRIMODIN,200mg,Granulos,Granulos,Caja Sob.,30,4/24/2013,N24562,IQ FARMA
7750942002039,13,LETICIA JARABE,DESLORATADINA 2.5 MG/5 ML,FRASCO X 60 ML,FRASCO X 60 ML,FRASCO,,,EN-01357,IQFARMA
7750942002046,13,ALMORA,20 MG,TABLETAS,TABLETAS,20mg Caja Tab. Rec. x 30,1,,N-25375,PERULAB S.A.
7750942002077,13,LIBERTIUM JARABE,LEVOCETIRIZINA DICLORHIDRATO,FRASCO X 60 ML,FRASCO X 60 ML,FRASCO,1,8/1/2020,N-25605,IQFARMA
7750942002084,13,UNATHEN,375mg,Tableta Recubierta,Tableta,Caja Tab.,60,4/18/2012,N23431,IQ FARMA
7750942002091,13,DALMATROL PLUS,,Tableta Recubierta,Tableta,Caja Tab.,50,2/2/2012,N23224,IQ FARMA
7750942002107,13,UNATHEN,250mg/5mL,Suspensión Oral,Suspension,Fco. X 30 mL,1,2/23/2012,N23286,IQ FARMA
7750942002114,13,BRIMODIN,100mg/5mL,Jarabe,Solucion,Fco. X 120 mL,1,7/9/2013,N24820,IQ FARMA
7750942002121,13,LETICIA TABLETA,DESLORATADINA 5 MG,CAJA X 10 TABLETAS,CAJA X 10 TABLETAS,CAJA,,,N-25649,IQFARMA
7750942002138,13,BRIMODIN,100mg,Granulos,Granulos,Caja Sob.,30,5/6/2014,N25713,IQ FARMA
7750942002145,13,BRIMODIN,600mg,Tableta Efervescente,Tableta,Caja Tab.,20,4/25/2013,N24571,IQ FARMA
7750942002169,13,LIBETIUM,LEVOCETIRIZINA DICLORHIDRATO 5 MG,CAJA X 100 TABLETAS,CAJA X 100 TABLETAS,TABLETAS,100,1/9/2018,N-25838,IQFARMA
7750942002176,13,LIBERTIUM,5mg,Tableta Recubierta,Tableta,Caja Tab.,10,7/1/2014,N25838,IQ FARMA
7750942002183,13,LIBERTIUM GOTAS,LEVOCETIRIZINA 5 MG/5 ML,FRACO X 15 ML,FRASCO X 15 ML,FRASCO,1,9/1/2019,N-25914,IQFARMA
7750942002206,13,TOSALBRON ADULTO,50mg/5mL,Jarabe,Solucion,Fco. X 100 mL,1,8/17/2014,N26013,IQ FARMA
7750942002213,13,DIAGRIN FLEX MSM CAJA X 30 SOBRES (IQ FARMA),8 GR,SOBRE,SBR,CJA X 30,30,8/12/2014,N25992,INSTITUTO QUIMIOTERAPICO S.A.
7750942002251,13,TOSALBRON INFANTIL,28mg/5mL,Jarabe,Solucion,Fco. X 100 mL,1,8/21/2014,N26065,IQ FARMA
7750942002312,13,MEVAFAST,400 MG,CAJA,TABLETAS,400mg Caja Tab. x 7,,,N-26064,Instituto Quimioterápico S.A.
7750942003012,13,TOPIREST,25 MG,TABLETA,TAB.,CAJA X 30 TAB.,30,,N-27276,IQFARMA
7750942003180,13,OSTEOSYL TAB 150MG,150MG,CAJA,CJA,CAJA,1,6/9/2023,N24711,IQ FARMA
7750942003210,13,LEVONELLE 750 MG,LEVOFLOXACINO 750 MG,CAJA X 5 TABLETAS,CAJA X 5 TABLETAS,CAJA,5,6/1/2018,EN-0115,IQFARMA
7750942003227,13,LAXOFAST SOBRES,POLIETILENGLICOL 3350 Y ELECTROLITOS,CAJA X 4 SOBRES,CAJA X 4 SOBRES,CAJA,4,10/1/2019,EN-01246,IQFARMA
7750942003319,13,FENITOINA IQ,100MG,CAPSULA,CAPSULA,UNIDAD,1,,NG6347,IQ FARMA
7750942003326,13,FLONASE,0.1%,CREMA,CREMA,TUBO,1,,N26878,IQ FARMA
7750942003371,13,FLATUZIM,,Cápsula,Capsula,Caja Cap.,100,8/18/2014,N26017,IQ FARMA
7750942003395,13,DOLFENEX GEL X 30 GR,0.0001,TUBO,TBO,TUBO,1,,EN-04575,IQ FARMA
7750942003494,13,LIDERMA,0.1% 20 gr.,EMULSION,EMULSION,TUBO,1,,N25485,IQ FARMA
7750942003500,13,HIALUDRIN SOBRES X 30,,SOBRES,SOBRES,CJA x 30 sobres,30,,DN0276,INSTITUTO QUIMIOTERAPICO S.A
7750942003746,13,UROFURIN-XR CAP 100MG,100MG,CAPSULA,CAP,CAJA,20,8/30/2019,EN01084,IQ FARMA
7750942004088,13,CEFALEXINA 500MG,500MG,CAPSULA,CAP,CAJA X 100,100,,NG20390,INSTITUTO QUIMIOTERAPICO
7750942004118,13,UROFURIN,100 MG.,CAPSULAS,CAPSULAS,CAJA,120,,N-26937,IQFARMA
7750942004132,13,DOLFENEX,9MG/5ML,SUSPENSION,SUS,FCO,1,,EN00590,IQ FARMA
7750942004224,13,PROTIUM 20 MG,ESOMEPRAZOL 20 MG,CAJA X 14 TABLETAS,CAJA X 14 TABLETAS,CAJA,14,11/1/2018,EN-02194,IQFARMA
7750942004248,13,PANTOCALM 40MG TABLETA CAJAX14,40 MG,TABLETA,TABLETA,CAJA,14,,EN02892,IQFARMA
7750942004392,13,AXELIA,75 MG,CAPSULA,CAP.,CAJA X 30 CAP.,30,,N-27040,IQFARMA
7750942004699,13,TOPICALM,0.0005,Crema,CREMA,Caja Tubo x 30 g,1,4/27/2020,EN01165,IQ FARMA
7750942004712,13,ALVIERA 0.1 %,ADAPALENO,TUBO X 30 GR,TUBO X 30 GR,TUBO,1,6/1/2018,N-26992,IQFARMA
7750942004736,13,ALVIERA,0.1%,GEL,GEL,TUBO,1,,N27145,IQ FARMA
7750942004774,13,FUNCADEN,600MG,OVULOS,OVULOS,CAJA,1,,N-21756,IQFARMA
7750942004798,13,ACNEBIOT,,TABLETA,TABLETA,CAJA,30,,N27083,IQ FARMA
7750942004835,13,FRESOFOL MCT 1% AMPOLLA X 20ML CJX5,10MG,EMULSION INYECTABLE,AMP,UN,,,EE-02443,FRESENIUS KABI
7750942004859,13,PRODERMIC,0.1%,UNGÜENTO,UNG.,CAJA X 1 UNG.,1,,N-27049,IQFARMA
7750942004873,13,ZEPHYR,50MG,TABLETA,TABLETA,CAJA,30,,N27021,IQ FARMA
7750942004903,13,ALISEP 10 MG,10 MG,CAJA X 30 TABLETAS,CAJA X 30 TABLETAS,CAJA,30,2/1/2017,N-27042,IQFARMA
7750942004941,13,UROFURIN,25MG/5ML,SUSPENSIÓN ORAL,SUSPENSIÓN ORAL,FRASCO,1,,EN-00788,IQFARMA
7750942004965,13,AMAGLEN,4 MG,TAB.,TAB.,CAJA X 30 TAB.,30,,N-27016,IQFARMA
7750942004989,13,NEUCINET S,200mg,Trimebutina Maleato,NEUCINET,Tabletas,21,1/2/2018,N-27024,IQFARMA
7750942004996,13,TOPIREST,50MG,TABLETA,TABLETA,CAJA,30,,N27037,IQ FARMA
7750942005016,13,ALIPIDEM,100 mg.,CAPSULA,CAPSULA,CAJA,30,,N27061,IQ FARMA
7750942005092,13,MEVAFAST,400% X 400 mg.,TABLETA,TAB,CAJA,5,,NE6064,IQ FARMA
7750942005115,13,MESARTIN,300mg,CAJA,CAJA,CJA *  30,30,4/10/2015,,IQ FARMA
7750942005122,13,SERENUS 25MG TABLETA RECUBIERTA CJX30,25 MG,TABLETA,TABLETA,CAJA,30,,EN04267,IQFARMA
7750942005146,13,CARBATROL,200mg,CAJA,CAJA,CJA *  20,1,3/17/2015,,IQ FARMA
7750942005160,13,MESARTIN,150 MG,TABLETA,TAB.,CAJA X 30 TAB.,30,,N-26997,IQFARMA
7750942005177,13,CLAUSS,10 mg,TAB,TAB,CAJA X 30 UNIDADES,,7/12/2017,N27210,INSTITUTO QUIMIOTERAPICO S.A.
7750942005184,13,CINITAL 1MG TABLETA CAJAX20,1 MG,TABLETA,TABLETA,CAJA,20,,EN04852,IQFARMA
7750942005214,13,TOPIREST,100 MG,TABLETA,TAB.,CAJA X 30 TAB.,30,,N-27029,IQFARMA
7750942005252,13,BETAPRESS,50% X 50 mg.,TABLETA,TAB,CAJA,30,,N27045,IQ FARMA
7750942005719,13,FUNCADEN,0.01,CREMA,CREMA,TUBO,1,,N-27265,IQ-FARMA
7750942005764,13,COMESARTIN 300/12.5,IBESARTAN 300 MG +HIDROCLOROTIAZIDA 12.5 MG,CAJA X 30 TABLETAS,CAJA X 30 TABLETAS,CAJA,30,1/20/2022,EN-04790,IQFARMA
7750942005771,13,COMESARTIN 300/25,IBESARTAN 300 MG +HIDROCLOROTIAZIDA 25 MG,CAJA X 30 TABLETAS,CAJA X 30 TABLETAS,CAJA,30,2/24/2022,EN-04791,IQFARMA
7750942005955,13,VALSIPREL,320 MG,TABLETAS,TABLETAS,320 MG X 30,1,,N-27087,I.Q. FARMA
7750942005962,13,CEFUNAT,250 MG/5 ML,SUSPENSIÓN,SUSP.,ENV. X 60 ML,1,,N-27196,IQFARMA
7750942005979,13,CEFUNAT,500 MG/500,TABLETA,TAB,CAJA,100,,N27197,IQ FARMA
7750942006020,13,DIABICARE,1000 mg,Tableta Recubierta,TABLETA,Caja Envase Blister Tabletas,30,3/15/2021,EN02914,IQ FARMA
7750942006037,13,MORASS PLUS TAB 40/12.5MG,12.5MG,TABLETA,TAB,CAJA,30,,EN04963,IQ FARMA
7750942006044,13,MORASS PLUS TAB 20/12.5MG,20/12.5mg,TABLETA,TAB,CAJA,30,,N27125,IQ FARMA
7750942006051,13,TELMIPRESS 80MG TABLETA CAJAX30,80 MG,TABLETA,TABLETA,CAJA,30,,EN04392,IQFARMA
7750942006082,13,ROVASTENOL,10 MG,TABLETA,TAB.,CAJA X 30 TAB.,30,,N-27242,IQFARMA
7750942006099,13,ROVASTENOL TAB 20MG,20MG,TABLETA,TAB,CAJA,30,12/30/2018,N27137,IQ FARMA
7750942006105,13,MIDOPRESS PLUS 16/12.5,CANDESARTAN CILEXETILO 16 MG + GHIDROCLOROTIAZIDA 12.5 MG,CAJA X 30 TABLETAS,CAJA X 30 TABLETAS,CAJA,30,8/29/2022,EN-05420,IQFARMA
7750942006495,13,EZETORIN TAB 10/20MG,10/20MG,TABLETA,TAB,CAJA,30,10/30/2018,N27152,IQ FARMA
7750942006501,13,TELMIPRESS HCT 40/12.5 MG TAB CJA X 30,40/12.5 MG,TABLETA,TAB,CJA X 30,30,4/24/2018,N27325,INSTITUTO QUIMIOTERAPICO S.A.
7750942006518,13,DINAPEN 500 MG CAP CAJA X 100,500 MG,CAPSULA,CAP,CJA X 100,100,5/30/2022,EN04766,INSTITUTO QUIMIOTERAPICO S.A.
7750942006525,13,EZETORIN TAB 10/10MG,10/10MG,TABLETA,TAB,CAJA,30,10/30/2018,N27105,IQ FARMA
7750942006556,13,EZETORIN TAB 10/40MG,10/40MG,TABLETA,TAB,CAJA,30,,N27098,IQ FARMA
7750942007034,13,COMESARTIN,150 MG /12.5MG,TABLETA,TAB.,CAJA X 30 TAB.,30,,N-27371,IQFARMA
7750942007041,13,NIFEDIPINO TAB X 10MG CJA X 5,10 MG,TABLETA,TAB,CJA X 5,5,1/18/2024,EN06577,INSTITUTO QUIMIOTERAPICO S.A.
7750942007263,13,MORASS COM 40MG,40mg,COMPRIMIDO,COM,CAJA,30,,N27364,IQ FARMA
7750942007287,13,MORASS TAB 20 MG,20mg,TABLETA,TAB,CAJA,30,,N27389,IQ FARMA
7750942007300,13,TENSYOL TAB 10MG,10mg,TABLETA,TAB,CAJA,20,,EN05202,IQ FARMA
7750942007317,13,TENSYOL 5MG,5 mg,TABLETA RECUBIERTA,TABLETA,CAJA TAB,20,1/29/2023,EN05418,IQ FARMA
7750942007348,13,DEFLAZYM,6 MG,TABLETA,TAB,CAJA,10,7/25/2020,EN-01608,IQ FARMA
7750942007379,13,DOLFENEX SR,100 MG,CAPSULA,CAP,CJA,30,10/4/2018,EN-00120,IQUFARMA
7750942007454,13,ESOMEPRAZOL 40MG TABLETA LIB RETAR CJX30 IQF,40 MG,TABLETA,TABLETA,CAJA,30,,NG6427,IQFARMA
7750942007478,13,CEFALEXINA,250 mg/5 mL,Polvo para Suspensión Oral,SUSPENSION,Frasco x 60 mL,1,6/8/2019,EN04394,IQ FARMA
7750942007485,13,ZIPRAL,400 mg,CAPSULAS,CAPS,caj x 10,1,,en-00310,IQFARMA
7750942007546,13,BRONCOBIOTIC CL 875 MG/125 MG,AMOXICILINA+ACIDO CLAVULANICO 875 MG+125,CAJA X 14 TABLETAS,CAJA X 14 TABLETAS,CAJA,14,10/25/2017,N27253,IQFARMA
7750942007553,13,BRONCOBIOTIC CL 500,AMOXICILINA+ACIDO CLAVULANICO 500 MG+125 MG,CAJA X 12 TABLETAS,CAJA X 12 TABLETAS,CAJA,12,5/20/2019,N27377,IQFARMA
7750942007607,13,CEFUXINIL 250/5 ML JBE X 70 ML,CEFUROXIMA,FRASCO X 70 ML,FRASCO X 70 ML,FRASCO,1,12/1/2020,N-27439,IQFARMA
7750942007621,13,FEXALLER,180mg,TABLETAS CUBIERTA,FEXOFENADINA,TABLETAS,1,2/1/2020,EN-01936,IQFARMA
7750942007638,13,CEFUXINIL 500 MG TAB,CEFUROXIMA 500 MG,CAJA X 10 TABLETAS,CAJA X 10 TABLETAS,TABLETAS,10,10/1/2019,N-27401,IQFARMA
7750942007652,13,ZILIUM COMPUESTO,7.5mg + 0.005mg/5ml,AMBROXOL + CLENBUTEROL,ZILIUM,JARABE FCO x 120ML,1,3/1/1921,EN-02132,IQFARMA
7750942007676,13,MUPIBIOT,0.02,UNGÜENTO TÓPICO,UNGÜENTO TÓPICO,TUBO x 15gr,1,8/30/2020,N-27440,IQFARMA
7750942007690,13,CLIXDIN,100MG,OVULOS,OVULOS,CAJA,7,,EN-01759,IQFARMA
7750942007966,13,UROFURIN XR 100MG CAJA CAPS. X 20,100MG,CAPSULA,CAP,CAJA X 20,20,,EN-04423,IQ PHARMA
7750942008154,13,DICLOFENACO 50 MG TABLETA CJX100 (IQF),50 MG,TABLETA,TABLETA,CAJA X 100,100,6/24/2019,EN04272,UNIMED DEL PERU S.A.
7750942008215,13,FLUCONAZOL IQ CAP 150MG,150 mg,Cápsula,CAPSULA,Caja Envase Blíster Cápsulas,2,11/21/2020,EN02084,IQ FARMA
7750942008291,13,FENITOINA SODICA,100 mg,Cápsula,CAPSULA,Caja Envase Folio Cápsulas,100,1/31/2022,EN03549,IQ FARMA
7750942008413,13,TRAMADOL 50 MG CAJA X 10 TAB,50 MG,TABLETA,TAB,CJA X 10,10,8/14/2020,EN02037,INSTITUTO QUIMIOTERAPICO S.A.
7750942008512,13,ESPIRONOLACTONA 100 MG TAB  CJAX100 (IQ FARMA),100 MG,TABLETA,TAB,CJA X 100,100,2/28/2022,EN03847,INSTITUTO QUIMIOTERAPICO S.A.
7750942086763,13,ACICLOVIR,200mg,Tableta,Tableta,Caja Tab.,200,5/17/2014,NG2004,IQ FARMA
7750942088316,13,UROBIOTIC FORTE,400mg+100mg,Cápsula,Capsula,Caja Cap.,100,6/21/2011,N19955,IQ FARMA
7750942088323,13,BROMOCRIPTINA,2.5mg,Tableta,Tableta,Caja Tab.,100,10/7/2014,NG2137,IQ FARMA
7750942090463,13,IBUPROFENO,800mg,Tableta,Tableta,Caja Tab.,50,1/24/2011,NG2609,IQ FARMA
7750942287689,13,CARBATROL,200mg,Tableta,Tableta,Caja Tab.,100,2/21/2012,N20133,IQ FARMA
7750942294892,13,ITRACONAZOL,100mg,Comprimido,Tableta,Caja Comp.,15,5/4/2011,NG2769,IQ FARMA
7750942357085,13,MUCOBIOTIC,15mg/5mL,Jarabe,Solucion,Fco. X 120 mL,1,11/9/2009,N19416,SIEGFRIED
7750942357092,13,MUCOBIOTIC,30mg/5mL,Jarabe,Solucion,Fco. X 120 mL,1,11/9/2009,N19417,SIEGFRIED
7750942434984,13,ALOPURINOL,100mg,Tableta,Tableta,Caja Tab.,200,10/20/2010,NG1338,IQ FARMA
7750942435011,13,AMOXICILINA,500mg,Tableta,Tableta,Caja Tab.,100,12/31/2013,NG1880,IQ FARMA
7750942435080,13,DICLOXACILINA,500mg,Cápsula,Capsula,Caja Cap.,100,11/19/2013,NG1848,IQ FARMA
7750942435134,13,GEMFIBROZILO,600mg,Tableta,Tableta,Caja Tab.,20,11/11/2013,NG1833,IQ FARMA
7750942435172,13,PREDNISONA,5mg,Tableta,Tableta,Caja Tab.,100,10/24/2010,NG1350,IQ FARMA
7750942450052,13,ACIDO FOLICO IQ,0.5MG,TABLETA,TABLETA,CAJA,100,,NG1269,IQ FARMA
7750942450069,13,ALBENDAZOL,200mg,Tableta Masticable,Tableta,Caja Tab.,100,3/26/2013,NG1673,IQ FARMA
7750942450151,13,GRAVAMIN,50mg,Tableta,Tableta,Caja Tab.,100,4/17/2011,N18409,TRIFARMA
7750942450205,13,PREDNISONA,20mg,Tableta,Tableta,Caja Tab.,100,6/12/2015,NG2409,IQ FARMA
7750942450212,13,IBUPROFENO,400mg,Tableta,Tableta,Caja Tab.,100,7/24/2011,NG273,IQ FARMA
7750942450229,13,NAPROXENO,275mg,Tableta,Tableta,Caja Tab.,100,7/21/2009,NG2090,IQ FARMA
7750942450250,13,PREDNISONA,50mg,Tableta,Tableta,Caja Tab.,100,3/24/2015,NG2357,IQ FARMA
7750942450274,13,PARACETAMOL,500mg,Tableta,Tableta,Caja Tab.,100,7/24/2011,NG274,IQ FARMA
7750942450298,13,SALBUTAMOL,4mg,Tableta,Tableta,Caja Tab.,100,10/20/2010,NG1336,IQ FARMA
7750942468354,13,VALSIPREL A,160 /5mg,CAJA,TABLETAS,160 /5mg Caja Tab. x 30,,,EN-05303,Instituto Quimioterápico S.A.
7750942468378,13,SUPRIMASS FORTE,800mg+160mg,Tableta,Tableta,Caja Tab.,100,7/30/2013,N18960,IQ FARMA
7750942529963,13,AMITRIPTILINA FMNDTRIA,25mg,CAJA,TABLETAS,25mg Caja Tab. Rec. x 100,,,EN-01916,Farmindustria S.A. (Planta)
7750942529970,13,CETIRIZINA,10mg,Tableta Recubierta,Tableta,Caja Tab.,100,4/21/2014,NG1983,IQ FARMA
7750942529994,13,ISONIACIDA,100mg,Tableta,Tableta,Caja Tab.,100,6/16/2012,NG551,IQ FARMA
7750942530013,13,PROPRANOLOL,40mg,Tableta,Tableta,Caja Tab.,100,6/21/2011,NG1486,IQ FARMA
7750942530020,13,FUROSEMIDA,40mg,Tableta,Tableta,Caja Tab.,100,3/27/2013,NG1674,IQ FARMA
7750942530075,13,BETAPRESSS,100 mg.,TABLETA,TABLETA,CAJA,30,,N27101,IQ FARMA
7750942551346,13,KETOCONAZOL 200 MG X 1 TAB (IQ),,,,,1,,,INSTITUTO QUIMIOTERAPICO S.A.
7750942553883,13,HIDROCLOROTIAZIDA,50mg,Tableta,Tableta,Caja Tab.,200,4/26/2014,NG1993,IQ FARMA
7750942585327,13,NAPROXENO,550mg,Tableta,Tableta,Caja Tab.,100,7/21/2014,NG2091,IQ FARMA
7750942585358,13,DICLOFENACO,50mg,Tableta,Tableta,Caja Tab.,100,6/24/2014,NG2059,IQ FARMA
7750942585372,13,ERYTROM,500mg,Tableta,Tableta,Caja Tab.,100,5/19/2014,N19251,IQ FARMA
7750942585396,13,INDOMETACINA,25mg,Tableta,Tableta,Caja Tab.,100,7/21/2009,NG2088,IQ FARMA
7750942620103,13,TIAMINA,100mg,Tableta,Tableta,Caja Tab.,200,10/16/2012,NG1608,IQ FARMA
7750942633394,13,METOCLOPRAMIDA,10mg,Tableta,Tableta,Caja Tab.,100,9/10/2013,NG1772,IQ FARMA
7750942749873,13,HALOPERIDOL,10mg,Tableta,Tableta,Caja Tab.,100,10/24/2010,NG1349,IQ FARMA
7750942749903,13,KETOROLACO,10mg,Tableta,Tableta,Caja Tab.,100,6/10/2014,NG2038,IQ FARMA
7750942749927,13,PROPOXI 66,,Tableta,Tableta,Caja Tab.,100,7/20/2009,N19314,IQ FARMA
7750942749934,13,TRIFLUOPERAZINA,5mg,Tableta,Tableta,Caja Tab.,100,11/21/2010,NG1383,IQ FARMA
7750942749941,13,PIROXICAM,20mg,Tableta,Tableta,Caja Tab.,100,3/30/2013,NG1678,IQ FARMA
7750942778187,13,GLIBENCLAMIDA,5mg,Tableta,Tableta,Caja Tab.,100,12/18/2013,NG1861,IQ FARMA
7750942781071,13,CLOBETASOL,0.05%,Crema,Crema,Tubo X 30 g,1,10/7/2014,NG2139,IQ FARMA
7750949000014,13,HALDOL DECANOAS,50mg/mL,Inyectable,Inyectable,Amp. X 1 mL + Jer.,1,8/10/2010,E13121,JOHNSON&JOHNSON
7750949000021,13,HALDOL,5mg/mL,Inyectable,Inyectable,Caja Amp. + Jer. 3 mL,1,5/31/2010,E17378,JOHNSON&JOHNSON
7750949000038,13,BELARA,0.03/2MG,TABLETA,TABLETA,CAJA,21,,E13553,GRUNENTHAL
7750949000052,13,TRAMAL,100MG,AMPOLLA,AMPOLLA,AMPOLLA,1,,N20714,GRUNENTHAL
7750949000069,13,TRAMAL,50MG,AMPOLLA,AMPOLLA,AMPOLLA,1,,N20715,GRUNENTHAL
7750949000151,13,HALDOL,2mg/mL,Gotas,Solucion,Fco. X 15 mL,1,3/22/2011,E18267,JOHNSON&JOHNSON
7750949000168,13,HALDOL,10mg,Tableta,Tableta,Caja Tab.,20,8/8/2013,E20900,JOHNSON&JOHNSON
7750949000175,13,NIZORAL SHAMPOO,2%,Champú,Champu,Fco. X 60 mL,1,11/22/2010,E17820,JOHNSON&JOHNSON
7750949000199,13,HALDOL,5mg,Tableta,Tableta,Caja Tab.,25,9/10/2013,E15834,JOHNSON&JOHNSON
7750949000274,13,EVRA,,Parche,Parche,Caja Parche,3,3/11/2010,E17177,JOHNSON&JOHNSON
7750949000281,13,DESMIN 20,,Comprimido Recubierto,Tableta,Caja Comp.,1,6/15/2012,E19489,GRUNENTHAL PERUANA
7750949000328,13,PROTELOS,,Granulos,Granulos,Caja Sob. X 2 g,28,2/11/2013,E20300,GRUNENTHAL PERUANA
7750949000366,13,MICROSER,24MG,TABLETA,TABLETA,CAJA,20,,E23007,GRUNENTHAL
7750949000373,13,MEGACILINA 1 000 000 UI AMPOLLA (GRU),1 000 000 UI,INYECTABLE,INYECTABLE,CAJA X 1,1,3/24/2023,EE08398,GRUNENTHAL PERUANA
7750949000489,13,MICROSER 16 MG,16 MG,Tableta,Tableta,Caja,,,EE02172,GRUNENTHAL
7750949000540,13,NORSPAN 5 ug/h PARCHE CAJA X 2,5uG/H,PARCHE,PARCHE,CAJA,2,,EE02634,GRÜNENTHAL
7750949000557,13,NORSPAN 10 MCG/H PARCH CJA X 2,10 MCG,PARCHE,PCH,CJA X 2,2,2/2/2021,EE02639,GRUNENTHAL PERUANA S.A.
7750949432082,13,SPORANOX,100mg,Cápsula,Capsula,Caja Cap.,15,5/25/2011,E18418,JOHNSON&JOHNSON
7750949432105,13,TRAMAL,50MG,CAPSULA,CAPSULA,CAJA,10,,N13743,GRUNENTHAL
7750949432112,13,TRAMAL,50mg/mL,Solución para Inyección,Inyectable,Amp. X 1 mL,1,6/25/2013,N20715,GRUNENTHAL PERUANA
7750949455371,13,MEGACILINA,1MUI,Comprimido,Tableta,Caja Comp.,120,4/3/2011,N11810,GRUNENTHAL PERUANA
7750949455388,13,NAPROSYN,500mg,Comprimido,Tableta,Caja Comp.,10,9/13/2009,E16743,GRUNENTHAL PERUANA
7750949455401,13,MEGACILINA,1MUI,Inyectable,Inyectable,Vial + Disolv.,1,3/24/2013,E20501,GRUNENTHAL PERUANA
7750949455425,13,MEGACILINA,500000UI,Inyectable,Inyectable,Vial + Disolv.,1,3/5/2013,E20427,GRUNENTHAL PERUANA
7750949455449,13,SUPRACYCLIN,100mg,Tableta,Tableta,Caja Tab.,60,3/30/2011,E18299,GRUNENTHAL PERUANA
7750949455456,13,CODIPRONT,11/4/5,JARABE,JARABE,FRASCO,1,,N21716,GRUNENTHAL
7750949560082,13,MEGACILINA FORTE,4MUI,Inyectable,Inyectable,Vial + Disolv.,1,8/2/2012,E19617,GRUNENTHAL PERUANA
7750949560099,13,MEGACILINA,300000UI/5mL,Jarabe,Solucion,Fco. X 60 mL,1,11/9/2014,E22038,GRUNENTHAL PERUANA
7750949560211,13,CODIPRONT EXPECTORANTE,,Jarabe,Solucion,Fco. X 60 mL,1,3/29/2010,N21666,GRUNENTHAL PERUANA
7750949560242,13,DICETEL,50mg,Tableta,Tableta,Caja Tab.,20,5/21/2010,N15088,GRUNENTHAL PERUANA
7750949560402,13,CINAGERON,,Cápsula,Capsula,Caja Cap.,60,11/15/2009,E16901,GRUNENTHAL PERUANA
7750949560433,13,TOPSYM POLIVALENTE,,Crema,Crema,Tubo X 5 g,1,3/18/2012,E14464,GRUNENTHAL PERUANA
7750949560471,13,TOPSYM POLYOL,0.05%,Crema,Crema,Tubo X 5 g,1,5/28/2012,E14662,GRUNENTHAL PERUANA
7750949560495,13,TRAMAL,100mg/2mL,Solución para Inyección,Inyectable,Amp. X 2 mL,1,6/25/2013,N20714,GRUNENTHAL PERUANA
7750949808511,13,DAFLON,500mg,Comprimido,Tableta,Caja Comp.,80,8/22/2010,E8673,GRUNENTHAL PERUANA
7750949953211,13,TRAMAL LONG,100mg,Tableta Recubierta,Tableta,Caja Tab.,10,10/3/2010,E17653,GRUNENTHAL PERUANA
7750958000029,13,AMOXIDAL DUO,875mg,Comprimido Recubierto,Tableta,Caja Comp.,98,9/21/2005,E13234,ROEMMERS
7750958000043,13,DORIXINA RELAX,125mg+5mg,Comprimido Recubierto,Tableta,Caja Comp.,100,4/23/2013,E10848,ROEMMERS
7750958000050,13,LANZOPRAL,30mg,Cápsula,Capsula,Caja Cap.,28,2/22/2015,E12645,ROEMMERS
7750958000159,13,ADAZOL,100 MG/5ML,FRASCO,SUSPENSION,100mg /5ml Caja Fco. Susp. x 5 x 20ml,,,E-16588,Roemmers S.A.
7750958000210,13,ACI TIP,,Comprimido Masticable,Tableta,Caja Comp.,140,3/9/2014,E11646,ROEMMERS
7750958000241,13,CIRIAX,500mg,Tableta Recubierta,Tableta,Caja Tab.,60,5/23/2011,E18414,ROEMMERS
7750958000258,13,"AZITRAL-500, 500MG",500 mg,Comprimido recubierto,Tableta,Caja x 21,1,,E015112,LABORATORIOS ROWE
7750958000296,13,LOTRIAL,10 MG,COMPRIMIDOS,COMPRIMIDOS,CAJA  x 100,100,,E-18021,ROEMMERS
7750958000319,13,PONARIS,500mg,CAJA,COMPRIMIDOS,500mg Caja Comp. Rec. x 70,,,EE-03048,ROEMMERS
7750958000333,13,OVUDATE,,Cápsula Blanda Vaginal,CAPSULA,Caja Envase Blister Cápsula Blanda Vaginal,60,3/10/2017,E19218,ROEMMERS
7750958000364,13,ATURAL,50 MG,AMPOLLA,INYECTABLE,50mg Iny. Amp. x 6 x 5ml,1,,E-22493,Roemmers S.A.
7750958000388,13,LEVEMIR FLEX,100UI/ML,LAPICERO,LAPICERO,CAJA,5,,BE00419,NOVO NORDISK
7750958000395,13,NOVORAPID FLEX,100UI/ML,LAPICERO,LAPICERO,CAJA,5,,BE00432,NOVO NORDISK
7750958000494,13,DOLOPROXEN,550 MG,CAJA,TABLETAS,550mg X 50,,,EN-03370,Roemmers S.A.
7750958000562,13,GERMIDERM C,1 g + 0.05 g + 0.1 g,Crema,CREMA,Tubo X 20 g,1,4/10/2023,EN06048,ROEMMERS
7750958068401,13,ATURAL,150mg,Tableta Recubierta,Tableta,Caja Tab.,100,7/15/2007,E14783,ROEMMERS
7750958068432,13,ATURAL 300,300mg,Tableta Recubierta,Tableta,Caja Tab.,100,3/28/2015,E17217,ROEMMERS
7750958068524,13,DORIXINA 200,200mg/4mL,Solución para Inyección,Inyectable,Amp. X 4 mL,1,1/27/2013,E10585,ROEMMERS
7750958068531,13,DORIXINA,200MG,AMPOLLA,AMPOLLA,CAJA,100,,E10585,ROEMMERS
7750958068609,13,AFEBRIL,100mg/5mL,Suspensión,Suspension,Fco. X 100 mL,1,11/22/2010,N18233,ROEMMERS
7750958073245,13,LOTRIAL,10mg,Comprimido,Tableta,Caja Comp.,30,1/9/2011,E18021,ROEMMERS
7750958073283,13,MICOLIS,1%,Crema,Crema,Tubo X 30 g,1,10/6/2015,E17658,ROEMMERS
7750958073290,13,MICOLIS,1%,Polvo Tópico,Polvo,50 g,1,10/6/2015,E17657,ROEMMERS
7750958073313,13,MICOLIS,1%,Spray,Solucion,Spray X 60 mL,1,6/4/2012,E14675,ROEMMERS
7750958073351,13,PLIDAN,5mg,Gragea,Tableta,Caja Grag.,20,10/18/2008,N14026,ROEMMERS
7750958073368,13,PLIDAN,5mg/mL,Gotas,Solucion,15 mL,1,10/18/2013,N14028,ROEMMERS
7750958073504,13,TRIMET,200mg,Comprimido,Tableta,Caja Comp.,20,5/27/2006,N18466,ROEMMERS
7750958436477,13,ATLANSIL,200mg,Tableta,Tableta,Caja Tab.,30,10/24/2010,E17726,ROEMMERS
7750958436484,13,ATLANSIL,150MG,AMPOLLA,AMPOLLA,AMPOLLA,1,,E22461,ROEMMERS
7750958436507,13,NOVOLIN R 100 UI/ML,100UI/ML,VIAL,VIAL,FRASCO VIAL X 10 ML,1,,BE00548,NOVO NORDISK
7750961000023,13,ARCOXIA 30 MG X 14 TAB.,500MG,CAJA,CAJA,TABLETAS,14,,,MERCK
7750961000030,13,CORDAPTIVE,,Tableta,Tableta,Caja Tab.,28,9/5/2013,E21000,MERCK SHARP DOHME
7750961000054,13,ZENHALE,100/5mcg,INHALADOR,INH,FRASCO,1,,E23131,MERCK SHARP & DHONE
7750961000061,13,ZENHALE 200 MCG/5 MCG/DOSIS,200MCG/5MCG/DOSIS,AEROSOL,AEROSOL PARA INHALACION,FRASCO X 120 DOSIS,1,,E023130,MERCK SHARP & DOHME
7750961000078,13,OLMETECAMLO,40/10MG,COMPRIMIDO,COM,CJA,28,,E23244,MERCK SHARP & DOHME
7750961000085,13,OLMETECAMLO,40 % 5MG,COMPUESTO,COM,CAJA,28,,E23251,MERCK SHARP & DOHME
7750961000092,13,OLMETECAMLO,20/5 MG,COMPUESTO,COMP,CAJA,28,,E23253,MERCK SHARP & DOHME
7750961000139,13,KEYTRUDA 100 mg/4mL,25 mg/Ml,Concentrado para solución para perfusión,SOLUCIÓN PARA PERFUSIÓN,vial,100,8/28/2020,BE01015,MERCK SHARP & DOHME PERU S.R.L. 
7750961000146,13,NOXAFIL COM 100MG,100MG,COMPRIMIDO,COM,CAJA,24,1/31/2018,EE01946,MERCK SHARP & DOHME
7750961000153,13,DIPROGENTA CREMA x 15GR,,CREMA,,CAJA,1,,,SCHERING
7750961000184,13,GARDASIL 9,,SUSPENSION INYECTABLE,INYECTABLE,JERINGA PRELLENADA x 0.5 mL,1,2/24/2021,BE01039,MERCK SHARP & DOHME
7750961000245,13,PRODIAX 23,25 mcg/0.5 mL,SOLUCION INYECTABLE,INYECTABLE,JERINGA PRELLENADA x 0.5 mL,1,12/20/2022,BE00444,MERCK SHARP & DOHME
7750961000276,13,JANUMET XR,100/100 MG,TABLETAS,TABLETAS,CAJA,28,,EE-03272,MSD
7750961000277,13,JANUMET XR100,100 mg,Comprimido,1000mg Comp. Rec. x 28,Comp. Rec. x 28,28,11/1/2018,EE-03272,MSD
7750961000283,13,JANUMET- XR  COM  50/1000MG,50/1000mg,FRASCO,FCO,FRASCO,1,,EE03254,MERCK SHARP & DOHME
7750961000634,13,KEYTRUDA,100 mg/4 mL,Concentrado para Solución para Perfusión,INYECTABLE,Caja Vial X 4 mL,1,8/28/2020,BE01015,MERCK SHARP
7750961436600,13,PROSCAR,5mg,Tableta,Tableta,Caja Tab.,15,12/20/2012,E20163,MERCK SHARP DOHME
7750961436617,13,PROSCAR,5mg,Tableta,Tableta,Caja Tab.,30,12/20/2012,E20163,MERCK SHARP DOHME
7750967532689,13,EFEXOR XR,75mg,Cápsula,Capsula,Caja Cap.,10,11/14/2012,E14967,WYETH
7750967620577,13,MINOCIN,100mg,Cápsula,Capsula,Caja Cap.,12,1/20/2010,E12548,WYETH
7750972000012,13,CLARITYNE SP,10mg,Tableta,Tableta,Caja Tab.,14,2/14/2012,E5845,SCHERING PLOUGH
7750972000029,13,NASONEX,0.05%,Suspensión Nasal,Suspension Nasal,Fco. X 10 g (60 Dosis),1,5/20/2013,E20659,SCHERING PLOUGH
7750972000043,13,RINELON PEDIATRICO,0.05%,Suspensión,Suspension,Spray X 60 Dosis X 10 g,1,6/27/2011,E13970,SCHERING PLOUGH
7750972000067,13,CORICIDIN F,,Tableta,Tableta,Caja Tab.,100,1/31/2012,E19120,SCHERING PLOUGH
7750972000135,13,PEGINTRON,100mcg/0.5mL,Inyectable,Inyectable,Caja Vial + Dis. + Jer.,1,3/9/2011,BE00332,SCHERING PLOUGH
7750972000142,13,REBETOL,200 MG.,CAPSULAS,CAPSULAS,CAJA,84,,E-17220,SCHERING PLOUGH
7750972000159,13,REMICADE,100mg,Inyectable,Inyectable,Caja Vial X 10 mL,1,8/31/2010,E13171,SCHERING PLOUGH
7750972000319,13,AVIANT D12,,Tableta,Tableta,Caja Tab.,10,1/11/2013,E20175,SCHERING PLOUGH
7750972000326,13,AERIUS D12,,Tableta,Tableta,Caja Tab.,10,1/21/2013,E20207,SCHERING PLOUGH
7750972000333,13,NOXAFIL,200 MG.,SOLUCION,SOLUCION,FRASCO,1,,E- 20352,SHERING PLOUG
7750972000340,13,NASONEX (ALCOHOL FREE),50mcg/dosis,Suspensión,Suspension,Caja Fco. X 18 g (140 Dosis),1,8/13/2012,E19662,SCHERING PLOUGH
7750972000371,13,RINELON,50mcg/dosis,Suspensión,Suspension,Spray X 18 g,1,1/3/2011,E13509,SCHERING PLOUGH
7750972000401,13,ESMERON 50MG/5ML X10 AMP,50mg,CAJA,CAJA,AMPOLLA,10,,,ORGANON
7750972000418,13,BRIDION,,VIAL,VIAL,CAJA,10,,E21654,SCHERING-PLOUGH
7750972000517,13,ONCOTICE,50 MG.,AMPOLLA,AMPOLLA,VIAL,1,,BE-00712,MSD
7750972000548,13,TEMODAL,140mg,CAJA,CAJA,CJA *   5,1,3/18/2016,E0201650000,MERCK SHARP & DOHME
7750972000579,13,TEMODAL,200 MG.,CAPSULAS,CAPSULAS,FCO.,5,,E-22154,MSD
7750972000586,13,TEMODAL 100MG CAPSULA CJX5 (SCH),100 mg,capsula,CAP,CAJAX5,1,1/4/2017,EE-00579,MERCK SHARP & DOHME
7750972000630,13,RINELON PEDIATRICO X 60 DOSIS,,SOLUCION,SOLUCION,frasco,1,,,SCHERING
7750972000647,13,NASONEX PEDIATRICO X 60 DOSIS,,SOLUCION,,FRASCO,1,,,SCHERING
7750972000654,13,DIPROSALIC,,UNG,UNG,TUBO X 15 G,,,EE01832,MERCK SHARP & DOHME
7750972001569,13,CERAZETTE,0.0075 mg,comprimidos,comprimidos,75mcg Caja Comp. x 28,1,5/1/2021,E - 14563,ORGANON
7750972001620,13,PREGNYL,5000 UI,INYECTABLE,INYECTABLE,CAJA,1,,BE-01022,ORGANON
7750972001965,13,REMERON COMX30MGX1,,,,,1,,,SCHERING-PLOUGH DEL PERU S.A.
7750974000034,13,KLARMEDIC 250,250mg/5mL,Polvo para Suspensión,Suspension,Fco. X 50 mL + Vaso Dosif.,1,8/23/2010,N21920,FARMEDIC
7750974000065,13,KLARMEDIC 500,500mg,Tableta,Tableta,Caja Tab.,100,10/26/2010,N22065,FARMEDIC
7750974000119,13,SILVECAINA,,Crema,Crema,Caja Tbo. X 20 g,1,10/27/2010,N22072,FARMEDIC
7750974000126,13,PLINODOL COMPUESTO,,Tableta Recubierta,Tableta,Caja Tab.,100,11/10/2010,N22101,FARMEDIC
7750974000164,13,CLENBROXOL,,Gotas,Solucion,Fco. X 20 mL,1,11/8/2011,N22995,FARMEDIC
7750974000171,13,DESPEJ 2.5MG / 5 ML FCO X 60 ML,2.5mg/5mL,,,,1,,N22306,DROGUERIA FARMEDIC S.A.C
7750974000188,13,COXIBREX,200mg,Cápsula,Capsula,Caja Cap.,100,5/27/2014,N25751,FARMEDIC
7750974000195,13,DRINEXIN 100,100mg,Tableta,Tableta,Caja Tab.,100,6/2/2015,N21805,FARMEDIC
7750974000201,13,NISOMED,50mg,Tableta,Tableta,Caja Tab.,100,4/20/2011,N22504,FARMEDIC
7750974000225,13,NISOMED,20mg,Tableta,Tableta,Caja Tab.,100,4/27/2012,N23457,FARMEDIC
7750974000263,13,DESPEJ 5 MG X 1 TABLETA,,,,,1,,,DROGUERIA FARMEDIC S.A.C
7750974000379,13,VODRIN,50mg,Tableta,Tableta,Caja Tab.,100,4/24/2013,N24559,FARMEDIC
7750974000393,13,ALERCIL 10,10mg,Tableta Recubierta,Tableta,Caja Tab.,100,5/22/2013,N24638,FARMEDIC
7750974000409,13,HONGOSANOL,,Crema,Crema,Tubo X 15 g,1,2/18/2013,N24362,FARMEDIC
7750981000072,13,DORIXYL,125MG,COMPRIMIDO,COMP.,CAJA X 100 COMP.,100,,N-20891,MEDROCK
7750981337956,13,CYTOFINE 200 MCG TABLETA (CEC),200 MG,TABLETA,TABLETA,CAJA X 28,28,2/3/2018,EN05694,MASTER FARMA S.A. 
7750982000200,13,CETRILER,5mg,Comprimido Recubierto,Tableta,Caja Comp.,10,7/24/2013,N20768,ROEMMERS
7750982000637,13,CETRILER,5mg/mL,Gotas Oral,Solucion,Fco. X 15 mL,1,3/31/2013,E20523,ROEMMERS
7750982000644,13,CETRILER,2.5mg/5mL,Jarabe,Solucion,Fco. X 60 mL,1,4/3/2013,E20537,ROEMMERS
7751010231863,13,ELANTAN,20mg,Comprimido Ranurado,Tableta,Caja Comp.,20,8/18/2010,E17562,BAYER
7751010231894,13,ELANTAN,40mg,Comprimido,Tableta,Caja Comp.,20,10/21/2014,E21997,BAYER
7751010489516,13,DEPONIT NT 5,5mg/dia,Parche,Parche,Caja Sob.,10,2/26/2010,E12656,BAYER
7751030000081,13,UNIGEL CARBOMERO,0.20%,Ungüento Oftálmico,Unguento Oftalmico,Tubo X 5 g,1,7/18/2010,N21867,ROSTER
7751030000098,13,UNIDORZO,2%,Solución Oftálmica,Solucion Oftalmica,Fco. Got. X 5 mL,1,7/11/2010,N21860,ROSTER
7751030000104,13,UNIDORZO MR T GOTAS OFT FCO X 5ML,5 ML,FRASCO,FCO,CJA X 1,1,8/9/2020,EN01933,LABORATORIOS ROSTER S.A.
7751030000111,13,UNIFLOX S,0.3%+0.1%,Solución Oftálmica,Solucion Oftalmica,Fco. Got. X 5 mL,1,7/25/2011,N22720,ROSTER
7751030000135,13,UNIFLOX S,0.3%+0.1%,Ungüento Oftálmico,Unguento Oftalmico,Tubo X 3.5 g,1,9/8/2011,N22823,ROSTER
7751030000142,13,UNITENO,0.03%,Solución Oftálmica,Solucion Oftalmica,Fco. X 10 mL,1,7/31/2011,N22732,ROSTER
7751030000159,13,UNIGEL MR CARBOMERO 0.2%,10 g,Ungüento,Ungüento,Tubo x 10 g,1,,N21867,ROSTER S.A.
7751030000166,13,UNITEARS,,Solución Oftálmica,Solucion Oftalmica,Caja Fco. Got. X 15 mL,1,6/16/2013,N24738,ROSTER
7751030000227,13,UNIFLOX 0.3%,0.003,UNG OFTALMICO,UNG OFTALMICO,CAJA X 1 UNIDAD,1,,N260370,ROSTER
7751030000234,13,UNIAL,,Solución Oftálmica,Solucion Oftalmica,Caja Fco. Got. X 10 mL,1,10/14/2014,N26350,ROSTER
7751030000258,13,UNITOB -S,5ML,GOTAS,GOTAS,FRASCO,1,,N-22284,ROSTER
7751030000265,13,UNIMOX OFT GOT SOL 5ML,5ML,GOTAS,GOTAS,FRASCO,1,,N-26991,ROSTER
7751030000272,13,UNITEARS-D,3.0/1.0 MG,Solución Oftalmica,Solución Oftalmica,Frasco x 15 ml,1,,N-26267,ROSTER
7751030000333,13,AQUOL FRESH  FCO X 15 ML,"0,01%",FRASCO,FCO,CJA X 1,1,1/17/2018,N27285,LABORATORIOS ROSTER S.A.
7751030000340,13,ALERGIPAT,0.002,SOLUCION OFTALMICA,SOLUCION OFTALMICA,FRASCO,5,,N-27334,ROSTER
7751030000364,13,UNITRAV,0.004%,SOLUCION OFTALMICA,SOLUCION OFTALMICA,FRASCO X 3 mL,1,12/11/2018,N27367,ROSTER
7751030000371,13,TELMICIN -P GOTAS OFT,NETILMICINA 0.3 %,FRASCO X 5 ML,FRASCO X 5 ML,FRASCO,1,2/1/2018,EN-02140,ROSTER
7751030000388,13,MIDILAR - T (TROPICAMIDA 1%) (ROSTER),0.01,FRASCO,FCO,CAJA X 1,1,,EN-03824,ROSTER
7751030000401,13,NEPAFEN,5ML,GOTAS,GOTAS OFTALMICAS,FRASCO,1,3/21/2022,EN-05250,ROSTER
7751030000432,13,BRIMODUAL SP GTS OFT X 5ML,5 ML,FRASCO,FCO,CJA X 1,1,2/1/2024,EN06620,LABORATORIOS ROSTER S.A.
7751030067749,13,MIRACRYL A,0.05%+0.5%,Solución Oftálmica,Solucion Oftalmica,Fco. X 10 mL,1,1/11/2013,N16629,ROSTER
7751030067763,13,NEOFTHAL S,,Solución Oftálmica,Solucion Oftalmica,Fco. X 5 mL,1,12/20/2009,N19483,ROSTER
7751030230058,13,UNIOF,0.001,FRASCO,GOTAS OFT.,0.1% Oft. Sol. x 5ml,,,EN-02278,Roster S.A.
7751030232734,13,NEPOCORT OFTALMICO,,Solución Oftálmica,Solucion Oftalmica,Caja Fco. Got. X 5 mL,1,12/2/2014,N17687,ROSTER
7751030232741,13,UNIPRED F,1%,Solución Oftálmica,Solucion Oftalmica,Fco. Got. X 5 mL,1,11/18/2011,N18579,ROSTER
7751030253722,13,UNICLOR,1%,Ungüento Oftálmico,Unguento Oftalmico,Tubo X 3.5 g,1,3/22/2010,N19603,ROSTER
7751030253746,13,MIRACRYL-A GTS OFT FCO X 10 ML,0.05% + 0.5%,FRASCO,FCO,CJA X 1,1,1/11/2018,N16629,ROSTER S.A.
7751030260058,13,UNIOF,0.10%,Solución Oftálmica,Solucion Oftalmica,Fco. Got. X 5 mL,1,10/17/2010,N19796,ROSTER
7751030262977,13,UNIFLOX,0.30%,Solución Oftálmica,Solucion Oftalmica,Fco. Got. X 5 mL,1,9/24/2011,N18545,ROSTER
7751030262984,13,OPTIMOL,0.50%,Solución Oftálmica,Solucion Oftalmica,5 mL,1,12/30/2013,N17118,ROSTER
7751030262991,13,UNISULF,10%,Solución Oftálmica,Solucion Oftalmica,Fco. Got. X 10 mL,1,3/31/2012,N16348,ROSTER
7751030287338,13,LOCARPIN F,2%,Solución Oftálmica,Solucion Oftalmica,10 mL,1,12/12/2013,N17090,ROSTER
7751030287345,13,UNIFEN,0.10%,Solución Oftálmica,Solucion Oftalmica,Fco. Got. X 5 mL,1,8/5/2013,N18964,ROSTER
7751030460496,13,AQUOL,,Colirio,Solucion Oftalmica,Fco. X 15 mL,1,12/10/2006,N18614,ROSTER
7751030665846,13,UNICLOVYR,3%,Ungüento Oftálmico,Unguento Oftalmico,Tubo X 3.5 g,1,6/21/2010,N19689,ROSTER
7751030705627,13,UNICLOR,0.50%,Solución,Solucion,Fco. X 10 mL,1,10/28/2012,N16525,ROSTER
7751030705634,13,UNICLOR S,0.5%+0.1%,Gotas Oftálmicas,Solucion Oftalmica,Fco. Got. X 5 mL,1,5/30/2013,N18922,ROSTER
7751030705641,13,UNITOB,0.30%,Solución Oftálmica,Solucion Oftalmica,Fco. Got. X 5 mL,1,5/14/2013,N18913,ROSTER
7751030705658,13,UNISULF S,,Solución Oftálmica,Solucion Oftalmica,Fco. Got. X 5 mL,1,9/17/2013,N25016,ROSTER
7751030945856,13,UNIXINE-S,3.5 G,TUBO,UNGÜENTO,Oft. Ung. x 3.5g,1,,N-20334,Roster S.A.
7751030945863,13,CLEAR EYES-FRASCO X 15 ML (ROSTER),"1,40%",FRASCO,FCO,CJA X 1,1,10/14/2017,N20338,LABORATORIOS ROSTER S.A.
7751032000096,13,HIERRO SACARATO,100 MGFe/5 ML,SOLUCION INYECTABLE,SOL. INY.,CAJA X 5 AMPOLLAS,5,,EG-5115,GP PHARM
7751032000201,13,MINOCTRE,1 mg/5 mL,SOLUCION INYECTABLE,INYECTABLE,VIAL,1,3/4/2018,EE01104,GP PHARM
7751032000225,13,LEUPRORELINA GP PHARM,3.75MG,VIAL,VIAL,VIAL,1,,EG5491,GP PHARM
7751032000287,13,TRIPTORELINA GP PHARM,,VIAL,VIAL,VIAL,1,,EG5687,GP PHARM
7751032000294,13,CIPROFLOXACINO,200MG/100ML,SOLUCION INYECTABLE,INY,FRASCO,100,1/12/2014,EG-6041,GP PHARM
7751032000300,13,METRONIDAZOL 500MG X 100ML AMP (BES),,,,,1,,,GP PHARM S.A.
7751056475788,13,SEPTRIN,200mg+40mg/5mL,Suspensión,Suspension,Fco. X 60 mL,1,6/19/2012,E14714,GSK
7751056475818,13,SEPTRIN FORTE,800mg+160mg,Tableta,Tableta,Caja Tab.,100,1/29/2012,E14331,GSK
7751056475825,13,ZYLORIC,100mg,Comprimido,Tableta,Caja Comp.,30,2/4/2012,E14350,BIOTOSCANA
7751056475832,13,ZYLORIC,300mg,Comprimido,Tableta,Caja Comp.,30,2/4/2012,E14348,BIOTOSCANA
7751128000122,13,DOXICICLINA 100 MG  X 1 TABLETA (LAB),,,,,1,,,LABORATORIOS AMERICANOS S.A.
7751128000337,13,BECLOMETASONA,250mcg/dosis,Aerosol para Inhalación,Inhalador,Caja Fco. X 150 Dosis,1,5/16/2010,EG4601,LABOT
7751128000351,13,BECLOMETASONA 50 MG AEROSOL FCO X 200 DOSIS (LAB),,,,,1,,,LABORATORIOS AMERICANOS S.A.
7751128000368,13,SALBUTAMOL,100mcg,Inhalador,Inhalador,Aer. X 200 Dosis,1,11/7/2013,EG4157,LABOT
7751128000498,13,DEXAMETASONA,4mg/2mL,Solución para Inyección,Inyectable,Caja Amp. X 2 mL,1,10/20/2013,EG5931,LABOT
7751128000610,13,BENCIL PENICILINA BENZATINICA 1200 MG X 1,,,,,1,,,LABORATORIOS AMERICANOS S.A.
7751128000689,13,BROMURO DE IPRATROPIO 20 MCG (LABOT),20mcg,INHALADOR,INH,INH X 200 DOSIS,1,1/4/2017,EG-5585,LABOT
7751128000696,13,METAMIZOL AMPX1GRX1 (LABO),,,,,1,,,LABORATORIOS AMERICANOS S.A.
7751128000849,13,DEXAMETASONA,4mg/2mL,Solución para Inyección,Inyectable,Caja Amp. X 2 mL,1,6/14/2012,EG5385,LABOT
7751128000986,13,CLORURO DE SODIO LABOT AMP 20% 20ML,20%,AMPOLLA,AMP,CAJA,25,,EE00897,LABOT
7751128001181,13,MEROPENEM,500 MG,MEROPENEM,MEROPENEM,AMPOLLA,1,1/5/2018,EG-5614,LABOT
7751128001228,13,BUDESONIDA 200 MCG /DOSIS AEROSOL,,,,,1,,,LABORATORIOS AMERICANOS S.A.
7751128001273,13,METFORMINA  850MG  X 1 TAB.,,,,,1,,,LABORATORIOS AMERICANOS S.A.
7751128001341,13,ACIDO ACETILS. 100MG CJA X 100,100 MG.,COMPRIMIDO,COMPRIMIDO,CAJA,100,1/20/2022,EE-04655,LABOT
7751128001396,13,SALBUTAMOL AEROSOL 100MG FCO (LAM),,,,,1,,,LABORATORIOS AMERICANOS S.A.
7751128001785,13,OXITOCINA 10 UI/ML,10 UI/ML,Solución Inyectable,Inyectable,Caja x 100,1,,EE02493,LABOT
7751151013342,13,CATUG CROMICO 4/0,,CATGUT CROMICO,,UNIDAD,1,1/8/2019,DM0096N,TAGUN
7751151016480,13,POLIPROPILENO,MONOFILAMENTO,SUTURA,SUTURA,SUTURA,1,,DM0098N,TAGUN
7751180001005,13,CLINFOL DUO,,Cápsula Blanda Vaginal,Ovulo,Caja Cap.,7,12/9/2010,E17915,TECNOFARMA
7751198000015,13,ADENEX,2mg,Comprimido,Tableta,Caja Comp.,15,10/19/2009,E12244,TECNOFARMA
7751198000022,13,ADENEX,5 MG.,COMPRIMIDOS,COMPRIMIDOS,CAJA,30,,E-12245,TECNOFARMA
7751198000039,13,ADENEX,5mg,Comprimido,Tableta,Caja Comp.,15,10/19/2009,E12245,TECNOFARMA
7751198000053,13,ADENEX,10mg,Comprimido,Tableta,Caja Comp.,30,3/20/2010,E12730,TECNOFARMA
7751198000060,13,ATENUAL,30mg,Comprimido,Tableta,Caja Comp.,30,2/18/2013,E15291,TECNOFARMA
7751198000091,13,CLINFOL,100mg,Ovulo,Ovulo,Caja Ov.,7,9/8/2013,E11136,TECNOFARMA
7751198000121,13,GESLUTIN PNM,100mg,Cápsula Blanda,Capsula,Caja Cap.,20,12/19/2013,E16096,TECNOFARMA
7751198000138,13,IRRIGOR,30mg,Comprimido Recubierto,Tableta,Caja Comp.,50,4/26/2012,E14582,TECNOFARMA
7751198000145,13,IRRIGOR,30mg,Comprimido Recubierto,Tableta,Caja Comp.,90,4/26/2012,E14582,TECNOFARMA
7751198000152,13,IRRIGOR FORTE,60mg,Comprimido Recubierto,Tableta,Caja Comp.,30,9/22/2010,E13237,TECNOFARMA
7751198000169,13,IRRIGOR PLUS,,Comprimido Recubierto,Tableta,Caja Comp.,30,5/8/2012,E14612,TECNOFARMA
7751198000176,13,MUTUM,150mg,Cápsula,Capsula,Caja Cap.,2,1/12/2011,E13535,TECNOFARMA
7751198000183,13,mutun 150 mg,150mg,capsulas,caps,capsulas,1,,E-13535,TECNOFARMA
7751198000190,13,NASTERIL,5MG,TABLETAS,TABLETAS,CAJA,30,,E-14500,TECNOFARMA
7751198000213,13,NOLOTEN,5mg,Comprimido,Tableta,Caja Comp.,20,1/30/2010,E7917,TECNOFARMA
7751198000220,13,NOLOTEN,10mg,Comprimido,Tableta,Caja Comp.,10,1/30/2010,E7916,TECNOFARMA
7751198000237,13,NOVACILINA,500mg,Comprimido Recubierto,Tableta,Caja Comp.,7,8/29/2011,E14125,TECNOFARMA
7751198000275,13,NULYTELY,,Polvo para Solución Oral,Solucion,Caja Sob.,4,11/14/2010,E13361,TECNOFARMA
7751198000282,13,NULYTELY CAJA X 4 SOBRES,,SOBRE,SBR,CJA X 4,4,12/6/2017,EE03717,TECNOFARMA S.A.
7751198000305,13,REFLUCIL,2.5mg,Comprimido Recubierto,Tableta,Caja Comp.,30,6/21/2011,E13962,TECNOFARMA
7751198000312,13,REFLUCIL,5mg,Comprimido Recubierto,Tableta,Caja Comp.,30,6/4/2012,E13911,TECNOFARMA
7751198000329,13,RETEVEN,5mg,Comprimido,Tableta,Caja Comp.,30,6/25/2012,E14740,TECNOFARMA
7751198000336,13,RETEVEN COMX5MGX1,,,,,1,,,TECNOFARMA S.A.
7751198000343,13,RETEVEN CR,10mg,Tableta de Liberación Prolongada,Tableta,Caja Comp.,10,1/12/2010,E12509,TECNOFARMA
7751198000367,13,DINAFLEX,1.5g,Granulos,Granulos,Caja Sob.,30,2/14/2011,E13625,TECNOFARMA
7751198000381,13,DINAFLEX DUO,,Polvo Oral,Polvo,Caja Sob.,30,8/16/2012,E14822,TECNOFARMA
7751198000404,13,DOMINIUM,100 MG,CAJA,COMPRIMIDOS,100mg Comp. Rec. x 10,1,,E-13417,Tecnofarma S.A.
7751198000428,13,FLODIN,7.5mg,Comprimido,Tableta,Caja Comp.,30,5/9/2012,E14619,TECNOFARMA
7751198000442,13,FLODIN,15mg,Comprimido,Tableta,Caja Comp.,30,5/15/2012,E19400,TECNOFARMA
7751198000459,13,FLODIN,15mg/1.5mL,Solución para Inyección,Inyectable,Amp. X 1.5 mL,3,5/16/2013,E10884,TECNOFARMA
7751198000466,13,SUPRACALM,1g,Comprimido,Tableta,Caja Comp.,100,1/7/2012,E14272,TECNOFARMA
7751198000480,13,TRUCTUM,0.30%,Gotas,Solucion,Caja Fco. Got. X 10 mL,1,8/6/2009,E12055,TECNOFARMA
7751198000510,13,ZOLTUM,40mg,Comprimido Recubierto,Tableta,Caja Comp.,14,4/12/2010,E12803,TECNOFARMA
7751198000558,13,CARDIOXANE,,VIAL,VIAL,VIAL,1,,E13397,TECNOFARMA
7751198000572,13,ETACONIL,250mg,Tableta,Tableta,Caja Comp.,90,7/20/2011,E14042,TECNOFARMA
7751198000596,13,LUTAMIDAL,50mg,Comprimido Recubierto,Tableta,Caja Comp.,28,9/25/2013,E11188,TECNOFARMA
7751198000602,13,LUTAMIDAL,150mg,Comprimido Recubierto,Tableta,Caja Comp.,28,4/20/2011,E13803,TECNOFARMA
7751198000701,13,TROZOLET,1mg,Tableta,Tableta,Caja Tab.,28,5/25/2010,E12907,TECNOFARMA
7751198000718,13,GLANIQUE,0.75mg,Comprimido,Tableta,Caja Comp.,2,12/31/2013,E16117,TECNOFARMA
7751198000749,13,ONCODOCEL,20mg,AMPOLLA,AMPOLLA,AMP *   1,1,7/26/2016,E0129600001,TECNOFARMA
7751198000800,13,OXYCONTIN,40MG,COMPRIMIDO,COMPRIMIDO,CAJA,30,,E15322,TECNOFARMA
7751198000824,13,INMUNOPRIN,100mg,Comprimido Recubierto,Tableta,Caja Comp.,30,6/20/2012,E14718,TECNOFARMA
7751198000831,13,TAMSULON,0.4mg,Cápsula de Liberación Prolongada,Capsula,Caja Cap.,10,3/6/2010,E12669,TECNOFARMA
7751198000840,13,TAMSULON,0.4mg,Cápsula de Liberación Prolongada,Capsula,Caja Cap.,30,3/6/2010,E12669,TECNOFARMA
7751198000848,13,TAMSULON 0.4MG TAB CJA X 30,0.4 MG,TABLETA,TAB,CJA X 30,30,3/6/2020,E12669,TECNOFARMA S.A.
7751198000855,13,DOMINIUM,50mg,Comprimido Recubierto,Tableta,Caja Comp.,10,12/1/2010,E13418,TECNOFARMA
7751198000862,13,MIRTAPAX,30mg,Comprimido Recubierto,Tableta,Caja Comp.,10,12/20/2012,E15079,TECNOFARMA
7751198000879,13,MIRTAPAX,30mg,Comprimido Recubierto,Tableta,Caja Comp.,30,12/20/2012,E15079,TECNOFARMA
7751198000886,13,RETEVEN CR,5mg,Tableta de Liberación Prolongada,Tableta,Caja Comp.,10,7/15/2013,E15703,TECNOFARMA
7751198000893,13,NABRATIN,75mg,Comprimido Recubierto,Tableta,Caja Comp.,15,1/22/2014,E16166,TECNOFARMA
7751198000923,13,GESLUTIN PNM,200mg,Cápsula Blanda,Capsula,Caja Cap.,10,6/18/2009,E16520,TECNOFARMA
7751198001005,13,CLINFOL DUO,,Cápsula Blanda Vaginal,Ovulo,Caja Cap.,7,12/9/2010,E17915,TECNOFARMA
7751198001067,13,SUPRACALM DUO,325mg+37.5mg,Comprimido,Tableta,Caja Comp.,10,10/6/2010,E17662,TECNOFARMA
7751198001104,13,TOPICTAL,25mg,Comprimido Recubierto,Tableta,Caja Comp.,28,7/7/2014,E16591,TECNOFARMA
7751198001111,13,TOPICTAL,50mg,Comprimido Recubierto,Tableta,Caja Comp.,28,7/7/2014,E16587,TECNOFARMA
7751198001128,13,TOPICTAL,100mg,Comprimido Recubierto,Tableta,Caja Comp.,28,7/7/2014,E16590,TECNOFARMA
7751198001142,13,ZOLTUM,40mg,Inyectable,Inyectable,Amp. + Jer. c/diluy.,1,11/4/2009,E12270,TECNOFARMA
7751198001159,13,NEO-DECAPEPTIL CR 11.25MG X 1,11.25MG,COMPRIMIDO,COMPRIMIDO,CAJAX1,1,5/11/2021,EE-03038,TECNOFARMA S.A.
7751198001166,13,NEO DECAPEPTYL CR,11.25mg,Suspensión para Inyección,Inyectable,Vial,1,8/23/2011,E18691,TECNOFARMA
7751198001173,13,IDENA,150mg,Comprimido Recubierto,Tableta,Caja Comp.,1,10/19/2011,E18869,TECNOFARMA
7751198001203,13,FLODIN FLEX,15mg+4mg,Comprimido,Tableta,Caja Comp.,30,10/5/2011,E18831,TECNOFARMA
7751198001272,13,QUETIAZIC,100mg,Comprimido Recubierto,Tableta,Caja Comp.,30,6/22/2011,E18508,TECNOFARMA
7751198001296,13,NOVACILINA 750 MG X 5 COMP.,750mg,caja,,compremido,5,,,tecnofarma
7751198001302,13,IRRIGOR XR,120mg,Comprimido,Tableta,Caja Comp,30,12/18/2013,E16095,TECNOFARMA
7751198001333,13,DOMINIUM,50mg,Comprimido Recubierto,Tableta,Caja Comp.,30,12/1/2010,E13418,TECNOFARMA
7751198001364,13,SUPRACALM,1G,COMPRIMIDOS VIA ORAL,COMPRIMIDOS,Caja Comp. x 10,10,6/1/2021,EE - 04590,TECNOFARMA
7751198001395,13,OXYCONTIN,10MG,COMPRIMIDO,COMPRIMIDO,CAJA,30,,E15323,TECNOFARMA
7751198001425,13,OXYCONTIN,20MG,COMPRIMIDO,COM,CAJA,100,,E10489,TECNOFARMA
7751198001449,13,ZOLTUM,40 MG,AMPOLLA,INYECTABLE,40mg Iny. Amp. x 1 + Jer. c/diluy.,,,E-23349,Tecnofarma S.A.
77512000,13,FLACORT SUSP 22.75 MG/ML 6.5ML,,,,,1,,,LABORATORIOS AC FARMA S.A.
7751207000012,13,UROTAN D,50MG + 100MG,CAPSULAS,CAPSULAS,Caja Cap.,100,1/8/2013,N20468,MARKOS
7751207000128,13,DOLOAPROXOL DUAL FORTE,50mg+500mg,Comprimido Recubierto,Tableta,Caja Comp.,100,12/12/2013,N19093,MARKOS
7751207000234,13,CIPROMAX,500mg,Tableta Recubierta,Tableta,Caja Tab.,100,1/13/2015,N19517,MARKOS
7751207000241,13,UROBAC FORTE,500mg+100mg,Comprimido Recubierto,Tableta,Disp. Comp.,200,8/11/2010,N19733,MARKOS
7751207000272,13,ESPASMO SEDIL COMPUESTO,,Comprimido Recubierto,Tableta,Caja Comp.,200,3/28/2013,N20607,MARKOS
7751207000289,13,PENETRO,,Ungüento,Unguento,Pote X 100 g,1,11/9/2011,N18207,MARKOS
7751207000296,13,AMIGDAZOL NF,,Trocisco,Tableta,Caja Troc.,120,5/2/2014,N14139,MARKOS
7751207000333,13,CLARITROX,500mg,Tableta,Tableta,Caja Tab.,100,7/3/2013,N20726,MARKOS
7751207000340,13,CORTAFAN,,Comprimido Recubierto,Tableta,Caja Comp.,100,11/30/2009,N21470,MARKOS
7751207000463,13,HEMOCYTON,,Jarabe,Solucion,Fco. X 340 mL,1,7/14/2011,N22696,MARKOS
7751207000654,13,GYNOVAL,150mg+100mg,Ovulo,Ovulo,Caja Ov.,50,10/9/2013,N20872,MARKOS
7751207000708,13,DOLOAPROXOL DUAL FORTE,50mg/500mg,Comprimido Recubierto,Tableta,Caja Comp.,400,12/12/2013,N19093,MARKOS
7751207000722,13,DOLOPARAMIDOL,200,CAJA,COMPRIMIDOS,CAJA COMP. REC. X 200,1,,N-22554,LAB. FARMACEUTICOS MARKOS
7751207000760,13,UROMAX FORTE,,Cápsula,Capsula,Caja Cap.,100,5/29/2012,N23533,MARKOS
7751207000784,13,ESPASMOSEDIL COMPUESTO COM (MARKOS),135MG,TABLETAS,TABLETA,CAJA X 10,1,1/9/2019,N-20607,MARKOS
7751207000807,13,MIOFEDROL RELAX,Nº 1 x 3ml +1 Amp.Nº2x2ml,CAJA,AMPOLLA,Caja Amp. Nº 1 x 3ml +1 Amp.Nº2x2ml,,,E-21355,Lab. Farmacéuticos Markos
7751207000838,13,GRIPALERT PLUS NF,325+30+15+2MG,TABLETAS,TAB,CAJX100,1,5/1/2018,N-25345,MARKOS
7751207000876,13,MIOFEDROL RELAX PLUS,,Comprimido Recubierto,Tableta,Caja Comp.,100,3/22/2011,N22404,MARKOS
7751207001101,13,PARAMIDOL 500mg,500 MG,TABLETAS,TAB,CAJ X 100,1,8/1/2019,N-18518,MARKOS
7751207001170,13,ZITROZIN 500MG,500 MG,CAJA,TABLETAS,500 MG CAJA X 3 TABLETAS,,12/6/2017,EN-01416,Lab. Farmacéuticos Markos S.A.
7751207001262,13,APROXOL,1 G.,CAJA,TABLETAS,1g Caja Tab. x 100,,,EN-00127,Lab. Farmacéuticos Markos S.A.
7751207001392,13,PARASITEL,200 MG.,TABLETAS,TABLETAS,CAJA,60,,EN-02573,MARKOS
7751207001507,13,NISOLAN,20 MG,CAJA,TABLETAS,20mg Caja Tab. x 120,,,EN-02430,ab. Farmacéuticos Markos S.A.
7751207001545,13,CIPROMAX,500mg,CAJA,COMPRIMIDOS,500mg Comp. Rec. x 100,,1/13/2020,EN-01224,Lab. Farmacéuticos Markos S.A.
7751207001613,13,UROTAN D,100/50MG,CAPSULA,CAP,CJA,100,7/30/2020,EN-03996,MARCOS
7751207001637,13,PREDCORT,25 mg/5 mL,Solución Oral,SOLUCION,Caja Frasco x 60 mL,1,4/28/2021,EN03245,MARKOS
7751207001675,13,ZITROZIN,200 mg/5 mL,Polvo para Suspensión Oral,SUSPENSION,Caja Frasco,1,8/22/2021,EN04301,MARKOS
7751207002146,13,LOPIROX LACA PARA UÑAS,0.08,Solución Tópica,AEROSOL,Caja Frasco Aplicador x 4 mL + Accesorios,1,10/10/2022,EE05359,MARKOS
7751207002320,13,ZITROZIN,500 mg,TABLETA RECUBIERTA,TABLETA,CAJA TAB,100,12/6/2022,EN01416,MARKOS
7751207057214,13,BRONCODEX COMPUESTO,,Jarabe,Solucion,Fco. X 120 mL,1,12/29/2010,N19840,MARKOS
7751207254088,13,DEXABRON NF,,Jarabe,Solucion,Fco. X 120 mL,1,2/21/2013,N13144,MARKOS
7751207254095,13,KALLOZIL,,Solución,Solucion,Fco. X 8 mL,1,10/3/2011,N12577,MARKOS
7751207254125,13,VITAVERAN B12 NF,,Jarabe,Solucion,Fco. X 340 mL,1,1/11/2011,N22265,MARKOS
7751207256594,13,NEOENZIMAX,237 MG,CAPSULA,CAPSULA,CAPSULA,1,1/11/2017,N-23300,MARKOS
7751207256648,13,YODIL COMPUESTO,,Ungüento,Unguento,Pote X 13 g,12,2/16/2011,N13881,MARKOS
7751207877713,13,DEXABRON NF,,Cápsula,Capsula,Caja Cap.,100,8/27/2011,N19999,MARKOS
7751207877737,13,UROBAC FORTE,500mg+100mg,Comprimido Recubierto,Tableta,Disp. Comp.,100,8/11/2010,N19733,MARKOS
7751207964314,13,MYCOCID,1%,Crema,Crema,Tubo X 10 g,1,2/7/2012,N20112,MARKOS
7751207965410,13,LIMONADA PURGANTE,,Solución Oral,Solucion,Fco. X 200 mL,1,12/19/2012,N20431,MARKOS
77512161,13,ESPASMO-ANTALGINA 2.5G AMPX5ML,,,,,1,,,INSTITUTO SANITAS S.P.S.A.
77512178,13,DILATOR AMPx10MGx2ML,,,,,1,,,INSTITUTO SANITAS S.P.S.A.
7751225000056,13,NAPROFAS,550mg,Tableta Recubierta,Tableta,Caja Tab.,50,8/24/2009,N21370,LA VICTORIA
7751225000063,13,NAPROFAS,220mg,Tableta Recubierta,Tableta,Caja Tab.,100,8/27/2009,N21381,LA VICTORIA
7751225000070,13,IBUFAS,400mg,Tableta,Tableta,Caja Tab.,100,8/27/2012,N23778,LA VICTORIA
7751225000087,13,HISTAFED,2mg/5mL,Jarabe,Solucion,Fco. X 120 mL,1,9/20/2009,N21405,LA VICTORIA
7751225000094,13,FLUCOFAS,150mg,Cápsula,Capsula,Caja Cap.,4,8/22/2012,N23766,LA VICTORIA
7751225000124,13,XINTUS,30mg/5mL,Jarabe,Solucion,Fco. X 100 mL,1,3/14/2010,N21629,LA VICTORIA
7751225000131,13,CLOXIPOL,1%,Solución,Solucion,Fco. X 20 mL,1,3/23/2015,N21655,LA VICTORIA
7751225000162,13,FLOXAMIN,500mg,Tableta Recubierta,Tableta,Caja Tab.,100,9/3/2012,N23795,LA VICTORIA
7751225000193,13,TRIFAS,,Crema,Crema,Tubo X 10 g,1,1/3/2011,N22228,LA VICTORIA
7751225000209,13,ETILXAN,2%,Polvo Tópico,Polvo,Fco. X 30 g,1,9/16/2010,E17627,LA VICTORIA
7751225000230,13,FASAMOL,500mg,Comprimido Recubierto,Tableta,Caja Comp.,800,11/23/2010,E17840,FARMACIAS PERUANAS
7751225000285,13,OCTIFAS,,Colirio,Solucion Oftalmica,Caja Fco. Got. X 5 mL,1,2/1/2011,N22296,LA VICTORIA
7751225000292,13,DEXTROFAS,15mg/5mL,Jarabe,Solucion,Fco. X 120 mL,1,10/1/2009,N21416,LA VICTORIA
7751225000308,13,IBUFAS,100mg/5mL,Suspensión,Suspension,Fco. X 120 mL,1,9/3/2012,N23800,LA VICTORIA
7751225000315,13,IBUFAS,100mg/5mL,Suspensión,Suspension,Fco. X 60 mL,1,9/3/2012,N23800,LA VICTORIA
7751225000322,13,OMEFAS,20mg,Cápsula de Liberación Retardada,Capsula,Caja Cap.,100,9/24/2012,N23874,LA VICTORIA
7751225000605,13,FROTAFAS,,Pomada,Unguento,Pote X 100 g,1,1/12/2010,N21508,LA VICTORIA
7751225001282,13,NAPROXENO,550mg,Tableta Recubierta,Tableta,Caja Tab.,1,9/11/2011,NG5067,LA VICTORIA
7751225001305,13,DOLMIN,1%,Gel,Gel,Tubo X 30 g,1,12/28/2011,N23126,LA VICTORIA
7751225001312,13,GASEOMAG ANIS,,Suspensión,Suspension,Fco. X 15 mL,1,1/8/2012,N23144,LA VICTORIA
7751225001329,13,GASEOMAG FRESA,80mg/ml,Suspensión,Suspension,Fco. X 15 mL,1,1/8/2012,N23145,LA VICTORIA
7751229000205,13,TDN ALLERGY,10mg,Tableta,Tableta,Caja Tab.,100,6/30/2010,E17465,SHERFARMA
7751234123456,13,KETOFENID,100 MG,TABLETA,TAB,100 MG,1,,N-27305,INDUQUIMICA S.A.
7751235000022,13,GINERELLA,,Ovulo,Ovulo,Caja Ov.,10,1/19/2009,N21026,OMDICA
7751251000013,13,VIKITROM,500mg,Tableta,Tableta,Caja Tab.,100,8/18/2008,N20793,MARVIC TRADING
7751251000020,13,MARVITROX,500mg,Tableta,Tableta,Caja Tab.,3,11/9/2014,N26487,MARVIC TRADING
7751251000037,13,MARVICLAR,500mg,Tableta,Tableta,Caja Tab.,50,1/13/2015,N26685,MARVIC TRADING
7751251000075,13,DOXIMAR,100mg,Cápsula,Capsula,Caja Cap.,100,12/5/2013,N20963,MARVIC TRADING
77512567,13,GENTAGRAM 0.3% GOTA OFTALMICA FRA X 8ML,0.3%,SOLUCION OFTALMICA,SOLUCION OFTALMICA,FRASCO,1,,EN00746,LUSA
7751257000017,13,LUIVAC,3mg,Comprimido,Tableta,Caja Comp.,14,8/19/2013,E6970,QUILAB
7751257000031,13,DOXIVENIL,,Gel,Gel,Tubo X 40 g,1,6/27/2011,N22650,OM PHARMA
7751257000062,13,SYMBICORT TURBUHALER,160mcg+4.5mcg,Polvo para Inhalación,Inhalador,Env. X 60 Dosis,1,10/29/2011,E14190,ASTRAZENECA
7751257000987,13,ATROVENT,20mcg/dosis,Aerosol,Inhalador,Aer. Dosif. X 10 mL,1,9/11/2012,E14860,QUILAB
7751257001052,13,REMERON,15mg,Tableta,Tableta,Caja Tab.,30,5/30/2013,E15568,SCHERING PLOUGH
7751257001069,13,REMERON,30mg,Tableta,Tableta,Caja Tab.,30,6/2/2013,E15569,SCHERING PLOUGH
7751257001496,13,ENERGON CAP X1,,,,,1,,,ALFA S.A.
7751257001564,13,CERAZETTE,75mcg,Comprimido,Tableta,Caja Comp.,1,4/22/2012,E14563,SCHERING PLOUGH
7751257001588,13,ORADEXON,5mg/mL,Solución para Inyección,Inyectable,Amp.,1,3/20/2010,E12731,SCHERING PLOUGH
7751257001595,13,OVESTIN,0.001,Crema Vaginal,Crema Vaginal,Tubo X 15 g,1,8/22/2010,E8672,SCHERING PLOUGH
7751257001649,13,ATARAX,25mg,Comprimido,Tableta,Caja Comp.,25,5/20/2008,E10901,QUILAB
7751257001700,13,LUVOX,100mg,Tableta,Tableta,Caja Tab.,15,6/15/2010,E8439,QUILAB
7751257001717,13,ZESTRIL,10mg,Tableta,Tableta,Caja Tab.,28,3/5/2012,E19197,ASTRAZENECA
7751257001731,13,FUROSEMIDA TABX40MGX1 (QUILAB),,,,,1,,,CIPA S.A.
7751257001830,13,QUINOBIOTIC,500mg,Tableta,Tableta,Caja Tab.,50,6/2/2009,N19263,QUILAB
7751257001960,13,REMERON,30mg,Comprimido,Tableta,Caja Comp.,10,6/2/2013,E15569,SCHERING PLOUGH
7751257002745,13,PNEUMO 23,,Solución para Inyección,Inyectable,Caja Jer. Prell. X 0.5 mL (1 Dosis),1,11/25/2014,BE0047,SANOFI
7751257003100,13,HONGOCID UÑAS,25%,Solución,Solucion,Fco. X 12 mL + 5 Limas,1,4/26/2011,N18424,QUILAB
7751257003117,13,VASTAREL MR,35mg,Comprimido,Tableta,Caja Comp.,30,3/7/2012,E14438,GRUNENTHAL PERUANA
7751257004190,13,COLUQUIM,500mg,Tableta,Tableta,Caja Tab.,6,1/26/2010,N21533,QUILAB
7751257004206,13,COLUQUIN SUSPENSIÓN,60 ML,solucion,frasco,FRASCO X 60 ML,1,4/1/2017,N-21640,QUILABA
7751257005074,13,LISALGIL,2g/5mL,Solución para Inyección,Inyectable,Amp. X 5 mL,3,11/8/2010,E17765,BOEHRINGER
7751257006903,13,COMPLEJO B,,COMPRIMIDO,COMP,300,1,5/25/2021,DN0129,QUIMICA SUIZA S.A.
7751257006972,13,FERANIN,100mg/2mL,Solución para Inyección,Inyectable,Caja Fco. Amp. X 2 mL,1,8/15/2010,E17547,QUILAB
7751257007016,13,FERANIN,100mg,Gragea,Tableta,Caja Grag.,30,9/1/2010,N21934,QUILAB
7751257007245,13,FERANIN-FOL,100/1mg,CAJA,CAJA,CJA * 150,150,6/9/2016,N0222480000,CIFARMA
7751257007252,13,FERANIN-FOL 1000 GRA 100/1MG,100/1MG,GRAGEA,GRA,CAJA,30,,EN02960,CIFARMA
7751257007269,13,CALVIAL-D X 1 COMP,,,,,1,,,ORGANON INTERNACIONAL BV
7751257008051,13,ALE 70,70mg,Tableta,Tableta,Caja Tab.,4,4/10/2011,N22489,QUILAB
7751257008068,13,ATORQUILAB,20mg,Tableta,Tableta,Caja Tab.,10,4/18/2011,N22501,QUILAB
7751257008075,13,CAPRESSIOR,25mg,Tableta,Tableta,Caja Tab.,100,5/23/2011,N22552,QUILAB
7751257008082,13,RINACET,10mg,Tableta,Tableta,Caja Tab.,100,4/7/2016,N22485,QUILAB
7751257008105,13,FLUCOXIN,150mg,Tableta,Tableta,Caja Tab.,2,1/8/2014,N25433,QUILAB
7751257008112,13,ANKU,10mg,Tableta,Tableta,Caja Tab.,100,4/6/2011,N22468,QUILAB
7751257008150,13,RINALOR,5/5,JARABE,JARABE,FRASCO,1,,N22463,QUILAB
7751257008198,13,ANGAS,40mg,Tableta Masticable,Tableta,Caja Tab.,100,4/6/2011,N22465,QUILAB
7751257008303,13,MAXITO,500mg,Comprimido,Tableta,Caja Comp.,100,3/8/2011,N22349,QUILAB
7751257008310,13,DIMENHIDRINATO 50MG COMP X 100,50MG,TABLETA,TAB,CAJA X 100,100,,EN-02946,QUIMICA SUIZA
7751257008686,13,AMIODARONA,200mg,Comprimido,Tableta,Caja Comp.,30,2/22/2011,NG4859,QUILAB
7751257008716,13,AZIQUILAB,500mg,Tableta,Tableta,Caja Tab.,3,4/19/2011,N22502,QUILAB
7751257008723,13,QUILXIB,200mg,Cápsula,Capsula,Caja Cap.,100,5/23/2011,N22553,QUILAB
7751257008747,13,CLARIQUILAB,500mg,Tableta,Tableta,Caja Tab.,10,4/5/2011,N22461,QUILAB
7751257008761,13,TENDOREK,250mg+300mg,Tableta,Tableta,Caja Tab.,20,5/31/2011,N22574,QUILAB
7751257008785,13,DOLKE FORTE,50mg+500mg,Tableta,Tableta,Caja Tab.,100,5/29/2011,N22563,QUILAB
7751257008846,13,LANSOQUILAB,30mg,Cápsula,Capsula,Caja Cap.,10,9/20/2011,N22862,QUILAB
7751257008853,13,MEPRAQUILAB,20mg,Cápsula,Capsula,Caja,100,4/5/2011,N22462,QUILAB
7751257008907,13,SULFAQUILAB BALSAMICO,,Suspensión,Suspension,Fco. X 100 mL,1,4/18/2011,N22500,QUILAB
7751257009218,13,LOSARQUILAB,50mg,Tableta,Tableta,Caja Tab.,30,4/7/2011,N22483,QUILAB
7751257009263,13,ACIDO ALENDRONICO 70MGX1TB ( CIFARMA),,,,,1,,,CIFARMA SA
7751257009348,13,CLARITROMICINA,500MG,TABLETAS,TABLETAS,CAJA,10,,EN-03533,QUILAB
7751257009447,13,LOSARTAN,50mg,Tableta,Tableta,Caja Tab.,30,2/25/2011,NG4952,QUILAB
7751257009805,13,ALCLIMAX,50mg,Tableta,Tableta,Caja Tab.,10,4/4/2011,N22454,QUILAB
7751257009812,13,ALCLIMAX,100mg,Tableta,Tableta,Caja Tab.,10,4/4/2011,N22455,QUILAB
7751257012904,13,FERANIN,25mg/mL,Gotas,Solucion,Fco. Got. X 20 mL,1,2/15/2012,N23263,QUILAB
7751257013215,13,MUCOSOLVAN,15mg/5mL,Jarabe,Solucion,Fco. X 120 mL,1,6/5/2013,N13272,QUILAB
7751257013567,13,ZURCAL IV,40MG,VIAL,VIAL,VIAL,1,,E18834,TAKEDA
7751257013581,13,DUSPATALIN,200mg,Cápsula,Capsula,Caja Cap.,30,9/18/2010,E13218,QUILAB
7751257013918,13,NUVARING,,Anillo,Anillo,Caja Sob.,1,12/20/2009,E16958,SCHERING PLOUGH
7751257014052,13,DERMACLIN PLUS,,Crema,Crema,Tubo X 15 g,1,1/18/2013,N24233,QUILAB
7751257014175,13,ANTIGRIPINA PLUS,500mg+5mg+2mg,Comprimido Recubierto,Tableta,Caja Comp.,100,4/23/2013,N20638,QUILAB
7751257014373,13,PRECORTEN 50 MG COMP X 100,50MG,TABLETA,TAB,CAJA X 100,100,,EN-01049,QUIMICA SUIZA
7751257014472,13,PRECORTEN,20mg,CAJA,COMPRIMIDOS,20mg Caja Comp. Rec. x 20,,,EN-01297,(Ver QUILAB)
7751257014571,13,PRECORTEN,50MG,COMPRIMIDO,COMPRIMIDO,CAJA,20,,N24477,QUILAB
7751257014601,13,HONGOCID,,Ungüento,Unguento,Tubo X 15 g,1,8/16/2011,N122,QUILAB
7751257014830,13,UROQUILAB,,Comprimido Recubierto,Tableta,Caja Comp.,48,8/8/2013,N20788,QUILAB
7751257014878,13,CIPROTOP,3mg/mL,Gotas Oticas,Solucion Otica,Fco. X 10 mL,1,3/16/2014,N21115,QUILAB
7751257014908,13,PRECORTEN,5mg,Comprimido,Tableta,Caja Comp.,30,3/24/2011,N22418,QUILAB
7751257017879,13,RINALOR,10 MG,CAJA,TABLETAS,10mg Tab. x 100,,,N-27135,(Ver QUILAB)
7751257018098,13,BISMUCID TAB MAST. X 1,,,,,1,,,CIFARMA SA
7751257018180,13,BISMUCID,87.33/5,FRASCO,FRASCO,FCO *   1,1,12/17/2016,N0245690014,QUILAB
7751257018340,13,CREON-10000,,CAPSULA,CAPSULA,CAJA,80,,BE00882,ABBOTT
7751257018371,13,PRECORTEN 20 MG X 1 TABLETA,,,,,1,,,CIFARMA SA
7751257018432,13,LORATADINA QUILAB COM 10MG,10mg,COMPRIMIDO,COM,CAJA,100,,NG6389,QUILAB
7751257018494,13,CREON-25000,,CAPSULA,CAPSULA,CAJA,20,,BE00883,ABBOTT
7751257019019,13,FLUCOXIN CAP 150MG,150MG,CAPSULA,CAP,CAJA,4,,N25433,QUILAB
7751257019026,13,DOXIPLUS,100 mg,Cápsula,CAPSULA,Caja Envase Blister Cápsulas,100,2/6/2019,EN00158,QUIMICA SUIZA
7751257019033,13,QUIMIZOL CREMA,CREMA X 60 GR,TUBO,TUBO,TUBO X 60 GR,1,,N-26329,QUILAB
7751257019149,13,VICTOZA 6MG INY.SOL X 3ML,6mg,CAJA,CAJA,AMPOLLA,1,,,NOVO RAPID
7751257019781,13,QUITALER,5MG X 100,COM. RECUBIERTO,COMPRIMIDO,COMPRIMIDO,,11/1/2019,EN-01851,QUILAB
7751257019965,13,TRESIBA FLEX TOUCH,100UI/ML,JERINGA,JER,CAJA,1,,BE01005,NOVO NORDISK
7751257019989,13,EPIDUO 0.1% GEL X 30 G.,0.001,CAJA,CAJA,GEL,1,,,GALDERMA
7751257020503,13,SOZIALE COM 10MG,10mg,COMPRIMIDO,COM,CAJA,20,,EN04616,QUILAB
7751257021234,13,VESOMNI 6MG/0.4mg,SOLIFENACINA/TAMSULOSINA,CAJA X 30 COMPRIMIDOS,CAJA X 30 COMPRIMIDOS,CAJA X 30 COMPRIMIDOS,30,11/1/2020,EE-01988,ASTELLAS
7751257021777,13,PRECORTEN,5 mg,Comprimido,TABLETA,Caja Envase Blíster Comprimidos,50,3/24/2021,EN02833,QUIMICA SUIZA
7751257021784,13,PRECORTEN,20 mg,Comprimido,TABLETA,Caja Envase Blíster Comprimidos,50,3/24/2018,EN01297,QUIMICA SUIZA
7751257021791,13,PRECORTEN COM 50MG,50mg,COMPRIMIDO,COM,CAJA,50,,EN01049,QUILAB
7751257046268,13,DIFLUCAN,200mg/100mL,Solución para Inyección,Inyectable,Fco. Amp. X 50 mL,1,7/15/2012,E5993,PFIZER
7751257047203,13,PREGNYL,1500UI,Polvo para Solución Inyectable,Inyectable,Amp.,3,9/17/2013,E21038,SCHERING PLOUGH
7751257053938,13,CREON 25000,300mg,Cápsula,Capsula,Caja Cap.,20,4/11/2010,E12800,QUILAB
7751257065627,13,AUDAL NF,,Gotas Oticas,Solucion Otica,Fco. X 10 mL,1,1/8/2012,N18650,QUILAB
7751257066648,13,PREDNISONA 20MG CJA TAB X100 (QUILAB),20 MG,TABLETA,TAB,CJA X 100,100,1/8/2021,EN02751,QUILAB FARMA
7751257088794,13,MOBIC,7.5mg,Tableta,Tableta,Caja Tab.,100,7/23/2012,E14795,BOEHRINGER
7751257090544,13,MICARDIS,40mg,Comprimido,Tableta,Caja Comp.,28,2/25/2014,E11626,BOEHRINGER
7751257090568,13,MICARDIS,80mg,Comprimido,Tableta,Caja Comp.,28,5/11/2009,E11801,BOEHRINGER
7751257107822,13,TENORETIC,100mg+25mg,Tableta,Tableta,Caja Tab.,14,6/4/2012,E19452,ASTRAZENECA
7751257107839,13,TENORETIC,50mg+12.5mg,Tableta,Tableta,Caja Tab.,28,6/1/2012,E19445,ASTRAZENECA
7751257256681,13,CREON 10000,150mg,Cápsula,Capsula,Caja Cap.,80,4/11/2010,E12801,QUILAB
7751257313070,13,DOXIPLUS,100mg,Cápsula,Capsula,Caja Cap.,50,5/28/2009,N19260,QUILAB
7751257384360,13,FERANIN FORTE,50MG/ML,SOLUCION ORAL,SOL.,FCO X 20ML,1,1/1/2022,EN-04993,ALFA
7751257385411,13,MICARDIS PLUS,80mg+12.5mg,Comprimido,Tableta,Caja Comp.,14,6/8/2012,E19474,BOEHRINGER
7751257388269,13,MICARDIS PLUS,80mg+12.5mg,Comprimido,Tableta,Caja Comp.,28,6/8/2012,E19474,BOEHRINGER
77512574,13,GENTAMICINA,0.3%,SOLUCION GOTAS OFTALMICAS,SOL. GOTS OFT.,EMV. X 5 ML,1,,NG-3803,LUSA
7751257484282,13,TENORMIN,100mg,Tableta,Tableta,Caja Tab.,28,2/16/2012,E19156,ASTRAZENECA
7751257484299,13,TENORMIN,50mg,Tableta,Tableta,Caja Tab.,28,2/19/2012,E19157,ASTRAZENECA
7751257484305,13,INDERAL,40mg,Tableta,Tableta,Caja Tab.,50,5/16/2012,E19406,ASTRAZENECA
7751257484312,13,INDERAL,10mg,Tableta,Tableta,Caja Tab.,50,5/16/2012,E19405,ASTRAZENECA
7751257498807,13,DEXTROMETORFANO,15 mg/5 mL,JARABE,SOLUCION ORAL,FRASCO x 120 mL,1,3/19/2022,EN00318,QUILAB FARMA
7751257511803,13,PERLUTAL,,Solución para Inyección,Inyectable,Amp.,1,12/27/2011,E10007,QUILAB
7751257511810,13,REPRIMAN,400mg/mL,Gotas,Solucion,Fco. X 10 mL,1,3/13/2013,N2679,QUILAB
7751257512008,13,ZYRTEC,5mg/5mL,Jarabe,Solucion,Fco. X 100 mL,1,11/17/2013,E21241,GSK
7751257539302,13,BEROSOLVON,,Jarabe,Solucion,Fco. X 125 mL,1,3/16/2011,N12401,QUILAB
7751257539319,13,BEROTEC,5mg/mL,Solución Oral,Solucion,Fco. X 20 mL,1,10/11/2012,N11339,BOEHRINGER
7751257539340,13,BUSCAPINA COMPOSITUM N,,Gotas Oral,Solucion,Fco. X 10 mL,1,6/17/2012,N5653,BOEHRINGER
7751257539364,13,DULCOLAX ADULTOS,10mg,Supositorio,Supositorio,Caja Sup.,6,4/12/2014,E11723,BOEHRINGER
7751257539388,13,EFFORTIL,7.5mg/mL,Gotas,Solucion,Fco. X 15 mL,1,1/20/2012,N1811,BOEHRINGER
7751257539418,13,MUCOSOLVAN COMPOSITUM,,Jarabe,Solucion,Caja Fco. X 100 mL,1,7/31/2010,N15102,QUILAB
7751257539463,13,SPIROPENT PEDIATRICO,5mcg/5mL,Jarabe,Solucion,Fco. X 100 mL,1,1/12/2012,N13681,QUILAB
7751257539470,13,SPIROPENT,10mcg/5mL,Jarabe,Solucion,Fco. X 100 mL,1,11/27/2012,E20007,BOEHRINGER
7751257544993,13,FERANIN,100mg/5mL,Solución,Solucion,Amp. X 5 mL,5,10/24/2011,E18873,QUILAB
7751257545020,13,IRAXEN,550mg,Comprimido,Tableta,Caja Comp.,100,4/15/2011,N18406,QUILAB
7751257545037,13,FERANIN-FOL,100/0.35MG,GRAGEA,GRAGEA,CAJA,150,,N14542,ALFA
7751257545051,13,FERANIN,50mg/5mL,Jarabe,Solucion,Fco. X 100 mL,1,2/7/2012,N3820,QUILAB
7751257545082,13,ARCALION,200mg,Gragea,Tableta,Caja Grag.,20,9/23/2013,N14019,GRUNENTHAL PERUANA
7751257545105,13,FERANIN FOL 1000,,Gragea,Tableta,Caja Grag.,30,1/9/2011,N22248,QUILAB
7751257545136,13,NOOTROPIL,800mg,Tableta,Tableta,Caja Tab.,30,12/4/2013,E21302,GSK
7751257553698,13,COMBIVENT,,Aerosol para Inhalación,Inhalador,Aer. X 10 mL (200 Dosis) + Adapt. Bucal,1,5/22/2012,E14653,BOEHRINGER
7751257553742,13,SECOTEX,0.4mg,Cápsula,Capsula,Caja Cap.,20,7/24/2012,E10351,QUILAB
7751257604215,13,HONGOCID,,Polvo,Polvo,Pote X 50 g,1,8/17/2011,N1680,QUILAB
7751257620871,13,DOXICICLINA,100mg,Cápsula,Capsula,Caja Cap.,100,11/13/2010,NG2539,QUILAB
7751257636728,13,DULCOLAX,5mg,Gragea,Tableta,Caja Grag.,100,7/10/2010,E8619,QUILAB
7751257707695,13,PREDNISONA,5mg,CAJA,CAJA,CJA * 100,100,4/21/2016,NG025920000,QUILAB
7751257707718,13,PREDNISONA,50mg,CAJA,CAJA,CJA * 100,100,6/13/2015,NG025900000,QUILAB
7751257713184,13,BETAMETASONA,0.05%,Crema,Crema,Tubo X 20 g,1,2/14/2011,NG2631,QUILAB
7751257713207,13,NAPROXENO 550 MG X 1 COMPRIMIDO (Q),,,,,1,,,CIFARMA SA
7751257737715,13,DUSPATALIN,200mg,Cápsula,Capsula,Caja Cap.,10,9/18/2010,E13218,QUILAB
7751257785693,13,DIMENHIDRINATO,50mg,Comprimido,Tableta,Caja Comp.,100,11/30/2011,NG3022,QUILAB
7751257819989,13,EPIDUO FORTE GEL X30G,0.1% / 2.5%,GEL,GEL,CAJA,1,,E-22965,QUIMICA SUIZA SA
7751257888530,13,PLENDIL,10mg,Tableta,Tableta,Caja Tab.,10,2/27/2012,E19176,ASTRAZENECA
7751257964920,13,ATEROSYN,81mg,Tableta,Tableta,Caja Tab.,30,7/3/2012,N20267,QUILAB
7751257968850,13,REPRIMAN,250mg/5mL,Jarabe,Solucion,Fco. X 50 mL,1,11/13/2012,N20371,QUILAB
7751257970037,13,NODIAL,,Crema,Crema,Tubo X 10 g,1,11/18/2012,N20377,QUILAB
7751257995108,13,REPRIMAN,500mg,Comprimido,Tableta,Caja Comp.,100,12/30/2012,N20459,QUILAB
7751271589826,13,ACNOMEL,,Crema,Crema,Tubo X 30 g,1,9/23/2009,N19370,MEDIFARMA
7751279634528,13,BAMIPOL,,Ungüento,Unguento,Tubo X 10 g,1,12/31/2003,E11425,AVSA
7751279634535,13,MENOVA,5%,Crema,Crema,Tubo X 5 g,1,11/30/2011,E14219,AVSA
7751299000068,13,CANDELESS,8mg,Tableta,Tableta,Caja Tab.,20,9/24/2012,E19803,CAFERMA
7751299000075,13,CANDELESS COM 16MG,16MG,COMPRIMIDO,COM,CAJA,20,,EN00235,CAFERMA
7751299000136,13,QUINAXINE TAB 20MG,20mg,TABLETA,TAB,CAJA,20,,N23429,CAFERMA
7751299000167,13,TERBIFUN,250 MG,TABLETAS,TAB,CAJ X 20,1,1/1/2021,EN-05320,CAFERMA
7751299000471,13,FEDIRAL 30MG LP,,CAP,CAP,CAJA X 20 UNIDADES,,,EN-04374,DROG. CAFERMA S.A.C.
7751299000495,13,TRIFOLGET TAB 100MG,100MG,TABLETA,TAB,CAJA,20,,EN04135,CAFERMA
7751299000518,13,VASTASLIM EZ,10 /20mg Caja Tab. x 2,TABLETA,TABLETA,10 /20mg Caja Tab. x 2,1,6/1/2019,EN03395,CAFERMA)
7751299000587,13,ATORSLIM,40 mg.,TABLETAS,TABLETAS,CJA,20,,N-24439,CAFERMA
7751299000730,13,ETODOLO TAB 20MG,20mg,CAJA,CJA,CAJA,1,,EN03988,CAFERMA
7751299000747,13,ETODOLO,20 mg,TABLETA RECUBIERTA,TABLETA,CAJA TAB,30,7/3/2023,EN03988,CAFERMA
7751299000785,13,DI-PROFEKET 150 MG (CJA X 20 CAP),150MG,AMPOLLA,AMP,TABLETA,20,,EN-04459,CAFERMA
7751299000846,13,IRBESEL HC,150 /12.5mg,CAJA,TABLETAS,150 /12.5mg Caja Tab. x 20,,,EN-01762,Caferma S.A.C.
7751299000853,13,IRBESEL HC TAB 300/12.5MG,300/12.5,TABLETA,TAB,CAJA,20,,EN03045,CAFERMA
7751299000921,13,TERBIFUN,1%,Crema,CREMA,Caja Tubo x 15 g,1,11/25/2021,EN04924,CAFERMA
7751299000938,13,LESSTAMIN,2.5 MG/5 ML,JARABE,JBE.,ENV. X 60 ML,1,,N-27208,CAFERMA
7751299000952,13,CAFAZIT CAP 500MG,500MG,CAPSULA,CAP,CAJA,100,,E22644,CAFERMA
7751299000969,13,SEROTOCAF,500 MG,CAPSULA,CAP.,CAJA X 100 CAP.,100,,E-22665,CAFERMA
7751299000976,13,CAFAZIT,250 mg.,SUSPENSION,SUSPENSION,FRASCO,1,,E-22643,CAFARMA
7751299000983,13,SEROTOCAF SUS 250/5 60ML,250/5,FRASCO,FCO,FRASCO,1,,EE04978,CAFERMA
7751299000990,13,VASENTOXIL,375 MG,TABLETAS,TAB.,CAJA X 30 TAB.,30,,E-22961,CAFERMA
7751299001041,13,PROFEKET,100mg/2ml,AMPOLLA,AMP,AMPOLLA,,,EE-00570,CAFERMA
7751299001072,13,PROFEKET 100MG/5ML CAJ AMP X 4,100/5MG,INYECTABLE,INYECTABLE,CAJA,1,,EE-00520,CAFARMA
7751299001089,13,CAFAZOLBAC,1G,CAJA,AMPOLLA,1g Caja Vial x 1,,,EE-01740,Caferma S.A.C.
7751299001102,13,GRAMACTAM,250mg /5ml,FRASCO,JARABE,250mg /5ml Fco. x 75ml,,,EE-02433,Caferma S.A.C.
7751299001119,13,VASENTOXIL SUS 250/5 60ML,250MG,FRASCO,FCO,FRASCO,1,,EE02400,CAFERMA
7751299001195,13,BALILE,75mg,CAPSULAS,CAPSULAS,Caja Caps. x 30,1,5/30/2020,EE-04367,CAFERMA
7751299001294,13,HISBEC,24 mg,TABLETA,TABLETA,CAJA TABLETA,42,6/1/2022,EE04996,CAFERMA
7751299001300,13,MEANTI TAB 10MG,10mg,TABLETA,TAB,CAJA,30,,EE05000,CAFERMA
7751299001348,13,ETOXBLAM,90 mg,TABLETA RECUBIERTA,TABLETA,CAJA TAB,10,1/31/2022,EE04701,CAFERMA
7751299001362,13,LETIVCE,1000MG,TABLETAS,TABLETAS,1000mg Caja Tab. x 30,1,4/1/2020,EE-05105,CAFERMA
7751299001454,13,CILASIMIN 0.5G + 0.5G (IMIPENEM+CILASTATINA 0.5G+0.5G),0.5 g + 0.5 g,Polvo para Solución Inyectable,INYECTABLE,Caja Vial,10,6/28/2022,EE05073,CAFERMA
7751299001478,13,PROFEKET 2.5% GEL TUB X 30GR,30 MG,TUBO,TUB,CJA X 10,10,,EN-05973,CAFERMA
7751299001607,13,FEDIRAL,30 mg,Tableta de Liberación Prolongada,TABLETA,Caja Envase Blíster Tabletas de Liberación Prolongada,20,5/28/2023,EE06006,CAFERMA
7751299001614,13,TAFCILEX-5,9 mg,Parche Transdérmico,PARCHE,Caja Envase Sobre,30,6/13/2023,EE06073,CAFERMA
7751299001621,13,TAFCILEX-10 18MG-PARCH - CAJA X 30 PARCH,18 MG,PARCHE,PCH,CJA X 30,30,,EE06077,CAFERMA S.A.C
7751299001843,13,NERVOZOL,60 mg/2 mL ,SOLUCION INYECTABLE,INYECTABLE,AMPOLLA x 2 mL,1,3/12/2024,EE07057,CAFERMA
7751309000019,13,DRYSOL 20% LOCION ANTITRANSPIRANTE FRASCO X 35ML(DIPOLAB),0.2,locion,locion,frasco x 35ml,1,,NSOC02053-10P,dispolab
7751309000071,13,EPI-DERM EDG - 1000,,LAMINA,LAMINA,CAJA X 1 UNIDAD,1,,E154130,DISPOLAB
7751309000101,13,XERAGEL TUBO X 10GR UNGTO,,,,,1,,,DISPOLAB FARMACEUTICA PERU S.A.
7751309000118,13,XERAC AC.,35 ML.,SOLUCION,SOLUCION,FRASCO,1,,0C00340-09P,DESPOLAB
7751333000016,13,OTOZAMBON,,Solución Otica,Solucion Otica,Fco. Got. X 10 mL,1,8/22/2010,N21919,LUKOLL
7751333000023,13,ISOPRINOSINE,120 ML,FRASCO,JARABE,Fco. Jbe. x 120ml,1,,N-21535,Lukoll S.A.C.
7751333000030,13,BACILOR,1.5g,Polvo para Suspensión,Suspension,Sobre X 1.5 g,10,12/16/2010,BE00318,LUKOLL
7751333000054,13,ISOPRINOSINE,500mg,Tableta,Tableta,Caja Tab.,24,3/2/2010,N21607,LUKOLL
7751333000078,13,STIMOL,1g/10mL,Solución Bebible,Solucion,Caja Sob. X 10 mL,18,4/23/2012,E10192,LUKOLL
7751333000092,13,TROPIVAG,,Cápsula Vaginal,Ovulo,Caja Cap.,14,7/18/2012,BE00413,LUKOLL
7751333000108,13,TRAUMAPLANT,25g,Extracto concentrado de Consuelda,TRAUMAPLANT,Crema topica,1,10/1/2018,PNE-1319,LUKOLL
7751333000115,13,HEPADIAL,50mg,Comprimido,Tableta,Caja Comp.,100,5/9/2013,E20640,LUKOLL
7751333000146,13,PREVITA,,Cápsula,Capsula,Caja Cap.,100,9/4/2013,N24974,LUKOLL
7751333000399,13,RESNA COM 500MG,500MG,CAJA,CJA,CAJA,,,E23226,TEMIS LOSTALO S.A.
7751333000467,13,FOSTER,100mcg /6mcg,CAJA,INHALADOR,100mcg /6mcg Caja Fco. x 120 Dosis,,,E-23272,Lukoll S.A.C.
7751333000474,13,RINOCLENIL SPRAY,DIPROPIONATO DE BECLOMETASONA 100 MCG,SUSPENSION EN AEROSOL NASAL,FRASCO X 200 DOSIS,FRASCO,1,1/2/2018,N-E-23096,CHIESI
7751338000035,13,DOBUTINA 250MG FRASCO,250 mg,ampolla,amp,ampolla,1,,,
7751338000066,13,LIDOCAINA CLORHIDRATO (SIN PRESERVANTES)2%/20ML,,,,,1,,,SANDERSON S.A. (PERU)
7751345000059,13,LACRISIFI,5mg/mL,Colirio,Solucion Oftalmica,Fco. Got. X 10 mL,1,2/21/2014,E7356,EUROPEAN CHEMICALS
7751345000073,13,NETIRA,,Colirio,Solucion Oftalmica,5 mL,1,2/19/2011,E9215,EUROPEAN CHEMICALS
7751345000080,13,OCTILIA,0.5mg/mL,Colirio,Solucion Oftalmica,Fco. Got. X 8 mL,1,7/16/2012,E6035,EUROPEAN CHEMICALS
7751345000141,13,SIFICETINA,0.40%,Colirio,Solucion Oftalmica,Fco. Got. X 5 mL,1,8/24/2007,E6108,FARMA TRADE
7751349000864,13,LEVALER,5 MG.,CAPSULAS,CAPSULAS,CAJA,100,,E-16983,UNIMED
7751349088367,13,ALERCET D,,Cápsula,Capsula,Caja Cap.,10,6/17/2012,E10282,UNIMED
7751349088374,13,ALERCET D,,Jarabe,Solucion,Fco. X 60 mL,1,6/10/2012,E10277,UNIMED
7751349104456,13,BIANOS,500mg/18mL,Suspensión Oral,Suspension,Fco. X 18 mL,1,11/11/2009,E12289,UNIMED
7751349104463,13,BIANOS,750mg/18mL,Suspensión Oral,Suspension,Fco. X 18 mL,1,11/11/2009,E12290,UNIMED
7751349104517,13,VAXIGEL OVULO CAJA X 100,,OVULO,OVULO,CAJA,100,,EE03579,UNIMED
7751349138031,13,ALERCET,15 ML,FRASCO,GOTAS,Gotas x 15ml,1,,E-14016,Unimed del Perú S.A.
7751349138062,13,VAXIGEL,,Ovulo,Ovulo,Caja Ov.,10,9/25/2013,E21076,UNIMED
7751349138130,13,VITESOL E 400 UI,400UI,CAPSULA,CAP,CAJA X 50 UNIDADES,50,,DE00666,UNIMED PROCAPS
7751349138185,13,DOLONET,200mg,Cápsula Blanda,Capsula,Caja Cap.,100,3/10/2010,E17172,UNIMED
7751349138215,13,NYFLU,,Cápsula,Capsula,Caja Cap.,144,3/24/2010,E12755,UNIMED
7751349150910,13,ALERCET,10mg,Cápsula Blanda,Capsula,Caja Cap.,10,11/15/2009,E12299,UNIMED
7751349153621,13,ALERCET,1mg/mL,Jarabe,Solucion,Fco. X 60 mL,1,4/2/2006,E9359,UNIMED
7751349211482,13,INEDOL,200mg/5mL,Polvo para Suspensión Oral,Suspension,Fco. X 15 mL,1,6/14/2010,E8427,UNIMED
7751349211499,13,INEDOL 200 MG JBE . (UNIMED),FCO X 22.5ML,FCO,FCO,FCO,1,,E-8427,UNIMED
7751349552257,13,UNICAL D,,Capsulas,Capsulas,Cap. X 30,30,,DE1392,UNIMED
7751349644266,13,ALERCET,10mg,Cápsula Blanda,Capsula,Caja Cap.,100,11/15/2009,E12299,UNIMED
7751349644273,13,BIANOS,500mg,Tableta,Tableta,Caja Tab.,4,10/7/2012,E10444,UNIMED
7751358000039,13,ASTHALIN,100mcg/dosis,Inhalador,Inhalador,Aer. X 200 Dosis,1,12/14/2011,E14239,ESKE
7751358000121,13,PREGNON,0.75mg,Tableta Recubierta,Tableta,Caja Tab.,2,3/8/2014,E16309,ESKE
7751358000244,13,C FLOX 500 MG X 1 TABLETA,,,,,1,,,INTAS PHARMACEUTICALSLTD
7751358000497,13,CANDID B,,Crema,Crema,Tubo X 15 g,1,2/7/2009,E17079,ESKE
7751358000503,13,CANDID B,,Loción,Locion,Fco. X 15 mL,1,11/16/2009,E16905,ESKE
7751358000695,13,AEROCORT,,Inhalador,Inhalador,Fco. X 200 Dosis,1,1/19/2010,E17022,ESKE
7751358000770,13,LOSARTAS,50mg,Tableta,Tableta,Caja Tab.,28,2/10/2014,E16212,ACCORD
7751358000817,13,MOZA 5 X 1 TABLETA,,,,,1,,,INTAS PHARMACEUTICALSLTD
7751358000855,13,ENAPRIL 10,10mg,Tableta,Tableta,Caja Tab.,100,8/24/2010,E17585,ACCORD
7751358000954,13,SEROFLO 125,,Inhalador,Inhalador,Caja Fco.,1,1/26/2010,E17042,ESKE
7751358000961,13,SEROFLO 250,,Inhalador,Inhalador,Caja Fco. X 250 Dosis,1,1/26/2010,E17044,ESKE
7751358001036,13,CARVEDITAS 25 MG X 1 TB,,,,,1,,,INTAS PHARMACEUTICALSLTD
7751358001265,13,PANTIUM 40 X 1 TABLETA,,,,,1,,,INTAS PHARMACEUTICALSLTD
7751358001296,13,IPRAVENT,,Inhalador,Inhalador,200 Dosis,1,1/9/2011,E18016,ESKE
7751358001340,13,OMETAB 20,20mg,Tableta,Tableta,Caja Tab.,100,2/10/2014,E16214,ACCORD
7751370000338,13,ALGODON HIDROFILO X 500GR.,,,,,1,,,COPON
7751370103022,13,ALGODON HIDROFILO X 50GR.,,,,,1,,,COPON
7751370103039,13,ALGODON HIDROFILO X 100GR.,,,,,1,,,COPON
775138198663,13,DOXIPROCT,12 GR,POMADA,POMADA,POMADA,1,2/1/2022,EN-02788,OM PHARMA
7751384000010,13,BRONCHO VAXOM NIÑOS,3.5mg,Polvo Oral,Polvo,Caja Sob.,10,4/20/2009,E16404,OM PHARMA
7751384000041,13,AERO OM,40mg,Comprimido Masticable,Tableta,Caja Comp.,100,5/24/2011,N22557,OM PHARMA
7751384000058,13,AERO OM SABOR MENTA,40mg,Comprimido Masticable,Tableta,Caja Comp.,100,5/19/2011,N22544,OM PHARMA
7751384000072,13,DI-AERO OM,80 MG/ 5 MG.,CAPSULAS,CAPSULAS,CAJA,100,,N-22547,OM PHARMA
7751384000089,13,AERO OM 80 MG COMP MAST (CJA X 100),80mg,Comprimido Masticable,COMPRIMIDO,CAJA X 100 COMP,100,8/21/2021,N22773,OM PHARMA S.A.
7751384000102,13,AERO OM FORTE SABOR ANIS,125mg,Comprimido Masticable,Tableta,Caja Comp.,100,11/10/2011,N23007,OM PHARMA
7751384000126,13,BRONCHO VAXON,,CAPSULAS,CAPSULAS,ad. Caps x 30,1,,BE-00893,PHARMA S.A.
7751384000171,13,MALTOFER  SOL GOTAS,50MG/ML,Frasco,FCO.,Frasco,1,9/18/2017,EE01004,OM PHARMA
7751384000188,13,MALTOFER JBE 50/5 150ML,50/5,FRASCO,FCO,FRASCO,1,3/1/2019,E14925,OM
7751384000195,13,MALTOFER TAB MAST. X 1,,,,,1,,,ABL PHARMA PERU S.A.C.
7751384000201,13,MALTOFER FOL X 30 TAB MAST.,100 MG + 0.35 MG,TABLETA,TAB,CJA X 30,30,5/21/2022,EE01144,OM PHARMA S.A.
7751384000300,13,AERO-MOTIL 25 MG,25Mg,CAJA X 20 COMPRIMIDOS,CAJA X 20 COMPRIMIDOS,CAJA,30,1/7/2018,EN-02356,OM PHARMA
7751384127717,13,TRI AERO OM,,Cápsula,Capsula,Caja Cap.,100,4/4/2011,N22456,OM PHARMA
7751384129780,13,AERO-OM GOTx15ML FRESA,,,,,1,,,OMNIA LAB S.A.
7751384129797,13,AERO-OM,SIMETICONA,SUSPENSION ORAL - GOTAS,SUSPENSION ORAL - GOTAS,frasco 60 ml,1,4/1/2020,EN-02545,OM PHARMA SA
7751384147388,13,DICYNONE,500mg,Cápsula,Capsula,Caja Cap.,20,7/4/2011,N22665,OM PHARMA
7751384147395,13,LACTEOL FORT,,Cápsula,Capsula,Caja Cap.,12,2/16/2009,BE00018,BIOPAS
7751384198663,13,DOXIPROCT,,Pomada,Unguento,Tubo X 12 g,1,9/16/2012,E14862,OM PHARMA
7751384263125,13,TUSSIS OM EXPECTORANTE,,Jarabe,Solucion,FCO 100ML,1,8/1/2011,N22734,OM PHARMA
7751384303104,13,DOXIPROCT PLUS,30g,TUBO,POMADA,Pda. x 30g,,,EN-03981,OM PHARMA
7751384355851,13,TUSSIS OM,10MG/5ML,JARABE,JARABE,FRASCO,1,,N19241,OM
7751384359460,13,DI AERO OM,,Cápsula,Capsula,Caja Cap.,30,5/19/2011,N22547,OM PHARMA
7751384569852,13,LACTEOL FORT,,Polvo Oral,Polvo,Caja Sob.,6,3/10/2009,BE00020,BIOPAS
7751384573040,13,DOXIPROCT PLUS,"4 g + 2 g + 0,025 g",Pomada,UNGUENTO,Caja Tubo x 12 g,1,6/27/2021,EN03981,OM PHARMA
7751384615443,13,VITERNUM VITAMINADO,,Polvo para Solución Oral,Solucion,Fco. X 150 mL,1,6/2/2011,N22588,OM PHARMA
7751384708046,13,AERO OM SABOR ANIS,100mg/mL,Gotas,Solucion,Fco. X 15 mL,1,5/29/2011,N22562,OM PHARMA
7751384723247,13,AERO OM SABOR MENTA,40mg,Comprimido Masticable,Tableta,Caja Comp.,30,5/19/2011,N22544,OM PHARMA
7751384739972,13,AERO-OM ANIS GTS 100/1 60ML,100/1,FRASCO,FCO,FRASCO,1,1/3/2017,N22562,OM
7751384741692,13,DICYNONE,250mg/2mL,Solución para Inyección,Inyectable,Amp. X 2 mL,1,5/7/2012,E19367,OM PHARMA
7751393496019,13,TROPIVAG PLUS,,Cápsula Vaginal,Ovulo,Caja Cap.,14,12/21/2011,BE00380,LUKOLL
7751439000019,13,CARDURA XL,4mg,Tableta,Tableta,Caja Tab.,14,7/15/2013,E20845,PFIZER
7751439000033,13,DETRUSITOL-SR,4MG,CAPSULA,CAPSULA,CAJA,30,,E21007,PFIZER
7751439000057,13,LIPITOR,20mg,Tableta,Tableta,Caja Tab.,14,2/9/2014,E21527,PFIZER
7751439000064,13,NORVASC,5mg,Tableta,Tableta,Caja Tab.,30,1/20/2014,E16165,PFIZER
7751439000095,13,NORVASC,10mg,Tableta,Tableta,Caja Tab.,10,1/20/2014,E16158,PFIZER
7751439000101,13,NORVASTOR,5mg+10mg,Tableta Recubierta,Tableta,Caja Tab.,10,1/25/2011,E18096,PFIZER
7751439000200,13,DEBRIDAT AP,300mg,Comprimido,Tableta,Caja Comp.,10,9/22/2011,E18789,PFIZER
7751439000224,13,ZELDOX,40mg,Cápsula,Capsula,Caja Cap.,30,9/17/2009,E16762,PFIZER
7751439000248,13,DETRUSITOL,2mg,Tableta,Tableta,Caja Tab.,1,2/26/2014,E16274,PFIZER
7751439000255,13,DOSTINEX,0.5MG,TABLETA,TABLETA,CAJA,2,,E10398,PFIZER
7751439000262,13,DOSTINEX COMX0.5MGX1,,,,,1,,,PFIZER S.A.
7751439000323,13,ZELDOX,80mg,Cápsula,Capsula,Caja Cap.,30,9/17/2009,E16763,PFIZER
7751439000361,13,ZYVOX IV,600MG,SOLUCION,SOLUCION,BOLSA,1,,E13157,PFIZER
7751439000378,13,XALACOM,50mcg+6.83mg,Gotas Oftálmicas,Solucion Oftalmica,Fco. Got. X 2.5 mL,1,5/30/2012,E14669,PFIZER
7751439000408,13,V-FEND 200MG TAB CJA X 7,200 MG,TABLETA,TAB,CJA X 7,7,8/13/2014,E16666,PFIZER S.A.
7751439000446,13,GINOCLORELASE,,Ungüento Vaginal,Unguento Vaginal,Tubo X 30 g,1,8/20/2013,E20935,PFIZER
7751439000477,13,LYRICA,75mg,Cápsula,Capsula,Caja Cap.,14,5/12/2011,E18393,PFIZER
7751439000484,13,LYRICA,150mg,Cápsula,Capsula,Caja Cap.,14,5/10/2011,E18382,PFIZER
7751439000491,13,LYRICA,300mg,Cápsula,Capsula,Caja Cap.,14,5/8/2011,E18366,PFIZER
7751439000545,13,NORVASTOR,10mg+10mg,Tableta Recubierta,Tableta,Caja Tab.,10,9/22/2013,E21060,PFIZER
7751439000552,13,LIPITOR,80mg,Tableta,Tableta,Caja Tab.,14,12/30/2013,E21375,PFIZER
7751439000576,13,V-FEND,200MG,VIAL,VIAL,VIAL,1,,E16674,PFIZER
7751439000583,13,LINCOCIN,500 mg,CAPSULA,CAPSULA,CAJA CAPS,96,12/14/2012,E20081,PFIZER
7751439000590,13,DALACIN-C,600mg,CAJA,CAJA,CJA *   1,1,5/4/2017,E0059870001,PFIZER
7751439000620,13,XANAX XR,2mg,Tableta,Tableta,Caja Tab.,20,5/24/2011,E18416,PFIZER
7751439000637,13,LIPITOR,40mg,Tableta Recubierta,Tableta,Caja Tab.,14,9/15/2015,E22333,PFIZER
7751439000644,13,SAYANA,104mg/0.65mL,Suspensión para Inyección,Inyectable,Caja Jer. Prell. X 0.65 mL,1,4/1/2016,E22448,PFIZER
7751439001177,13,DIFLUCAN,150 MG CAPS X 2.,CAPSULAS,CAP,CAPSULAS,2,,E-223280,FLUCONAZOL
7751439001184,13,ACCURETIC,20/12.5MG,TABLETA,TABLETA,CAJA,14,,E22587,PFIZER
7751439001191,13,TANSTON,500MG,TABLETA,TABLETA,CAJA,100,,E22597,PFIZER
7751439001207,13,TROSYD 28% SOL UÑAS X 12ML,,,,,1,,,PFIZER S.A.
7751439001221,13,UNASYN,375MG,TABLETA,TABLETA,CAJA,12,,E22756,PFIZER
7751439001245,13,EFEXOR XR CAPX75MGX1,,,,,1,,,LABORATORIOS WYETH S.A.
7751439001252,13,ENBREL 50 MG AMP X 4,50 MG,AMPOLLA,AMP,CJA X 4,4,2/9/2019,BE00583,PFIZER S.A.
7751439001269,13,XALKORI,250mg,CAJA,CAJA,CJA *  60,1,8/29/2014,,PFIZER
7751439001276,13,XALCORI,200MG,CAPSULA,CAPSULA,CAJA,60,,EE00013,PFIZER
7751439001283,13,XELJANZ,5mg,CAJA,CAJA,CJA *  60,1,5/18/2015,,PFIZER
7751439001337,13,LIPITOR 80 MG X 14 TAB.,80MG,TABLETAS,caja,,14,,,PFIZER
7751439001344,13,INLYTA 1MG TAB CJA X 180,1 MG,TABLETA,TAB,CJA X 180,180,10/11/2018,EE00129,PFIZER S.A.
7751439001351,13,LIPITOR TAB 40MG X 1,,,,,1,,,PFIZER S.A.
7751439001368,13,PREVENAR,,SUSPENSION INYECTABLE,INYECTABLE,JERINGA PRELLENADA x 0.5 mL,1,1/22/2025,BE00968,PFIZER
7751439001375,13,ZITROMAX 200MG/5ML SUSP X15M..,200MG,SOLUCION,frasco,,1,,,PFIZER
7751439001382,13,ZITROMAX 200mg /5ml Susp. x 30ml,200 MG,FRASCO,FCO,CJA X 1,1,7/9/2021,E9638,PFIZER S.A.
7751439001399,13,INLYTA,5% X 5 mg.,TABLETA,TAB,CAJA,60,,EE00297,CRIZOTINIB
7751439001405,13,PRISTIQ X 50MG,50mg,Tabletas,Tab,Caja x 14 tab,14,6/10/2019,EE00289,PFIZER IRELAND PHARMACEUTICAL
7751439001412,13,DEBRIDAT,200mg,CAJA,CAJA,CJA *  20,20,6/21/2017,E0187910000,PFIZER
7751439001481,13,LYRICA,25MG,CAJA,CAPSULAS,25mg Caps. x 14,,,EE-1480,Pfizer S.A
7751439001498,13,EPAMIN,100mg,CAJA,CAJA,CJA * 100,100,,,PFIZER
7751439001504,13,CELEBREX 400 MG,CELECOXIB 400 MG,CAJA X 10 CAPSULAS,CAJA X 10 CAPSULAS,CAPSULAS,10,1/9/2017,N-EE-01604,PFIZER
7751439001542,13,DEPOMEDROL 40MG/ML,40MG/ML,SOLUCION INYECTABLE,SOLUCION INYECTABLE,UNIDAD,1,,EE02625,PFIZER S.A.
7751439001566,13,IBRANCE CAP 125MG,125MG,CAPSULA,CAP,CAJA,21,1/31/2018,EE03014,PFIZER
7751439001573,13,IBRANCE CAP 100MG,100MG,CAPSULA,CAJA,CAJA,21,4/30/2018,EE03030,PFIZER
7751439001801,13,PRISTIQ 100MG TAB CJA X 14,100 MG,TABLETA,TAB,CJA X 14,14,6/9/2019,EE00288,PFIZER S.A.
7751439001832,13,ZAVICEFTA,0.5 g + 2 g,POLVO PARA CONCENTRADO PARA SOLUCION PARA PERFUSION,INYECTABLE,VIAL,10,6/28/2024,EE07514,PFIZER
7751439001917,13,TYGACIL,50 mg,POLVO PARA SOLUCION INYECTABLE,INYECTABLE,VIAL,10,11/19/2024,EE08039,WYETH
7751439001924,13,IBRANCE 75MG CAP CJA X 21,75 MG,CAPSULA,CAP,CJA X 21,21,5/10/2021,EE03015,PFIZER S.A.
7751439006455,13,XANAX XR,0.5mg,Tableta,Tableta,Caja Tab.,20,6/22/2011,E18512,PFIZER
7751439006462,13,XANAX XR,1mg,Tableta,Tableta,Caja Tab.,20,5/24/2011,E18417,PFIZER
7751439120168,13,VIAGRA,50mg,Tableta,Tableta,Caja Tab.,10,3/21/2015,E12738,PFIZER
7751439120236,13,ZITROMAX,500mg,Tableta,Tableta,Caja Tab.,21,1/12/2015,E7841,PFIZER
7751439405999,13,DEPO-PROVERA AMPx150MGx1ML JPC,,,,,1,,,PFIZER S.A.
7751439594525,13,DEPO-PROVERA,150mg/mL,Suspensión para Inyección,Inyectable,Caja Jer. Prell. X 1 mL,1,9/3/2013,E2507,PFIZER
7751439644596,13,LINCOCIN,300mg,Solución para Inyección,Inyectable,Amp. X 1 mL,1,7/24/2013,E20858,PFIZER
7751439669971,13,UNASYN,1.5g,Polvo para Solución Inyectable,Inyectable,Caja Vial + Diluy.,1,10/1/2009,E12203,PFIZER
7751439669988,13,ZITROMAX,200mg/5mL,Suspensión,Suspension,Fco. X 15 mL,1,7/9/2011,E9638,PFIZER
7751439669995,13,DIFLUCAN 2MG/50ML AMP X 1.,2mg,CAJA,CAJA,AMPOLLA,1,,,PFIZER
7751439670007,13,SULPERAZON,1.5g,Polvo para Solución Inyectable,Inyectable,Amp.,1,3/25/2012,E10136,PFIZER
7751439670021,13,CELEBREX,200mg,Cápsula,Capsula,Caja Cap.,100,4/18/2015,E17260,PFIZER
7751439670083,13,TERRA CORTRIL,,Ungüento,Unguento,Caja Tbo. X 3.5 g,1,8/24/2009,E16690,PFIZER
7751439670090,13,FELDENE FLASH,20mg,Tableta,Tableta,Caja Tab.,100,8/23/2011,E14113,PFIZER
7751439682543,13,VISINE,0.05%,Colirio,Solucion Oftalmica,Fco. X 15 mL,1,7/2/2009,E16570,JOHNSON&JOHNSON
7751439712509,13,FELDENE,0.50%,Gel,Gel,Tubo X 10 g,1,1/26/2011,E13580,PFIZER
7751439712516,13,FELDENE,0.50%,Gel,Gel,Tubo X 30 g,1,1/26/2011,E13580,PFIZER
7751439712523,13,ZITROMAX,200mg/5mL,Suspensión,Suspension,Fco. X 30 mL,1,7/9/2011,E9638,PFIZER
7751439712530,13,ZOLOFT,100mg,Tableta,Tableta,Caja Tab.,14,3/30/2011,E13758,PFIZER
7751439753663,13,ZELDOX,20mg,Cápsula,Capsula,Caja Cap.,20,1/3/2007,E14266,PFIZER
7751439753670,13,ZELDOX,40mg,Cápsula,Capsula,Caja Cap.,20,12/26/2006,E14252,PFIZER
7751469000256,13,MIRCERA,100mcg/0.3mL,Solución para Inyección,Inyectable,Caja Jer. X 0.3 mL,1,1/7/2013,BE00455,ROCHE
7751469276491,13,BEPANTHEN CRM 30G,30g,BEPANTHEN 30G,,TBO,1,,NSOC11724-04PE,BAYER
7751469276507,13,BEPANTHENE UNGUENTO X 30G,,UNGÜENTO,UNG,UNGUENTO,1,,E117230,BAYER
7751469294914,13,APRONAX,275mg,Tableta,Tableta,Caja Tab.,200,6/14/2012,N12845,BAYER
7751470000016,13,WELTON,,Jarabe,Solucion,Fco. X 345 mL,1,9/12/2011,N5771,INFARMASA
7751470000023,13,FERRAN,100mg/2mL,Solución para Inyección,Inyectable,Amp. X 2 mL,1,2/16/2014,N21063,WELFARK
7751470000054,13,FERRAN FORTE,50mg/mL,Gotas,Solucion,Fco. X 30 mL,1,2/17/2014,N21067,WELFARK
7751470000061,13,FERRAN,100MG,AMPOLLA,AMPOLLA,AMPOLLA,1,,N21063,WELLFARK
7751481000043,13,COR ASA,100mg,Tableta,Tableta,Caja Tab.,10,6/23/2013,E15633,DUBONP
7751481000081,13,OSTEOBONP 70,70mg,Tableta Recubierta,Tableta,Caja Tab.,4,4/7/2011,N22481,DUBONP
7751481000142,13,IBANDRA 150,,Tableta Recubierta,Tableta,Caja Tab.,1,1/12/2014,E21422,DUBONP
7751490000034,13,URSOFALK,250mg,Cápsula,Capsula,Caja Cap.,25,5/15/2011,E18402,BIOTOSCANA
7751490000041,13,SALOFALK,500mg,Supositorio,Supositorio,Caja Sup.,5,1/27/2011,E18105,BIOTOSCANA
7751490000058,13,SALOFALK,500mg,Tableta,Tableta,Caja Tab.,30,1/30/2011,E18112,BIOTOSCANA
7751490000072,13,ALBUMINA HUMANA,20%,Infusión,Solucion,Fco. X 50 mL,1,5/19/2011,BE00342,BIOTOSCANA
7751490000096,13,FASTUM,2.50%,Gel,Gel,Tubo X 30 g,1,7/31/2011,E18610,BIOTOSCANA
7751490000102,13,URSOFALK 250MG/5ML,250MG/5ML,JARABE,JBE,FRASCO X 250 ML,1,,E014120,BIOTOSCANA
7751490000133,13,SALOFALK GRANULOS 1000MG X 1 SOB,,,,,1,,,BIOTOSCANA FARMA DE PERU S.A.C.
7751490000195,13,CRONOPEP 20 MG TAB,ESOMEPRAZOL 20 MG,CAJA X 28 TABLETAS,CAJA X 28 TABLETAS,CAJA,28,12/1/2018,EE-04255,BIOTOSCANA
7751490000201,13,CRONOPEP,40mg,BLISTER,TABLETAS,40MG BLST TAB x 14,,,EE-04260,BIOTOSCANA FARMA
7751495000077,13,DIOXAFLEX CB PLUS,,Cápsula Blanda,Capsula,Caja Cap.,90,12/2/2010,E17896,BAGO
7751495000091,13,NICOVEL,,Cápsula Blanda,Capsula,Caja Cap.,100,12/10/2012,E20052,BAGO
7751495000107,13,BAGOVIR,500mg,Tableta Recubierta,Tableta,Caja Tab.,10,12/18/2012,E20088,BAGO
7751495000169,13,BAGOMICINA,50mg,Tableta Recubierta,Tableta,Caja Tab.,24,4/30/2012,E14594,BAGO
7751495000176,13,NASTIZOL JUNIOR,,Jarabe,Solucion,Caja Fco. X 100 mL,1,9/22/2009,E16775,BAGO
7751495000190,13,DEGRALER,5mg,Comprimido Recubierto,Tableta,Caja Comp.,10,12/12/2012,E20068,BAGO
7751495000206,13,NASTIZOL COMPOSITUM JR,,Jarabe,Solucion,Fco. X 100 mL,1,11/30/2009,E16924,BAGO
7751495000251,13,LEVOPRONT,30mg/5mL,Jarabe,Solucion,Fco. X 60 mL,1,6/16/2010,E17424,BAGO
7751495000268,13,NASTIZOL,15ML,GOTAS,GOTAS,FRASCO,15,,E-12728,BAGO
7751495000275,13,NEURYL,0.5mg,Comprimido,Tableta,Caja Comp.,120,12/2/2010,E17903,BAGO
7751495000305,13,GLICENEX 500,500mg,COMPRIMIDOS,COMP,CAJA,30,,EE-04571,Lab. Bagó del Perú S.A.
7751495000329,13,DIOXAFLEX PLUS,,Polvo para Solución Inyectable,Inyectable,Caja Amp. + Vial,1,3/31/2009,E16369,BAGO
7751495000343,13,ANAPRESIN SR,150mg,Cápsula de Liberación Prolongada,Capsula,Caja Cap.,10,2/15/2013,E20343,BAGO
7751495000367,13,CARVEDIL,6.25mg,Comprimido,Tableta,Caja Comp.,28,5/30/2012,E14668,BAGO
7751495000374,13,CARVEDIL,12.5mg,CAJA,COMPRIMIDOS,12.5mg Comp. x 28,,,EE-01586,Lab. Bagó del Perú S.A.
7751495000381,13,CARVEDIL,25mg,Cápsula,Capsula,Caja Cap.,28,11/5/2012,E19932,BAGO
7751495000398,13,GLEMAZ,4mg,Comprimido,Tableta,Caja Comp.,30,1/21/2010,E17030,BAGO
7751495000404,13,GLICENEX,850mg,Comprimido,Tableta,Caja Comp.,60,3/4/2013,E20423,BAGO
7751495000411,13,TALFLAM,15mg,Comprimido,Tableta,Caja Comp.,100,5/17/2011,E18406,BAGO
7751495000428,13,HISALER,,Comprimido Recubierto,Tableta,Caja Comp.,120,9/1/2010,E8701,BAGO
7751495000466,13,GLICENEX DUO,500mg+2.5mg,Comprimido,Tableta,Caja Comp.,30,5/9/2011,E18370,BAGO
7751495000473,13,GLICENEX DUO,500mg+5mg,Comprimido,Tableta,Caja Comp.,30,5/9/2011,E18372,BAGO
7751495000480,13,NASTIZOL COMPOSITUM,,Comprimido,Tableta,Caja Comp.,200,4/26/2006,E13813,BAGO
7751495000534,13,FLOGODISTEN,,Comprimido,Tableta,Caja Comp.,120,3/30/2010,E8180,BAGO
7751495000619,13,NEOPRESOL,10mg,Comprimido Recubierto,Tableta,Caja Comp.,30,5/28/2012,E19432,BAGO
7751495000640,13,LEMIX,10mg,Tableta Recubierta,Tableta,Caja Tab.,30,2/4/2014,E21515,BAGO
7751495000664,13,ANAPRESIN SR,75mg,Cápsula,Capsula,Caja Cap.,20,2/19/2013,E20358,BAGO
7751495000671,13,DIOXAFLEX CB PLUS,,Cápsula Blanda,Capsula,Caja Cap.,120,12/13/2012,E20072,BAGO
7751495000688,13,MICOTERAT,250mg,Comprimido,Tableta,Caja Comp.,30,8/12/2012,E14814,BAGO
7751495000695,13,NASTI EXPECTORANTE,8mg,Cápsula,Capsula,Caja Cap.,120,4/4/2012,E19288,BAGO
7751495000701,13,NEURYL 2,2MG,TABLETA,TAB,CAJA X 120 UNIDADES,120,,E019998,BAGO
7751495000718,13,BAGOMICINA,100mg,Comprimido Recubierto,Tableta,Caja Comp.,30,12/5/2012,E20034,BAGO
7751495000732,13,NASTIZOL-COMPOSITUM COMPX1,,,,,1,,,LABORATORIO BAGO DEL PERU S.A.
7751495000794,13,METAGESIC,"325MG/37,5MG.",COMPRIMIDOS,COMPRIMIDOS,CAJA,,,E-21567,LABORATORIO BAGO
7751495000817,13,ANAFLEX MUJER,25mg,Cápsula Blanda,Capsula,Caja Cap.,100,3/24/2015,E22216,BAGO
7751495000824,13,GLICENEX SR,500mg,Tableta de Liberación Prolongada,Tableta,Caja Comp.,30,2/12/2015,E22173,BAGO
7751495000831,13,GLICENEX SR,750 MG,CAJA,COMPRIMIDOS,750mg Caja Comp. x 30,,,EE-00796,Lab. Bagó del Perú S.A.
7751495000848,13,UVEXIL,200mg,Comprimido,Tableta,Caja Comp.,30,11/17/2014,E22054,ROSTER
7751495000855,13,DIOXAFLEX CB PLUS,,Suspensión para Inyección,Inyectable,Amp. + Solv. x 3 mL,2,11/6/2012,E19939,BAGO
7751495000886,13,NASTIZOL COMPOSITUM JR,,Tableta Masticable,Tableta,Caja Tab.,150,4/2/2014,E21649,BAGO
7751495000947,13,ANAFLEX,25 MG.,CAPSULAS,CAPSULAS,CAJA,150,,E-22216,BAGO
7751495000954,13,DEGRALER 5MG/ML FCO X 15 ML GTS,5 MG /ML FCO X 15 ML,GOTAS,GTS,FRASCO,1,1/4/2018,F-15509,BAGO
7751495000961,13,DEGRALER,2.5MG/5ML,Jarabe,Suspension,Fco. X 100 mL,1,5/26/2011,E18425,BAGO
7751495000978,13,NASTIZOL JUNIOR,100ML,FRASCO,JARABE,Jbe. x 100ml,,,E-16929,Lab. Bagó del Perú S.A.
7751495000985,13,NASTIZOL JUNIOR,,Gotas,Solucion,Fco. X 15 Ml,1,11/30/2009,E16924,BAGO
7751495000992,13,ONY-TEC,0.08,SOLUCION,SOLUCION,FRASCO X 1.5 L,1,,E022590,BAGO
7751495001142,13,BAGOVIT SOLAR PANTALLA FPS 60 EMULSION FRASCO X 60 ML,FPS 60,EMULSION,EMULSION,FRASCO X 60ML,,,NSCOC0118409P,BAGO
7751495111186,13,CARVEDIL,12.5mg,Cápsula,Capsula,Caja Cap.,30,10/31/2012,E19930,BAGO
7751495159027,13,INCORIL,60mg,Comprimido,Tableta,Caja Comp.,30,12/6/2012,E20035,BAGO
7751495159591,13,NEUPAX,20mg,Comprimido,Tableta,Caja Comp.,20,11/18/2009,E12307,BAGO
7751495162836,13,EUGERIAL,30mg,Comprimido,Tableta,Caja Comp.,90,10/5/2009,E7659,BAGO
7751495162843,13,FLOGODISTEN,,Tableta Revestida,Tableta,Caja Tab.,100,3/30/2010,E8180,BAGO
7751495162874,13,HISALER,,Gotas,Solucion,15 mL,1,9/28/2013,E11195,BAGO
7751495162881,13,HISALER,,Jarabe,Solucion,Fco. X 60 mL,1,9/28/2013,E11195,BAGO
7751495162942,13,NASTIZOL,,Jarabe,Solucion,Fco. X 60 mL,1,3/17/2010,E12727,BAGO
7751495162959,13,NASTIZOL COMPOSITUM,,Tableta Masticable,Tableta,Caja Tab.,150,1/17/2012,E19092,BAGO
7751495162973,13,NICOVEL,,Crema Vaginal,Crema Vaginal,Tubo X 50 g,1,12/30/2013,E7296,BAGO
7751495163024,13,NIFURAT,,Comprimido,Tableta,Caja Comp.,96,10/27/2010,E8850,BAGO
7751495207063,13,DIOXAFLEX,180mg,Parche,Parche,Caja Sob.,2,2/1/2013,E20264,BAGO
7751495296364,13,SULBAMOX IBL DUO,1g+250mg/5mL,Polvo para Suspensión Oral,Suspension,Fco. X 30 mL,1,11/7/2012,E19942,BAGO
7751495313467,13,NASTI EXPECTORANTE,8mg,Cápsula,Capsula,Caja Cap.,96,4/4/2012,E19288,BAGO
7751495399065,13,HISALER D,,Cápsula,Capsula,Caja Cap.,100,2/22/2013,E20376,BAGO
7751495705552,13,HISALER D,30mg/5mL,Jarabe,Solucion,Fco. X 60 mL,1,10/14/2010,E17691,BAGO
7751495705569,13,HISALER D,,Gotas,Solucion,15 mL,1,2/13/2011,E13619,BAGO
7751495707495,13,PREVENCEL,,Cápsula,Capsula,Caja Cap.,30,10/24/2013,E21159,BAGO
7751495720326,13,SULBAMOX IBL DUO,875/125MG,COMPRIMIDO,COMPRIMIDO,CAJA,14,,E13731,BAGO
7751495778235,13,NEURYL,2mg,Comprimido,Tableta,Caja Comp.,20,5/9/2011,E18369,BAGO
7751495778242,13,NEURYL 0.5 MG X 20 COMP.,0.5mg,comprimido,caja,,20,,,BAGO
7751495858982,13,NOXIBEL,30mg,Comprimido,Tableta,Caja Comp.,15,5/29/2013,E20700,BAGO
7751495858999,13,HUMORAP,20mg,Comprimido,Tableta,Caja Comp.,28,11/28/2012,E20014,BAGO
7751495953250,13,MICOTERAT,1%,Crema,Crema,Tubo X 15 g,1,5/10/2012,E14625,BAGO
7751495963075,13,NASTIZOL COMPOSITUM NF ANTIGRIPAL,,Cápsula,Capsula,Caja Cap.,200,4/2/2014,E21648,BAGO
7751510000631,13,SAL DE ANDREWS LIMON,,Polvo Efervescente,Polvo,Caja Sob.,12,6/25/2009,N21281,MEDIFARMA
7751510000662,13,MEJORAX INFANTIL,120mg/5mL,Jarabe,Solucion,Fco. X 60 mL,6,7/7/2014,N21307,MEDIFARMA
7751510136552,13,COLIRIO EYE MO,0.05%,Solución Oftálmica,Solucion Oftalmica,Dspl. Fco. X 12 mL,6,9/1/2013,N24953,MEDIFARMA
7751510146520,13,LECHE DE MAGNESIA PHILLIPS,425mg/5mL,Suspensión Oral,Suspension,Fco. X 120 mL,1,8/31/2011,N760,MEDIFARMA
7751510146544,13,LECHE DE MAGNESIA PHILLIPS SABOR CEREZA,400mg/5mL,Suspensión Oral,Suspension,Fco. X 360 mL,1,6/15/2010,N18005,MEDIFARMA
7751510159568,13,PADRAX,,Polvo,Polvo,Caja Sobre,60,12/15/2013,N19095,MEDIFARMA
7751510174073,13,SAL DE ANDREWS,,Polvo Efervescente,Polvo,Sobre X 5 g,100,5/28/2013,N4133,MEDIFARMA
7751510258087,13,PANADOL,80mg,Tableta Masticable,Tableta,Caja Tab.,100,2/20/2013,E15303,GSK
7751510292753,13,WINTOMYLON,250mg/5mL,Suspensión,Suspension,Fco. X 120 mL,1,8/27/2008,N4266,SANOFI
7751510432227,13,MEJORAL DESCAF,500mg,Tableta,Tableta,Caja Tab.,200,12/31/2013,N19115,MEDIFARMA
7751510577911,13,CYNOMEL,25mcg,Tableta,Tableta,Caja Tab.,30,8/10/2009,N19324,FARMA DEL PACIFICO
7751510645139,13,CARDIOTON,100mg,Tableta Recubierta Entérica,Tableta,Caja Tab.,30,5/22/2010,N19658,FARMA DEL PACIFICO
7751510861966,13,PLAQUINOL,400mg,Tableta,Tableta,Caja Tab.,10,4/2/2013,E20535,SANOFI
77515407,13,DEXACORT,4mg/mL,Inyectable,Inyectable,Amp. X 1 mL,1,6/18/2011,N18490,INFARMASA
77515506,13,DEXACORT,4mg,AMPOLLA,AMPOLLA,AMP *   1,1,9/25/2014,N0049260001,MAGMA-SANITAS
7751559000050,13,ILOCIN,500MG,TABLETAS,TABLETAS,CAJA X 100,1,,N-27090,BRISAFARMA
7751559000074,13,CORTALEN,10mg,Tableta,Tableta,Caja Tab.,100,5/30/2013,N24670,BRISAFARMA
7751559000258,13,NAVIT,,Suspensión,Suspension,Caja Fco. X 120 mL,1,7/17/2012,N23646,BRISAFARMA
7751559000302,13,PRECID,50mg,Tableta,Tableta,Caja Tab.,100,3/17/2013,N24465,BRISAFARMA
7751559000357,13,PRECID,5mg/5mL,Jarabe,Solucion,Caja Fco. X 120 mL,1,2/4/2013,N24299,BRISAFARMA
7751559000388,13,VELOSS TABLETAS,300 MG+ 250MG,TABLETAS,TABLETAS,CAJ X 100 TAB,1,,N24872,BRISAFARMA
7751559000395,13,CENTAL,200mg,Tableta Recubierta,Tableta,Caja Tab.,100,2/9/2014,N25557,BRISAFARMA
7751559000418,13,FLAGYZOL,100mg+150mg,Ovulo,Ovulo,Caja Ov.,7,8/6/2012,N23722,BRISAFARMA
7751559000456,13,PRECID,20mg,Tableta,Tableta,Caja Tab.,100,2/13/2014,N25579,BRISAFARMA
7751559000463,13,CENTAL 100MG/5ML,100MG/5ML,SUPENSION,SUSPENSION,FCOX20 ML,1,1/2/2016,N-23472,BRISAFARMA
77515605,13,CLOROALERGAN AMPx10MGx1,,,,,1,,,INSTITUTO SANITAS S.P.S.A.
77515803,13,ANTALGINA-R AMPx1.5GRx5ML,,,,,1,,,INSTITUTO SANITAS S.P.S.A.
77515902,13,ANTALGINA AMPx1GRx2ML,,,,,1,,,INSTITUTO SANITAS S.P.S.A.
7751604000103,13,REVEDERM,4%,Crema,Crema,Tubo X 30 g,1,10/1/2012,E19834,CRESPAL
7751638000117,13,CEFTREX,1g,Polvo para Solución Inyectable,Inyectable,Caja Vial X 1 g,1,11/10/2013,E21215,MKS UNIDOS
7751638000162,13,CEFMARK,500MG,CAJA,CAPSULAS,500mg Caja Caps. x 100,1,9/1/2023,EE-01977,Lab. FarmacÃ©uticos Markos S.A.
7751638000308,13,TANDERIL,,TABLETAS,TABLETAS,CAJA,100,,E-22797,MARKOS
7751638000353,13,CEFMARK,250mg,FRASCO SUSPENSIÓN,FRASCO SUSPENSIÓN,FRASCO x 100ml,1,9/1/2020,EE-02676,MARKOS S.A.
7751638000452,13,PANTOMARK 40,40mg,CAJA,TABLETAS,40mg Tab. Lib. ret. x 15,,,EE-04576,Lab. Farmacéuticos Markos S.A.
7751720000025,13,DOLOFAST PRE,100mg/2mL,Solución para Inyección,Inyectable,Caja Jer. Prell. X 2 mL,1,9/28/2012,E19822,FARMAKONSUMA
7751720000155,13,INSTILLAGEL JER-PRE,230/5.75 mg,JERINGA,JER,JERINGA,1,,EE00517,FARMAKONSUMA
7751720000162,13,HIDRANTA X 500 ML,FLUTICASONA+VILANTEROL,FRASCO X 500 ML,FRASCO X 500 ML,FRASCO,1,,P2800815ENAFRASA,FARMAKONSUMA
7751720000179,13,HIDRANTA,,SOLUCION,SOLUCION,FRASCO X 500 ML,,,P280071,FARMAKONSUMA
7751720000186,13,CELECTAN,100MG / 5ML,POLVO PARA SUSPENSIÓN,SUSPENSIÓN,Susp. x 60ml,1,8/1/2019,EN-03873,FARMAKONSUMA
7751720000209,13,FLORIOTIC 250MG CAP CJA X10,250 MG,CAPSULA,CAP,CJA X 10,10,7/31/2023,DE2624,FARMAKONSUMA S.A.
7751720000216,13,FLORIOTIC 250 MG SOBR CJA X 10,250 MG,SOBRE,SBR,CJA X 10,10,7/31/2023,DE2625,FARMAKONSUMA SA
7751741001985,13,DOLO LIVIOLEX,1%,Gel,Gel,Dis. Caja Tbo. X 30 g,10,6/15/2014,N21250,INFARMASA
7751780000614,13,DEFLAMOX,100mg,Tableta Recubierta,Tableta,Caja Tab.,100,5/20/2013,N24618,G & R
7751780000690,13,AZOXANID,500mg,Tableta Recubierta,Tableta,Caja Tab.,6,5/22/2013,N24635,G & R
7751851007580,13,SULFACREM,,Crema,Crema,Tubo X 20 g,1,3/8/2012,N20158,INTRADEVCO
7751851008235,13,CALOREX FORTE,,Crema,Crema,Tubo X 20 g,1,3/13/2012,N20163,INTRADEVCO
7751851009201,13,DENTOAFTA,,Gel,Gel,Tubo X 20 g,1,9/11/2011,N22829,INTRADEVCO
7751851009683,13,HONGOFIN,,Crema,Crema,Tubo X 20 g,1,10/31/2011,N22981,INTRADEVCO
7751851010269,13,DENTODRIN,0.15%,Colutorio (Gargarismos),Solucion Bucal,Fco. X 250 mL,1,6/26/2011,N22647,INTRADEVCO
7751851010276,13,DENTODEX,0.12%,Colutorio (Gargarismos),Solucion Bucal,Fco. X 500 mL,1,6/26/2011,N22646,INTRADEVCO
7751859000019,13,DECORTEN,0.5mg/5mL,Elixir,Solucion,Fco. X 100 mL,1,9/5/2013,N20817,ELIFARMA
7751859000026,13,DECORTEN,2mg/5mL,Elixir,Solucion,Fco. X 100 mL,1,3/2/2014,N21089,ELIFARMA
7751859000033,13,ELITON CIP AP,,Jarabe,Solucion,Fco. X 340 mL,1,4/17/2010,N19625,ELIFARMA
7751859000040,13,ELITON FORTE,,Jarabe,Solucion,Fco. X 340 mL + Vaso Dosif.,1,12/21/2010,N19834,ELIFARMA
7751859000057,13,ELITON GOTAS,25mg/mL,Solución Oral,Solucion,Fco. X 20 mL,1,12/17/2013,N20991,ELIFARMA
7751859000064,13,ELITON NF,340ml,FRASCO,JARABE,Jbe. x 340ml,,,DN-0559,ELIFARMA
7751859000071,13,ELIPRIM BALSAMICO,,Suspensión,Suspension,Fco. X 100 mL,1,3/16/2010,N17882,ELIFARMA
7751859000088,13,ELIPRIM FORTE,,Suspensión,Suspension,Fco. X 100 mL,1,3/16/2015,N17881,ELIFARMA
7751859000095,13,ELIPRIM PEDIATRICO,,Suspensión,Suspension,Fco. X 60 mL,1,3/16/2010,N17880,ELIFARMA
7751859000101,13,MUCOSURF FORTE,30mg/5mL,Jarabe,Solucion,Fco. X 120 mL,1,12/23/2009,N17735,ELIFARMA
7751859000118,13,MUCOSURF PEDIATRICO,15mg/5mL,Jarabe,Solucion,Fco. X 120 mL,1,12/23/2009,N17736,ELIFARMA
7751859000125,13,NASALER JBE X 60 ML,,,,,1,,,LABORATORIOS ELIFARMA S.A.
7751859000156,13,SALBUVENT,2mg/5mL,Jarabe,Solucion,Fco. X 150 mL,1,3/1/2015,N17866,ELIFARMA
7751859000163,13,SALBUVENT EXPECTORANTE,2mg+7.5mg/5mL,Jarabe,Solucion,Fco. X 150 mL,1,5/5/2010,N19640,ELIFARMA
7751859000170,13,SILENAI CL,,Jarabe,Solucion,Fco. X 120 mL,1,11/23/2010,N19817,ELIFARMA
7751859000187,13,SILENAI CL PEDIATRICO,,Jarabe,Solucion,Fco. X 120 mL,1,11/22/2010,N19813,ELIFARMA
7751859000194,13,SILENAI EXPECTORANTE,,Jarabe,Solucion,Fco. X 120 mL,1,2/21/2010,N19564,ELIFARMA
7751859000200,13,SOLUBRON,8mg/5mL,Jarabe,Solucion,Fco. X 120 mL,1,11/20/2010,N13452,ELIFARMA
7751859000217,13,CLENBUVENT EXPECTORANTE,,Jarabe,Solucion,Fco. X 120 mL,1,11/7/2013,N20931,ELIFARMA
7751859000224,13,CLENBUVENT EXPECTORANTE,"0,005 mg + 7,5 mg/mL",Solución Oral,SOLUCION,Caja Frasco Gotero x 15 mL,1,6/3/2024,N-21223,ELIFARMA
7751859000231,13,ELITON GEST FOL,,Tableta,Tableta,Caja Tab.,30,1/6/2014,N25406,ELIFARMA
7751859000248,13,NASALER PLUS CL,,Gotas,Solucion,Fco. X 15 mL,1,6/11/2014,N21245,ELIFARMA
7751859000262,13,ELIPRIM-F,800MG /160MG,TABLETA,TAB,CJA,100,,N21555,ELIFARMA
7751859000279,13,NONPIRON 400,400mg,TABLETAS RECUBIERTAS,TABLETAS,Caja Tab. x 100,100,11/1/2018,EN - 00784,ELIFARMA
7751859000293,13,NONPIRON GOTAS,40mg/mL,Gotas,Solucion,Fco. Got. X 15 mL,1,5/11/2011,N22529,ELIFARMA
7751859000316,13,NISOPREX,5mg/5mL,Suspensión,Suspension,Fco. X 120 mL,1,5/15/2011,N22533,ELIFARMA
7751859000354,13,NONPIRON SABOR A FRESA,100MG / 5 ML,SUSPENCIÓN,SUSPENSIÓN,100mg /5ml Susp. x 60ml Fresa,1,2/10/2020,EN - 00713,ELIFARMA
7751859000361,13,ALBENTEL FRASCO X 20 ML,,,,,1,,,LABORATORIOS ELIFARMA S.A.
7751859000378,13,AQUANAX,9/1,GOTAS,GOTAS,FRASCO,1,,N23082,ELIFARMA
7751859000408,13,ASSIS 400 X 200 ML SUSPENSION,Magaldrato  400mg/ simetico 30mg * 400ml,Suspension,jarabe,Frasco,1,,N-22932,ELIFARMA
7751859000415,13,AERO-SIM,1/80mg,FRASCO,FRASCO,FCO *   1,1,5/24/2017,N0241100001,ELIFARMA
7751859000446,13,zetaler,5mg/5ml,jarabe,jbe,jarabe,1,1/11/2019,n-24131,elifarma
7751859000453,13,ZETALER,10MG/ML,GOTAS,GOTAS,GOTAS,1,5/1/2022,EN-01373,ELIFARMA
7751859000460,13,ZETALER-D,5/30/1,GOTAS,GOTAS,FRASCO,1,,N24291,ELIFARMA
7751859000477,13,ZETALER D,5mg /5ml Fco. Jbe. x 60ml (ELIFARMA),JARABE,JBE,FRASCO,1,1/12/2018,N-24357,ELIFARMA
7751859000484,13,SALBUVENT AEROSOL,100MCG/250 DOSIS,INHALADOR,INHALADOR,FCO X 12.5 ML,1,,E-21754,ELIFARMA
7751859000491,13,SALBUCOR,100mcg+50mcg/dosis,Aerosol para Inhalación,Inhalador,Fco. X 200 Dosis,1,2/12/2014,E21543,ELIFARMA
7751859000507,13,TAFIROL,120mg/5mL,Jarabe,Solucion,Fco. X 60 mL,1,11/25/2014,N26560,ELIFARMA
7751859000514,13,TAFIROL,100mg/mL,Gotas,Solucion,Fco. X 15 mL,1,11/25/2014,N26561,ELIFARMA
7751859000521,13,ELITON VIT GOTAS,MULTIVITAMICO,FRASCO X 20 ML,FRASCO X 20 ML,FRASCO,1,3/1/2018,N-23743,ELIFARMA
7751859000538,13,REGULAX SABOR A CEREZA,3.33g/5mL,Solución,Solucion,Fco. X 120 mL,1,6/11/2014,N25793,ELIFARMA
7751859000545,13,AEROMIDE INH,200MCG,FCO,INHALADOR,CAJ ALUMINIO X200 DS,1,,E-22804,ELIFARMA
7751859000552,13,ELITON FE 50,50mg /ml,SOLUCIÓN ORAL,SOLUCIÓN,Fco. Gotas x 20ml,1,6/1/2020,EN-04317,ELIFARMA
7751859000576,13,ELITON FE 50/100 ML,HIERRO 50 MG/5 ML,FRASCO X 100 ML,FRASCO X 100 ML,FRASCO,1,4/1/2018,N-27230,ELIFARMA
7751859000583,13,NISOPREX 20 MG,20 MG,COMPRIMIDO,COMPRIMIDO,CAJA X 100,100,,EN-020218,ELIFARMA
7751859000590,13,ZETALER,10 MG,COMPRIMIDOS,COMP,CAJ X 100,,,en-00263,ELIFARMA
7751859000606,13,ELAZIT 500 MG,AZITROMICINA 500 MG,CAJA X 3 TABLETAS,CAJA X 3 TABLETAS,CAJA,3,3/1/2018,EN-00259,ELIFARMA
7751859000620,13,ELIPROX,500,COMPRIMIDOS,COMP,COMPRIMIDOS,1,,EN-00327,ELIFARMA
7751859000637,13,FLUIMAX JARABE,ACETILCISTEINA 100 MG,FRASCO X 120 ML,FRASCO X 120 ML,FRASCO,1,11/1/2019,EN-00312,ELIFARMA
7751859000651,13,FLUIMAX 200 MG,ACETILCISTEINA 200 MG,CAJA X 10 TABLETAS EFERV,CAJA X 10 TAB EFERV,CAJA,10,7/1/2018,EE-02744,ELIFARMA
7751859000668,13,FLUIMAX 600 MG,ACETILCISTEINA 600 MG,CAJA X 10 TABLETAS EFERV,CAJA X 10 TAB EFERV,CAJA,10,7/1/2018,EE-02742,ELIFARMA
7751859000675,13,NEO SILENAI EXPECTORANTE,DEXTROMETORFANO/FENILEFRINA/GUAFENESINA,FRASCO X 120 ML,FRASCO X 120 ML,FRASCO,1,4/1/2019,N-27261,ELIFARMA
7751859000699,13,NEO SILENAI PEDIATRICO JBE,DEXTROMETORFANO/CLORFENAMINA/FENILEPFRINA,FRASCO X 120 ML,FRASCO X 120 ML,FRASCO,1,12/1/2018,EN-01050,ELIFARMA
7751859000705,13,NEO SILENAI JBE,DEXTROMETORFANO/CLORFENAMINA/FENILEPFRINA,FRASCO X 120 ML,FRASCO X 120 ML,FRASCO,1,9/1/2018,EN-02596,ELIFARMA
7751859000712,13,NEONISOPREX,15MG/5ML,JARABE,JAB,JARABE X 60ML,1,2/28/2019,EN-04932,ELIFARMA
7751859000729,13,ULCOFLUX 1g /5ml Oral Susp. (ELIFARMA),1g/5ml,SUSPENSIÓN ORAL,SUSPENSION,FRASCO x 220 ml,1,11/1/2020,EN05353,ELIFARMA
7751859000736,13,CLENBUVENT EXPECTORANTE FORTE,0.0mg/15mg/5ml,FRASCO,JARABE,0.0mg/15mg/5ml Forte Fco. x 120ml,,,EN-05525,Lab. Elifarma S.A.
7751859000743,13,FLUIMAX,200 mg,POLVO PARA SOLUCION ORAL,SOLUCION,SOBRE x 1 g,30,3/8/2024,EN06665,ELIFARMA
7751859000750,13,ELAZIT PEDIATRICO,200 mg/5 mL,POLVO PARA SUSPENSION ORAL,SUSPENSION,FRASCO X 30 ML,1,3/1/2024,EN06656,ELIFARMA
775185900521,13,ELITON VIT GOTAS,20ml,FRASCO,GOTAS,Fco. Gotas x 20ml,,,EN-03534,Lab. Elifarma S.A.
7751940000010,13,ANDANTOL,12mg,Gragea,Tableta,Caja Grag.,20,4/19/2012,N11061,DEUTSCHE PHARMA
7751940000027,13,ANDANTOL,,Jalea,Gel,Tubo X 20 g,1,6/24/2012,N11110,DEUTSCHE PHARMA
7751940000058,13,BE GROSS 300,300mg,Tableta,Tableta,Caja Tab.,100,6/24/2012,N11109,DEUTSCHE PHARMA
7751940000119,13,COMBIZYM,,CAJA,CAJA,CJA * 100,100,6/27/2017,N0111250000,DEUTSCHE PHARMA
7751940000126,13,COMBIZYM COMPOSITUM GRA,120/60/400M,GRAGEA,GRA,CAJA,20,,EN02034,DEUTSCHE PHARMA
7751940000157,13,DENTINEN,,Solución,Solucion,Fco. X 10 mL,1,7/14/2011,N22695,DEUTSCHE PHARMA
7751940000164,13,ELZYM,,Cápsula,Capsula,Caja Cap.,100,5/15/2011,N11835,DEUTSCHE PHARMA
7751940000171,13,ELZYM,,Cápsula,Capsula,Caja Cap.,20,2/24/2014,N25593,DEUTSCHE PHARMA
7751940000225,13,HIRUDOID FORTE,0.45%,Gel,Gel,Tubo X 14 g,1,1/11/2013,N24213,DEUTSCHE PHARMA
7751940000232,13,HIRUDOID FORTE,,Gel,Gel,Caja Tbo. X 25 g,1,1/8/2011,N14502,DEUTSCHE PHARMA
7751940000249,13,HIRUDOID FORTE,,Gel,Gel,Caja Tbo. X 40 g,1,1/8/2011,N14502,DEUTSCHE PHARMA
7751940000256,13,HIRUDOID FORTE,0.45%,Pomada,Unguento,Tubo X 14 g,1,1/14/2013,N24216,DEUTSCHE PHARMA
7751940000263,13,HIRUDOID FORTE,,Pomada,Unguento,Caja Tbo. X 25 g,1,12/20/2010,N14486,DEUTSCHE PHARMA
7751940000270,13,HIRUDOID FORTE,0.45%,Pomada,Unguento,Tubo X 40 g,1,1/14/2013,N24216,DEUTSCHE PHARMA
7751940000287,13,HIRUDOID,0.30%,Pomada,Unguento,Tubo X 14 g,1,3/20/2012,N2528,DEUTSCHE PHARMA
7751940000317,13,MOBILISIN,,Gel,Gel,Tubo X 14 g,1,2/26/2011,N14505,DEUTSCHE PHARMA
7751940000324,13,MOVIFLEX,1%,Solución Spray,Solucion,Spray X 50 mL,1,2/4/2013,N24298,DEUTSCHE PHARMA
7751940000331,13,NENE DENT,,Solución para Inyección,Inyectable,10 mL,1,6/7/2011,N22600,DEUTSCHE PHARMA
7751940000362,13,OSEO DURAN,500+ D3,SOBRES,SOB,SOBRES X 30,1,8/1/2019,DN-0163,DEUTCSHE PHARMA
7751940000379,13,OSEODURAN + VITAMINA D3,Efer. 1000mg Caja Sobres x 30,Sobre,Sobre,Caja x 30,30,,DN0162,DEUTSCHE PHARMA
7751940000386,13,PANTENOPLEX NF,,Jarabe,Solucion,Fco. X 100 mL,1,5/31/2012,N11123,DEUTSCHE PHARMA
7751940000416,13,PIASCLEDINE,300mg,Cápsula,Capsula,Caja Cap.,15,12/14/2010,E17935,DEUTSCHE PHARMA
7751940000447,13,PURINATOR,,Suspensión,Suspension,Fco. X 100 mL,1,1/4/2013,N24180,DEUTSCHE PHARMA
7751940000454,13,PURINOR,,Suspensión,Suspension,Fco. X 100 mL,1,12/26/2012,N24165,DEUTSCHE PHARMA
7751940000515,13,RESPULMIN NIÑOS,,Supositorio,Supositorio,Caja Sup.,5,5/4/2010,N19632,DEUTSCHE PHARMA
7751940000539,13,SANOSTOL,,Jarabe,Solucion,Fco. X 155 mL,1,6/8/2009,N19269,DEUTSCHE PHARMA
7751940000607,13,TRANSPULMIN BALSAMO,,Crema,Crema,Tubo X 20 g,1,4/2/2013,N2709,DEUTSCHE PHARMA
7751940000614,13,TRANSPULMIN,,Jarabe,Solucion,Fco. X 100 mL,1,5/14/2013,N4120,DEUTSCHE PHARMA
7751940000676,13,TREUPEL NF NIÑOS,,Supositorio,Supositorio,Caja Sup.,5,1/19/2012,N14870,DEUTSCHE PHARMA
7751940000706,13,ALERGIS,Isotipendilo clorhidrato 0.75 %,JALEA,JALEA,TUBO 20 g,1,2/1/2020,N-20855,DEUTSCHE PHARMA S.A.C.
7751940000782,13,MOVIFLEX SPR,1%  30ML,FRASCO,FCO,FRASCO,1,1/4/2019,EN01348,DEUTSCHE PHARMA
7751940000850,13,PIASCLEDINE,300mg,Cápsula Blanda,Capsula,Caja Cap.,30,2/12/2013,E20315,DEUTSCHE PHARMA
7751940000904,13,EUCARBON CJA.X 30 TAB.,,TABLETA,TAB,CJA X 30,30,,PNE-1359,DEUTSCHE PHARMA S.A.C
7751940000911,13,FIEBER,250MG,SUPOSITORIO,SUP,CJA,5,,N14870,DEUTSCHE PHARMA
7751940000997,13,MOBILISIN,3 g + 2 g + 0.2 g/100 g,GEL,GEL,TUBO x 40 g,1,3/14/2021,EN02973,DEUTSCHE PHARMA
7751940001130,13,ACARIL-S LOC 30% 60ML,0.3,FRASCO,FCO,60ML,1,1/1/2013,,MEDIFARMA
7751946000014,13,ACIDOR SUPREMO,,Suspensión,Suspension,Fco. X 150 mL,1,11/9/2010,N19806,SHERFARMA
7751946000106,13,COLERETIK,,CAPSULA,CAPSULA,CAJA,50,,N24006,SHERFARMA
7751946000489,13,TAXIGEN 100MG TABLETA CAJAX100,100 MG,TABLETA,TABLETA,CAJA,100,,EN02589,SHERFARMA
7751946000519,13,UROFLAM,100mg,Tableta,Tableta,Caja Tab.,100,1/24/2011,N19863,SHERFARMA
7751946000595,13,GINOFEM OVL 500/100/0.25MG,500/100/0.2,OVULO,OVL,CAJA,6,9/30/2019,EN03842,SHERFARMA
7751946000779,13,CARBOCALCIO,1200 MG.,CAPSULAS GEL,CAPSULAS,CAJA,30,,DE-1510,SHERFARMA
7751946000922,13,HIGANATUR,300 MG,CAPSULA,CAPSULA,CAJA X 60 CAPSULAS,60,7/13/2020,PNE-1105,SHERFARMA S.A.C.
7751946001035,13,CLOBAMAX,10mg,CAJA,CAJA,CJA * 100,100,6/26/2017,N0243940000,SHERFARMA
7751946001455,13,GASTROPRAZOL CAP 20MG,20mg,CAPSULA,CAP,CAJA,30,,EE01066,SHERFARMA
7751946001639,13,HIGANATUR,500 MG,CAJA,COMPRIMIDOS,500mg Env. x 30 CGB,1,,PNE-1250,Lab. Sherfarma S.A.
7751946002100,13,TAMSULOFAR CAP 0.4MG,0.4mg,CAPSULA,CAP,CAJA,30,,EE04473,SHERFARMA
7751946002230,13,DUTARIDE CAP 0.5MG,0.5mg,CAPSULA,CAP,CAJA,30,,EE04972,SHERFARMA
7751946002292,13,GOTECINA,0.5MG,TABLETAS,TABLETAS,CAJA,100,3/25/2018,EN -00371,SHEFARMA
7751946002476,13,LOSAPRESAN,50mg,CAJA,TABLETAS,50mg Caja Tab. x 30,,,EN-03281,Lab. Sherfarma
7751946003466,13,OMEPRAZOL,20 mg,CAPSULA DE LIBERACION RETARDADA,CAPSULA,CAJA,100,4/20/2024,EE00512,SHERFARMA
7752026000214,13,MERONEM,500mg,Polvo para Solución Inyectable,Inyectable,Caja Fco. Amp.,1,7/14/2011,E18575,ASTRAZENECA
77520449,13,ATENSOR GTS,2 % 5 ML,GOTAS OFTALMICAS,GOF,FRASCO,1,,N20907,MEDIFARMA
77520470,13,SUERO FISIOLOGICO,CLORURO DE SODIO 9%   x 100ml,SOLUCION PARA PERFUCION X 100ml,,,1,2/1/2019,EN-02537,
77520494,13,VISTACLOF,0.005%/2.5ml,GOTAS,GOTAS,FRASCO,1,,N21006,MEDIFARMA
7752092000019,13,GLICERINA,,SUPOSITORIO,SUPOSITORIO,CAJA,100,,N2480G,GENCO PHARMACEUTICAL
7752092000026,13,SUPOSITORIO DE GLICERINA NIÑOS (GPH),,SUPOSITORIO,SUPOSITORIO,CAJA X 100,100,,N2491G,GENCOPHARMACEUTICAL
7752092000569,13,BIONIS 15MG /5ML FCO X 100 ML,15MG,FRASCO,FRASCO,FRASCO,1,,N-24981,GENCOPHARMACEUTICAL
7752092000941,13,POLCEM,6 mg/mL,SOLUCION ORAL,SOLUCION ORAL,FRASCO GOTERO x 5 mL,1,11/25/2022,EN05763,GENCOPHARMACEUTICAL
7752108000088,13,IVYFEMME,30mg,Tableta,Tableta,Caja Tab.,9,5/5/2013,E20625,ADVANCE PRODUCTS
7752124000093,13,DIOVAN HCT,160mg+12.5mg,Comprimido,Tableta,Caja Comp.,14,5/16/2011,E18404,NOVARTIS BIOSCIENCES
7752124000116,13,STARLIX,120mg,Tableta,Tableta,Caja Tab.,36,3/13/2013,E15354,NOVARTIS BIOSCIENCES
7752124000178,13,FENISTIL,0.5mg/5mL,Jarabe,Solucion,Fco. X 100 mL,1,5/19/2010,E17345,NOVARTIS BIOSCIENCES
7752124000215,13,MEBOCAINA,,Comprimido,Tableta,Caja Comp.,150,1/18/2011,E13552,NOVARTIS BIOSCIENCES
7752124000253,13,VENORUTON,2%,Gel,Gel,Tubo X 40 g,1,9/8/2009,E16720,NOVARTIS BIOSCIENCES
7752124000321,13,VENORUTON,300mg,Cápsula,Capsula,Caja Cap.,20,6/1/2010,E17387,NOVARTIS BIOSCIENCES
7752124000338,13,VENORUTON FORTE,500mg,Comprimido,Tableta,Caja Comp.,20,5/25/2010,E17358,NOVARTIS BIOSCIENCES
7752124000352,13,VIBROCIL GEL NASAL,,Gel,Gel,Caja Tbo. X 12 g,1,9/3/2009,E16713,NOVARTIS BIOSCIENCES
7752124000369,13,VIBROCIL GOTAS NASALES,,Solución,Solucion,Caja Fco. Got. X 15 mL,1,9/2/2009,E16707,NOVARTIS BIOSCIENCES
7752124000406,13,VOLTAREN 24 HORAS,1%,Parche,Parche,Caja Parche,5,3/21/2011,E18256,NOVARTIS BIOSCIENCES
7752124000437,13,LAMISIL SPRAY FCOx30ML,,SOLUCION,frasco,,1,,,NOVARTIS
7752124000505,13,VOLTAREN 24 HORAS,1%,Parche,Parche,Caja Parche,2,3/21/2011,E18256,NOVARTIS BIOSCIENCES
7752124000512,13,GENTEAL,,Gel,Gel,Tubo X 10 g,1,6/30/2013,E15655,NOVARTIS BIOSCIENCES
7752124000642,13,DIOVAN HCT,160mg+25mg,Comprimido,Tableta,Caja Comp.,14,9/16/2013,E21034,NOVARTIS BIOSCIENCES
7752124000710,13,ZOMETA,4MG/5ML,AMPOLLA,AMPOLLA,4MG/5ML AMPOLLA X 5 ML,1,,31390,NOVARTIS PHARMA
7752124000741,13,LAMISIL,1%,Crema,Crema,Tubo X 15 g,1,1/18/2009,E11492,NOVARTIS BIOSCIENCES
7752124000789,13,CORAMINA GLUCOSA,,Comprimido,Tableta,Caja Comp.,60,5/20/2009,N19191,NOVARTIS BIOSCIENCES
7752124000802,13,NICOTINELL MINT,2mg,Chicle,Goma,Caja Chicle,24,10/22/2013,E21148,NOVARTIS BIOSCIENCES
7752124000819,13,NICOTINELL MINT,4mg,Chicle,Goma,Caja Chicle,24,10/17/2013,E21133,NOVARTIS BIOSCIENCES
7752124000826,13,DIOVAN-HCT,80/12.5MG,COMPRIMIDO,COMPRIMIDO,CAJA,28,,E21077,NOVARTIS
7752124000833,13,DIOVAN-HCT,160/25 mg.,COMPRIMIDO,COMPRIMIDO,CAJA,28,,E21034,NOVARTIS
7752124000888,13,COMTREX MAXIMA POTENCIA NF,,Comprimido Recubierto,Tableta,Caja Comp.,20,3/11/2014,E21598,NOVARTIS BIOSCIENCES
7752124001007,13,EXFORGE-HCT,160/10/12.5MG,COMPRIMIDO,COMPRIMIDO,CAJA,28,,E22413,NOVARTIS
7752124001014,13,EXFORGE-HCT,160/10/25MG,COMPRIMIDO,COMPRIMIDO,CAJA,28,,E22414,NOVARTIS
7752124001021,13,EXFORGE-HCT,160/5/12.5MG,COMPRIMIDO,COMPRIMIDO,CAJA,28,,E22416,NOVARTIS
7752124001038,13,EXFORGE-HCT,160/5/25MG,COMPRIMIDO,COMPRIMIDO,CAJA,28,,E22412,NOVARTIS
7752124001083,13,STALEVO,200/50/200MG,TABLETA,TABLETA,CAJA,30,,E21234,NOVARTIS
7752124001090,13,EXFORGE,160/10MG,COMPRIMIDO,COMPRIMIDO,CAJA,28,,E22639,NOVARTIS
7752124001113,13,EXFORGE,160/ 5MG,COMPRIMIDO,COMPRIMIDO,CAJA,28,,E22633,NOVARTIS
7752124001137,13,EXFORGE,80/5MG,COMPRIMIDO,COMPRIMIDO,CAJA,28,,E22635,NOVARTIS
7752124001205,13,GEMCITABINA 1000MG INY CJA X 1 (NOVARTIS-SANDOZ),1000 MG,AMPOLLA,AMP,CJA X 1,1,2/13/2020,EG6555,NOVARTIS S.A.
7752124001212,13,GEMCITABINA 200MG INY CJA X 1 (NOVARTIS-SANDOZ),200 MG,AMPOLLA,AMP,CJA X 1,1,2/13/2020,EG6553,NOVARTIS S.A.
7752198000012,13,TETRALYSAL,300mg,Cápsula,Capsula,Caja Cap.,16,2/3/2010,E17073,QUILAB
7752198000029,13,TETRALYSAL,150mg,Cápsula,Capsula,Caja Cap.,16,3/20/2008,E15376,QUILAB
7752219000113,13,BICARBONATO DE SODIO 50 GR,50 gr,Unidad,uni,Bote x 50 gr,,,GN0022,AKY
7752301000038,13,ALENDRON 70,70mg,Tableta,Tableta,Caja Tab. + Porta est.,5,4/30/2014,N25705,DELFARMA
7752301000175,13,DOLXICAM,15MG,MELOXICAM,TAB,CJA,100,9/30/2020,EN-01270,ATRAL DEL PERU
7752301000199,13,LOSADEL 50,50mg,Tableta Recubierta,Tableta,Caja Tab.,50,5/22/2012,N23520,DELFARMA
7752301000243,13,CLINDA C,300mg,Cápsula,Capsula,Caja Cap.,100,2/6/2014,N21050,DELFARMA
7752301000342,13,DEXALOR,10mg+2mg,Tableta Recubierta,Tableta,Caja Tab.,100,10/20/2014,N26375,DELFARMA
7752301000434,13,MIODEL RELAX,50 MG/75 MG.,TABLETAS,TABLETAS,CAJA,30,,N-24999,LAB. DELFARMA SAC.
7752301000465,13,PROSTADEL LP 0.4 MG X 1 CAPSULA,,,,,1,,,LABORATORIOS DELFARMA S.A.C.
7752329000416,13,LABOX,0.5mg,Tableta,Tableta,Caja Tab.,100,3/22/2011,N22405,INDUQUIMICA
7752329000485,13,ALERZIN,5mg/5mL,Jarabe,Solucion,Fco. X 60 mL,1,8/13/2012,N23739,VITA PHARMA
7752329000775,13,LABOPAN,0.5mg,Tableta,Tableta,Caja Tab.,100,2/7/2013,N20543,KEYFARM
7752329000959,13,ZALMAL 50 MG CAJA X 1 CAP,,,,,1,,,LABOFAR LABORATORIOS S.A.C
7752329000980,13,ZALMAL PLUS,TRAMADOL CLORHIDRATO 37.5 MG/PARACETAMOL 325 MG,CAJA  X 10 TABLETAS,CAJA X 10 TABLETAS,CAJA,10,1/4/2019,N-24468,BITAPARMA
7752329000997,13,MIGRAXINA,125mg+1mg,Tableta Recubierta,Tableta,Caja Tab.,100,3/22/2011,N22407,KEYFARM
7752329001079,13,LABOXUT TAB 0.5MG,0.5MG,TABLETA,TAB,CAJA,20,,EN03112,KEYFARM SAC
7752329001116,13,SERTLINE,50MG,TABLETA,TAB,CJA,20,,EN01489,VITHA PHARMA
7752329001147,13,EMOZAC 20 TAB 20MG,20MG,TABLETA,TAB,CAJA,20,5/30/2018,EN00355,VITA PHARMA
7752329001215,13,DEPSERT,10 mg,TABLETA RECUBIERTA,TABLETA,CAJA TABLETA,30,1/29/2021,EN02846,KEYFARM
7752329001239,13,AZILOPRAM TAB 10MG,10MG,TABLETA,TAB,CAJA,20,,EN03535,VITA PHARMA
7752343000010,13,GENTAMICINA GOT/OFTX5ML (LAN),,,,,1,,,LABORATORIOS LANSIER S.A.C.
7752343000041,13,TIMOLOL,1%,Solución Oftálmica,Solucion Oftalmica,Caja Fco. X 5 mL,1,2/5/2014,EG6106,MILAFARMA
7752343000119,13,HUMEDBIO,0.30%,Solución Oftálmica,Solucion Oftalmica,Fco. X 15 mL,1,6/27/2013,N24780,VITALINE
7752343000140,13,SYSTALAN 0.4ML OCUVIALES OFT CJA X 30,0.4ML,SOLUCION OFTALMOLOGICA,SOL. OFT.,CAJA X30,30,,N-27286,LABORATORIO VITALINE SAC
7752343000164,13,ASTEROSS 0.5%,0.5,SOL OFTALMICA,SOL OFTALMICA,CAJA X 60 UNIDADES,60,,N27337,LANSIER
7752343000171,13,MELIUS - OCUVIAR,0.002,AMPOLLAS,GOTAS,GOTAS AL 0.2%,1,,EN-00268,LANSIER S.A.C.
7752343000188,13,ASTEROSS CAJA AMP. X 30 X0.3ML,0.5ML,gotas,GOTAS,CAJA,30,,EN-06193,LANSIER
7752343000195,13,GLAMAX,,CAJA,AMPOLLAS,Caja Vial x 30,,,N-27379,Lab. Lansier S.A.C.
7752343000294,13,NOXAL,6 mg/mL,SOLUCION ORAL,SOLUCION,FRASCO GOTERO x 5 mL,1,6/8/2020,RD 2974-2020,VITALINE
7752359001192,13,NEUTINE,200mg,CAJA,CAJA,CJA *  20,20,6/23/2017,,LABOFAR
7752503000058,13,TAPSIN DN COMPUESTO DIA Y NOCHE CAPSULAS AZULES PARA LA NOCHE,,Cápsula,Capsula,Caja Cap.,24,5/11/2012,E19393,MAVER
7752623000013,13,BIAFINE EMULSION,0.67g,Emulsión,Suspension,Caja Tbo. X 93 g,1,2/8/2012,E19139,WORLD PHARMA
7752643000277,13,DEXTROSA,33.30%,Solución para Inyección,Inyectable,Amp. X 20 mL,1,1/17/2013,NG3618,TRIFARMA
7752643000284,13,HIPERSODIO,20%,Solución para Inyección,Inyectable,Amp. X 21.5 mL,25,10/30/2011,N11901,MEDIFARMA
7752643000307,13,LACTATO RINGER,,Solución para Inyección,Inyectable,Caja Amp. X 10 mL,25,12/18/2012,NG463,MEDIFARMA
7752643000369,13,XILONEST SP,2%,Solución para Inyección,Inyectable,Caja Vial X 20 mL,1,8/19/2009,N17578,MEDIFARMA
7752643001441,13,ELECTRORAL PEDIATRICO SUERO ORAL SABOR A FRESA,,Solución,Solucion,Fco. X 1 L,1,11/15/2009,N19432,MEDIFARMA
7752643108645,13,CLORURO DE SODIO,20%,Solución para Inyección,Inyectable,Amp. X 20 mL,25,10/12/2013,NG1802,TRIFARMA
7752643109277,13,BRONCOXAN DILAT,,Gotas Oral,Solucion,Fco. Got. X 15 mL,1,8/20/2011,N19993,MEDIFARMA
7752643183000,13,ELECTRORAL NF SABOR HIERBA LUISA,,Solución,Solucion,Fco. X 1 L,1,11/18/2012,N16541,MEDIFARMA
7752643301763,13,CLORPOTASIUM,14.90%,Solución para Inyección,Inyectable,Amp. X 10 mL,1,2/16/2013,N13892,MEDIFARMA
7752643434218,13,XILONEST,2%,Jalea,Gel,Fco. X 30 mL,1,3/14/2013,N11514,MEDIFARMA
7752643434232,13,XILONEST,2%,Solución para Inyección,Inyectable,Vial X 20 mL,1,10/11/2012,N11304,MEDIFARMA
7752643434300,13,ELECTRORAL PEDIATRICO SABOR ANIS,,Solución,Solucion,Fco. X 1 L,1,11/20/2012,N20382,MEDIFARMA
7752655911639,13,BANEDIF,,Crema,Crema,Tubo X 10 g,1,4/15/2010,N21708,ANDREU
7752667417563,13,NEUROFOR FORTE,20mg,Polvo Liofilizado para Solución Inyectable,Inyectable,Fco. Amp. X 2 mL,1,9/17/2012,E14864,SANOFI
7752667417570,13,NEUROFLAX AMP. S/JER.,,,,,1,,,AVENTIS PHARMA
7752667417624,13,RIFOCINA,1%,Spray Tópico,Solucion,20 mL,1,9/13/2010,E8732,SANOFI
7752692000051,13,FAMILA 28,,Tableta,Tableta,Caja Tab.,1,5/25/2009,E16474,PAK FARMA
7752692000143,13,ORBACIN,0.30%,Solución Oftálmica,Solucion Oftalmica,Fco. X 5 mL,1,9/4/2011,E18722,PAK FARMA
7752692000198,13,EMKIT DS,1.5mg,Tableta,Tableta,Caja Tab.,1,10/15/2012,E19876,PAK FARMA
7752692000211,13,NORIFAM,,Solución para Inyección,Inyectable,Caja Amp. X 1 mL,1,6/5/2013,E20728,PAK FARMA
7752692000433,13,SALEXIN,500 mg,CAPSULA,CAPSULA,CAJA CAPS,100,8/22/2023,EE06283,SIN ESPECIFICAR
7752867000015,13,ATACAND PLUS,16/12.5MG,COMPRIMIDO,COMPRIMIDO,CAJA,28,,E16715,ASTRA - ZENECA
7752867000022,13,ATACAND,32mg,Tableta,Tableta,Caja Tab.,28,11/13/2012,E19969,ASTRAZENECA
7752867000046,13,KOMBIGLYZE XR,5MG/1000MG.,COMPRIMIDOS,COMPRIMIDOS,CAJA,28,,E-22967,ASTRA-ZENECA
7752955000026,13,MICOSOLIN,0.01,FRASCO,SOLUCION,1% Sol. 30ML,1,,N-23767,CORINSER S.A.C
7752955000033,13,NOXZOLIN,500mg,Tableta Recubierta,Tableta,Caja Tab.,6,7/6/2012,N23618,CORP. INV. Y SERV.
7752955000040,13,NOXZOLIN,100mg/5mL,Polvo Oral,Polvo,Fco. X 60 mL,1,7/6/2012,N23619,CORP. INV. Y SERV.
77530301,13,TRAMEDIF 50 MG AMP X 1 ML,,,,,1,,,MEDIFARMA S.A.
77530318,13,TRAMEDIF 100 MG AMP X 2 ML,,,,,1,,,MEDIFARMA S.A.
7753032000199,13,ZITROBIOT 500MG,500MG,TABLETAS,TAB,TABLETAS X 60,1,,N-25395,VANOCI
77531186,13,CETRIXIN D GOTAS X 15 ML,,,,,1,,,SIEGFRIED S.A.
7753145000239,13,DENTIGEL DEL DR. ZAIDMAN - SABOR FRAMBUESA,7.50%,Gel Bucal,Gel,Tubo X 10 g,1,6/12/2011,N22609,MEDIFARMA
7753145365444,13,SOLUCION DE BUROW,,Solución,Solucion,Fco. X 55 mL,1,4/16/2013,N2097G,MEDIFARMA
7753145365451,13,SOLUCION DE BUROW,,Solución,Solucion,Fco. X 110 mL,1,4/16/2013,N2097G,MEDIFARMA
775315750,13,DOLOMAX 200 MG X 1 TABLETA,,,,,1,,,MEDIFARMA S.A.
7753172000295,13,CEFTRIAXONA,1g,Polvo para Solución Inyectable,Inyectable,Caja Vial,10,2/17/2014,EG6122,LAB. FARM. MEDICAL
775320001087,13,FITOMENADIONA,10 MG/ML,SOLUCION INYECTABLE,SOL. INY.,CAJA X 50 AMPOLLAS,50,,EG-4966,PHARMAGEN
7753203000034,13,CIPROGRAM,0.30%,Colirio,Solucion Oftalmica,Fco. X 2.5 mL,1,7/9/2012,N23623,GLOBAL PHARMA
7753203000041,13,CIPROGRAM PLUS,,Suspensión Oftálmica,Suspension Oftalmica,Fco. X 5 mL,1,9/4/2013,N24973,GLOBAL PHARMA
7753233000035,13,HELMIXIN,100mg/5mL,Polvo para Suspensión Oral,Suspension,Fco. X 60 mL,1,9/10/2012,N23826,MUNDIPHARMA
7753233000042,13,PHARMICIL,1%,Solución Tópica,Solucion,Fco. Atom. X 40 mL,1,8/28/2014,N26112,MUNDIPHARMA
7753351303797,13,HIDROCORTISONA NORTHIA,250MG,VIAL,VIAL,CAJA,100,,EG5280,NORTHIA
7753398000017,13,FLUMIL,150mg,Cápsula,Capsula,Caja Cap.,1,10/12/2013,N16977,DA. CARRION
7753398000024,13,LISOLAC,35mg/mL,Solución,Solucion,Caja Fco. X 20 mL,1,3/13/2012,N4929,DA. CARRION
7753398000031,13,UROVALIDIN NF,500mg+50mg,Tableta Ranurada,Tableta,Caja Tab.,48,11/15/2009,N19428,DA. CARRION
7753398000062,13,ACARICIDA,0.30%,Loción,Locion,Fco. X 60 mL,1,4/21/2008,N12262,DA. CARRION
7753398000079,13,ANERGOL,,Gotas,Solucion,Fco. X 15 mL,1,7/3/2012,N20266,DA. CARRION
7753398000086,13,AZATIOPRINA,50mg,Tableta,Tableta,Caja Tab.,24,3/22/2012,NG3277,DA. CARRION
7753398000109,13,CATALIN G,0.01%,Solución Oftálmica,Solucion Oftalmica,Fco. X 15 mL,1,4/23/2012,E14568,REFASA
7753398000123,13,ESPIRONE,25mg,Tableta,Tableta,Caja Tab.,20,10/30/2009,N11905,DA. CARRION
7753398000154,13,SULCONAR,250mg+25mg,Tableta,Tableta,Caja Tab.,30,10/19/2013,N16994,DA. CARRION
7753398000178,13,VERAPAMILO,80mg,CAJA,CAJA,CJA *  30,30,5/11/2016,NG010710000,REFASA-CARRION
7753398000185,13,AMLOCAR,5mg,Tableta,Tableta,Caja Tab.,10,3/19/2011,N18374,DA. CARRION
7753398000192,13,CEFALOGEN,250mg,Polvo para Solución Inyectable,Inyectable,Vial + Amp. X 2 mL,1,11/18/2013,N17024,DA. CARRION
7753398000208,13,CEFALOGEN,1g,Polvo para Solución Inyectable,Inyectable,Caja Vial + Amp. X 3.5 mL,1,1/25/2013,E20232,DA. CARRION
7753398000222,13,TRANSAMIN,250mg/2.5mL,Solución para Inyección,Inyectable,Amp. X 2.5 mL,1,8/11/2013,N12346,DA. CARRION
7753398000239,13,TIBOLUX,2.5mg,Tableta,Tableta,Caja Tab.,1,1/21/2013,N20500,DA. CARRION
7753398000253,13,AMLOCAR,10mg,Tableta,Tableta,Caja Tab.,10,12/5/2011,N18600,DA. CARRION
7753398000369,13,CEFALOGEN,1g,Polvo para Solución Inyectable,Inyectable,Caja Vial + Solv. X 3.5 mL,1,3/31/2012,N16370,DA. CARRION
7753398000413,13,ALENCAR,8MG,TABLETA,TABLETA,CAJA,10,,N19756,REFASA-CARRION
7753398000420,13,BISMUCAR,87.33mg/5mL,Suspensión Oral,Suspension,Fco. X 150 mL,1,6/6/2010,N21808,DA. CARRION
7753398000444,13,BISMUCAR,262mg,Tableta Masticable,Tableta,Caja Tab.,100,7/8/2011,N18503,DA. CARRION
7753398000529,13,SEFSON T,20mg+5mg/mL,Solución Oftálmica,Solucion Oftalmica,Fco. X 5 mL,1,9/9/2009,N21393,DA. CARRION
7753398000604,13,BISMUCAR (FRESA),87.5mg/5mL,Suspensión,Suspension,Fco. X 150 mL,1,2/15/2015,N21570,DA. CARRION
7753398000611,13,BISMUCAR (FRESA),87.5mg/5mL,Suspensión,Suspension,Fco. X 340 mL,1,2/15/2015,N21570,DA. CARRION
7753398000659,13,LEUNASE,,VIAL,VIAL,VIAL,1,,E13566,REFASA-CARRION
7753398000789,13,RHINO CLO,0.65%,Solución Nasal,Solucion Nasal,Fco. X 15 mL,1,6/22/2010,N21841,DA. CARRION
7753398000932,13,TOPIGLOS,,Pomada,Unguento,Tubo X 20 g,1,8/3/2010,N21890,DA. CARRION
7753398000970,13,ORFENADRINA 100MG  X 1 TAB,,,,,1,,,REFASA S.A.C.
7753398000987,13,HALOPERIDOL 2MG / 2ML FCO X 20 ML (R),,,,,1,,,REFASA S.A.C.
7753398001175,13,TIMOCAR,0.50%,Colirio,Solucion Oftalmica,Fco. X 5 mL,1,2/1/2012,N23221,DA. CARRION
7753398001182,13,MUCOCAR,200mg,Granulos para Solución,Solucion,Sobre X 1 g,30,8/5/2010,N21893,DA. CARRION
7753398001199,13,MUCOCAR,100mg/5mL,Jarabe,Solucion,Fco. X 120 mL,1,4/27/2010,N21732,DA. CARRION
7753398001250,13,LEVOTUZ,0.00%,Solución Oftálmica,Solucion Oftalmica,Fco. X 2.5 mL,1,5/16/2012,N23500,DA. CARRION
7753398001274,13,MUCOCAR,600mg,Tableta Efervescente,Tableta,Caja Tab.,20,2/1/2013,N24293,DA. CARRION
7753398001298,13,ZAKOL,50mcg/mL,Solución Oftálmica,Solucion Oftalmica,Fco. Got. X 2.5 mL,1,9/25/2011,N22877,DA. CARRION
7753398001335,13,MUCOCAR,100mg,Granulos para Solución,Solucion,Sobre X 1 g,30,8/14/2012,N23748,DA. CARRION
7753398001427,13,FOSMIN PLUS,,Tableta,Tableta,Caja Tab.,32,5/5/2013,N24592,DA. CARRION
7753398001816,13,CYS- CONTROL SOBRE,5G,CAJA SACHET,CJA. SACHET,SACHET,1,1/4/2018,TNE-1107,EUROFARMA
7753398001861,13,LAXANOVA,0.82,CAJA,RECTIOLAS,82% Caja Rectiolas x 6 x 4ml,1,,N-26961,LAB CARRION
7753398001885,13,SOLUCOL,,Solución Oftálmica,Solucion Oftalmica,Caja Fco. X 15 mL,1,11/25/2013,N25256,DA. CARRION
7753398002066,13,SEFTEM 100 MG,100MG,TABLETA,TAB,CAJA X 30 UNIDADES,30,,EN00108,REFASA CARRION
7753398130127,13,HALOPERIDOL REFASA,10MG,TABLETA,TABLETA,CAJA,100,,NG1404,REFASA-CARRION
7753398130202,13,TAMOXIFENO,20mg,Tableta,Tableta,Caja Tab.,30,4/19/2014,NG1088,DA. CARRION
7753398173186,13,ANZATAX,0.5mg,Tableta,Tableta,Caja Tab.,20,11/30/2009,N19452,DA. CARRION
7753398173193,13,ANZATAX,2mg,Tableta,Tableta,Caja Tab.,20,11/30/2009,N19453,DA. CARRION
7753398410878,13,ARTERIUM,100MG,TABLETA,TAB,CAJA,100,,N16985,EUROFARMA
7753398432559,13,SEFSON,2%,Solución Oftálmica,Solucion Oftalmica,Fco. X 5 mL,1,9/18/2013,N20837,DA. CARRION
7753398432573,13,TOBAN,2mg,Cápsula,Capsula,Caja Cap.,300,3/16/2011,N12408,DA. CARRION
7753398432580,13,MERCAPTOPURINA,50mg,Tableta,Tableta,Caja Tab.,24,7/22/2013,NG858,DA. CARRION
7753398432597,13,FOSMIN,70mg,Tableta,Tableta,Caja Tab.,4,10/2/2010,N19786,DA. CARRION
7753398432627,13,PIRAZINAMIDA,500mg,Tableta,Tableta,Caja Tab.,30,3/12/2012,NG251,DA. CARRION
7753398432634,13,RIFAMPICINA,300mg,Cápsula,Capsula,Caja Cap.,100,3/19/2012,NG3270,DA. CARRION
7753398432641,13,MINOXIDIL,2%,Solución Capilar,Solucion,Fco. X 60 mL,1,8/29/2013,NG5846,DA. CARRION
7753398432665,13,WARFARINA,5MG,Tableta,Tableta,Caja Tab.,100,4/12/2011,NG1459,DA CARRION
7753398432689,13,TRANSAMIN,1g/10mL,Solución para Inyección,Inyectable,Amp. X 10 mL,1,5/5/2013,N12286,DA. CARRION
7753398432696,13,TRANSAMIN,250mg,Cápsula,Capsula,Caja Cap.,12,5/5/2013,N12287,DA. CARRION
7753398432726,13,NOLECTIN,25mg,Tableta,Tableta,Caja Tab.,100,3/1/2013,N16654,DA. CARRION
7753398432764,13,TIBUTOL,400mg,Tableta,Tableta,Caja Tab.,100,3/10/2014,N5528,DA. CARRION
7753398432801,13,FLUOROURACILO,250mg/5mL,Solución para Inyección,Inyectable,Caja Amp. X 5 mL,1,3/31/2012,NG486,DA. CARRION
7753398432832,13,CIPROVIT,,Jarabe,Solucion,Fco. X 100 mL,1,6/8/2014,N19272,DA. CARRION
7753398432849,13,CIPROVIT A,,Tableta,Tableta,Caja Tab.,30,6/8/2009,N19271,DA. CARRION
7753398432863,13,BISMUCAR,87.33mg/5mL,Suspensión Oral,Suspension,Fco. X 340 mL,1,6/6/2010,N21808,DA. CARRION
7753398448949,13,TOBAN F,2mg,Tableta,Tableta,Caja Tab.,100,11/17/2013,N19071,DA. CARRION
7753398853248,13,ESPIRONE,100 MG.,TABLETAS RECUBIERTAS,TABLETAS,CAJA,20,,N-15060,LC CARRION
7753398857956,13,MINOXIDIL,5%,Loción,Locion,Fco. X 60 mL,1,4/16/2013,NG1688,DA. CARRION
7753409000012,13,CLOPIRITE,75mg,Tableta,Tableta,Caja Tab.,10,11/10/2013,E21218,PHARMACHECK
7753409000029,13,CLOPIRITE 75 MG X 1TB,,,,,1,,,PHARMACHECK PERU S.A.
7753409000036,13,COROPINE 5MG X 1TB,,,,,1,,,PHARMAGEN S.A.C.
7753409000043,13,COROPINE,10mg,Tableta,Tableta,Caja Tab.,30,5/19/2014,E21702,PHARMACHECK
7753409000050,13,KASTATINA,10mg,Tableta,Tableta,Caja Tab.,30,4/27/2014,E21667,PHARMACHECK
7753409000074,13,KASTATINA,40mg,Tableta,Tableta,Caja Tab.,1,4/30/2014,E21673,PHARMACHECK
7753409000081,13,RISPERITE,1mg,Tableta,Tableta,Caja Tab.,30,6/19/2014,E21774,PHARMACHECK
7753409000098,13,RISPERITE,2mg,Tableta,Tableta,Caja Tab.,30,6/19/2014,E21772,PHARMACHECK
7753409000104,13,FONASTERIN,5mg,Tableta Recubierta,Tableta,Caja Tab.,30,7/6/2014,E21790,PHARMACHECK
7753409000111,13,AMSULONA,0.4mg,Cápsula,Capsula,Caja Cap.,30,7/13/2014,E21803,PHARMACHECK
7753409000128,13,FIMVASTIN,20mg,Tableta,Tableta,Caja Tab.,30,7/31/2014,E21830,PHARMACHECK
7753409000135,13,FIMVASTIN,40mg,Tableta,Tableta,Caja Tab.,30,8/4/2014,E21833,PHARMACHECK
7753409000142,13,FIMVASTIN,10mg,Tableta,Tableta,Caja Tab.,30,7/30/2014,E21825,PHARMACHECK
7753409000159,13,LOSAREN 50MG X 1 TAB,,,,,1,,,PHARMACHECK PERU S.A.
7753409000166,13,AXASOLE,20mg,Tableta,Tableta,Caja Tab.,30,6/23/2014,E21777,PHARMACHECK
7753409000173,13,AXASOLE,40mg,Tableta,Tableta,Caja Tab.,30,6/11/2014,E21758,PHARMACHECK
7753409000180,13,NORPRAZOLE,40mg,Cápsula,Capsula,Caja Cap.,30,9/11/2014,E21930,PHARMACHECK
7753409000197,13,PRALAZOLE,15mg,Cápsula,Capsula,Caja Cap.,30,8/10/2014,E21854,PHARMACHECK
7753409000203,13,PRALAZOLE 30 MG X 1 CAPSULA,,,,,1,,,PHARMACHECK PERU S.A.
7753409000227,13,NORPRAZOLE 20 MG X1CAP,,,,,1,,,PHARMACHECK PERU S.A.
7753409000241,13,LOSAREN,100mg,Tableta Recubierta,Tableta,Caja Tab.,30,10/21/2014,E21999,PHARMACHECK
7753455000257,13,PIABET 15MG CAJA X 20 TAB,15MG,TABLETAS,TABLETAS,CAJA,20,,N-24930,CORPORACION BIOTEC
7753455000264,13,PIABET,30 MG.,TABLETAS,TABLETAS,CAJA,20,,EN-01417,CORPORACION BIOTEC SAC
7753455000288,13,RIVASMIN LISIL 10MG CJA X 20 TAB,10 MG,TABLETA,TAB,CJA X 20,20,1/30/2024,EN01030,PORTUGAL S.R.L.
7753455000646,13,NIFEDIPINO,30 MG,CÁPSULA,CÁPSULA,CAJ X 30,1,3/1/2021,EN-02355,GENFAR
7753464000033,13,AGUA OXIGENADA,10 volumenes,SOLUCION,SOLUCION,FRASCO x 1000 mL,1,3/20/2021,GN0055,ALKOFARMA
7753464000521,13,GLICERINA 120 ML FCO (ALKOFARMA),120 ML,FRASCO,FCO,CJA X 1,1,5/6/2024,GN0020,ALKOFARMA E.I.R.L.
7753464000545,13,YODOPOVIDONA 7.5% SOLUCION FCO X 60ML (ALKOFARMA),7.5% / 60ML,SOLUCION,SOL,FRASCO,1,1/8/2021,EN-02769,ALKOFARMA
7753526000414,13,KETOFUNGOL 2% CREMA X 20GR,0.02,CREMA,CREMA,TUBO,1,,N-24186,PHARMARECETAS
77535467,13,SEDA NEGRA # 5/0 TC15,,,,,1,,,CIRUGIA PERUANA S.A.
77535474,13,SEDA NEGRA 5/0 DS20,,,,,1,,,CIRUGIA PERUANA S.A.
77535528,13,SEDA NEGRA TRENZADA # 4/0 HR-20,,,,,1,,,CIRUGIA PERUANA S.A.
77535542,13,SEDA NEGRA # 4/0 MR15,,,,,1,,,CIRUGIA PERUANA S.A.
77535573,13,SEDA NEGRA TRENZADA # 4/0 DS-15,,,,,1,,,CIRUGIA PERUANA S.A.
77535580,13,SEDA NEGRA TRENZADA # 4/0 DS-20,,,,,1,,,CIRUGIA PERUANA S.A.
77535597,13,SEDA NEGRA # 4/0 DS-25,,,,,1,,,CIRUGIA PERUANA S.A.
77535634,13,SEDA NEGRA TRENZ 4/0 S/A MULTIEMPAQUE,,,,,1,,,CIRUGIA PERUANA S.A.
77535658,13,SEDA NEGRA TRENZADA # 3/0 HR15,,,,,1,,,CIRUGIA PERUANA S.A.
77535689,13,SEDA NEGRA # 3/0 TC-25,,,,,1,,,ETHICOM SUTURAS
77535726,13,SEDA NEGRA # 3/0 MC-20,,,,,1,,,CIRUGIA PERUANA S.A.
77535788,13,SEDA NEGRA TRENZADA # 3/0 DS-25,,,,,1,,,CIRUGIA PERUANA S.A.
77535887,13,SEDA NEGRA TRENZ 2/0 HR25,,,,,1,,,CIRUGIA PERUANA S.A.
7753599000021,13,FISIODOL FORTE GEL,2%,GEL,TBO,TUBO,1,1/31/2021,EN-04701,LAFARTE
77536020,13,SEDA NEGRA TRENZADA # 2/0 CR20,,,,,1,,,ARAGO LABORATORIO S.A.
77536051,13,SEDA NEGRA TRENZADA # 0 MR25,,,,,1,,,CIRUGIA PERUANA S.A.
77536068,13,SEDA NEGRA TRENZADA # 0 MR30,,,,,1,,,CIRUGIA PERUANA S.A.
77536075,13,SEDA NEGRA TRENZADA .SILIC. 0 HR 35 1A 75 CM,,,,,1,,,CIRUGIA PERUANA S.A.
77536136,13,SEDA NEGRA TRENZADA . SILIC. 1 HR25 1A 75 CM,,,,,1,,,CIRUGIA PERUANA S.A.
77536167,13,SEDA NEGRA TRENZADA # 1 MR40,,,,,1,,,CIRUGIA PERUANA S.A.
77536198,13,SEDA # 1 MULTIEMPAQUE,,,,,1,,,CIRUGIA PERUANA S.A.
77536334,13,CREMA DEL DR. ZAIDMAN,,Crema,CREMA,Envase X 50 g,1,11/22/2009,N19443,MEDIFARMA
7753658000023,13,DOBEXILAB 500,500mg,Cápsula,Capsula,Caja Cap.,100,12/12/2013,N25331,VITA PHARMA
7753658000030,13,LABOXET,2.5mg/5mL,Jarabe,Solucion,Fco. X 60 mL,1,12/30/2013,N25385,VITA PHARMA
7753658000061,13,DONALAB,2 MG,TABLETAS,TAB.,CAJA X 100 TAB.,100,,N-25476,LABOFAR
7753658000078,13,DOLITO 100MG/5ML SUSPENSION FRASCO X 60ML,100 MG/5ML,SUSPENSION,SUSPENSION,FRASCO,1,,EN07779,VITA PHARMA
7753658000092,13,VENTILAIR 4,4mg,Tableta,Tableta,Caja Tab.,10,12/12/2013,N25327,VITA PHARMA
7753658000139,13,URONOX FORTE,,Tableta,Tableta,Caja Tab.,102,3/15/2011,N22377,VITA PHARMA
7753658000146,13,ECARTEN,300 MG,TABLETA,TAB.,CAJA X 14 TAB.,14,,N-24584,LABOFAR
7753658000153,13,ANTI GRIPP,,Tableta,Tableta,Caja Tab.,100,3/16/2011,N22388,VITA PHARMA
7753658000177,13,FORMILAB,850mg,Tableta,Tableta,Caja Tab.,30,4/6/2011,N22464,VITA PHARMA
7753658000221,13,FUROLAX FCO X 120 ML,,,,,1,,,LABOFAR LABORATORIOS S.A.C
7753658000238,13,NEUROLAB,300 MG,CAPSULA,CAP.,CAJA X 30 CAP.,30,,N-25150,LABOFAR
7753658000252,13,ARTAN,100mg,Tableta,Tableta,Caja Tab.,30,3/13/2014,N25624,VITA PHARMA
7753658000269,13,ZITROLAB,200MG/5ML,SUSPENSIÓN,SUSP,200MG/5ML X 15ML,1,5/1/2019,N-25597,LABOFAR
7753658000306,13,URONOX PLUS,,TABLETA,TABLETA,CAJA,102,,N25230,LABOFAR
7753658000368,13,ARTICOX,200MG,CAPSULA,CAPSULA,CAJA,100,,N23255,LABOFAR
7753658000382,13,CLARIX,250mg/5mL,Suspensión,Suspension,Fco. X 50 mL,1,3/5/2012,N23299,VITA PHARMA
7753658000436,13,DOLO EXTRA FORTE,,Tableta,Tableta,Caja Tab.,100,6/4/2012,N23547,VITA PHARMA
7753658000450,13,ZITROLAB,500mg,Tableta,Tableta,Caja Tab.,3,7/20/2012,N23670,VITA PHARMA
7753658000467,13,LABOXICAM,7.5mg,Tableta,Tableta,Caja Tab.,30,8/6/2012,N23720,VITA PHARMA
7753658000474,13,LABOXICAM,15mg,CAJA,CAJA,CJA *  30,30,6/23/2017,N0230350000,LABOFAR
7753658000511,13,OMEPRAXINA,20mg,Cápsula,Capsula,Caja Cap.,20,1/29/2008,N20523,KEYFARM
7753658000580,13,PLIDOMAX COMPUESTO,,Tableta,Tableta,Caja Tab.,100,10/26/2012,N23990,VITA PHARMA
7753658000641,13,LABOXET,5mg,Tableta,Tableta,Caja Tab.,10,1/24/2013,N24253,VITA PHARMA
7753658000672,13,TERBILAB,250MG,TABLETA,TABLETA,CAJA,10,,N24247,LABOFAR
7753658000719,13,SINFLEMAX P,15mg/5mL,Jarabe,Solucion,Fco. X 120 mL,1,2/13/2013,N24342,VITA PHARMA
7753658000726,13,SINFLEMAX A,30mg/5mL,Jarabe,Solucion,Fco. X 120 mL,1,2/12/2013,N24327,VITA PHARMA
7753658000733,13,FUROLAX,100mg,Tableta,Tableta,Caja Tab.,100,2/7/2013,N24315,VITA PHARMA
7753658000764,13,LORALAB D,,Tableta,Tableta,Caja Tab.,100,7/7/2008,N20735,KEYFARM
7753658000818,13,NEXIPRAL,20 mg,CAPSULA DE LIBERACION RETARDADA,CAPSULA,CAJA CAPS,20,4/7/2018,EN04229,VITA PHARMA
7753658000825,13,NEXIPRAL,40 mg,CAPSULA DE LIBERACION RETARDADA,CAPSULA,CAJA CAPS,16,4/8/2018,EN04230,VITA PHARMA
7753658000832,13,IRRIGASE PLUS,,Tableta,Tableta,Caja Tab.,30,5/23/2010,N21923,VITA PHARMA
7753658001006,13,LABUTOL SUSP 150ML,,,,,1,,,KEYFARM S.A.C.
7753658001044,13,BRONCOLYN E,100MG+2G/100ML,JARABE,JBE,FRASCO X 120 ML,1,,N025787,LABOFAR
7753658001051,13,TERBILAB,1%,CREMA,CREMA,TUBO,1,,N25870,LABOFAR
7753658001082,13,SINFLEMAX COMPUESTO ADULTO JBE X 120ML,30mg/5mL,JARABE,JARABE,FRASCO X 120,1,8/28/2014,N26113,VITA PHARMA
7753658001099,13,LORALAB COMPUESTO TABLETA CAJA X10,,TABLETA,TABLETA,CAJA,10,,N26028,VITA PHARMA
7753658001129,13,DERMOLAB CREMA TUBO X 10 G,,CREMA,CREMA,TUBO,1,,N26056,VITA PHARMA
7753658001266,13,VITALLERG,5 MG,TABLETAS,TAB.,CAJA X 10 TAB.,10,,N-26265,LABOFAR
7753658001303,13,MIRTALAB 30 TAB 30MG,30MG,TABLETA,TAB,CAJA,30,5/30/2019,N26320,KEYFARM SAC
7753658001358,13,SINFLEMAX COMPUESTO PEDIATRICO,7.5 mg + 0.005 mg/5 mL,JARABE,SOLUCION,FRASCO x 120 mL,1,10/16/2019,EN07003,KEYFARM
7753658001501,13,VENTILAIR 10 MG,10MG,TABLETA,TAB MASTICABLE,CAJA X 10 UNIDADES,10,,N025508,LABOFAR
7753658001518,13,VENTILAIR 5,5mg,Tableta,Tableta,Caja Tab.,30,1/19/2014,N25475,VITA PHARMA
7753658001556,13,AZITROMICINA,500 mg,TABLETA RECUBIERTA,TABLETA,CAJA,100,9/3/2024,EN07004,VITA PHARMA
7753658001594,13,HIOSIMOL COMPUESTO X1 TAB,,,,,1,,,LABOFAR LABORATORIOS S.A.C
7753658001600,13,NOCIDEX,800mg/60mg,SUSPENSION,SUSP.,FRASCO x 200ml,1,5/31/2016,N25646,LABOFAR
7753658001617,13,NITARDIL,3.3g /5ml ,SOLUCION ORAL,SOLUCION ORAL,3.3g /5ml Oral Fco. Sol. x 90m,1,3/1/2020,EN - 05477,KEYFARM
7753658001624,13,CLARIXLAB,500 MG,TABLETA,TAB.,CAJA X 10 TAB.,10,,N-23754,LABOFAR
7753658001631,13,MIOALIV TAB X 1,,,,,1,,,KEYFARM S.A.C.
7753658001662,13,LIPIPRESS,40MG,TABLETA,TABLETA,CAJA,30,,N25211,LABOFAR
7753658001679,13,CLARIXLAB,250 ML / 5 ML,GRANULOS PARASUSPENSIÓN ORAL,GRANULOS PARASUSPENSIÓN,250mg /5ml Fco. Susp. x 50ml,1,9/1/2020,EN-05369,LABOFAR
7753658001686,13,LIPIPRESS 10 MG TAB CJA X 30 (KEYFARM),10 MG,TABLETA,TAB,CJA X 30,30,8/29/2021,EN04933,KEYFARM S.A.C.
7753658001693,13,CIPROXLAB,500 MG,TABLETA,TAB.,CAJA X 10 TAB.,10,,N-2003,LABOFAR
7753658001709,13,LIPIPRESS,20 mg,TABLETA RECUBIERTA,TABLETA,CAJA TAB,30,8/2/2011,N22740,VITA PHARMA
7753658001716,13,GARDIL ,500 MG,TABLETAS RECUBIERTAS,TABLETAS,500mg Tab. x 6,6,11/1/2021,EN-03876,LABOFAR
7753658001723,13,KILACINOX CAPX300MGX1,,,,,1,,,LABOFAR LABORATORIOS S.A.C
7753658001754,13,MONTELUKAST,4MG,TABLETAS MASTICABLES,TAB MAST.,CAJA X 100,1,4/1/2021,EN-04814,LABOGEN
7753658001761,13,MONTELUKAST,5mg,tabletas,Caja 5mg Mast. Tab. x 100,Caja Tab x 100,1,4/1/2021,EN-4545,labogen
7753658001792,13,HIOSIMOL,10MG,TABLETA,TABLETA,CAJA,100,,N24557,LABOFAR
7753658001808,13,ARTANBIX,100MG,TABLETA,TABLETA,CAJA,30,,N25624,LABOFAR
7753658001815,13,ARTANBIX,50MG,TABLETA,TABLETA,CAJA,30,,N24834,LABOFAR
7753658001822,13,DON GRIPPA TABLETA CAJAX100,,TABLETA,TABLETA,CAJA,100,,EN03082,VITA PHARMA
7753658001846,13,URONOLAB FORTE X 1 TB,,,,,1,,,LABOFAR LABORATORIOS S.A.C
7753658001860,13,IRRIVAS PLUS TAB. X 1,,,,,1,,,LABOFAR LABORATORIOS S.A.C
7753658001877,13,FLOXALAB,500 mg,TABLETA,TAB,CAJA TAB,7,11/30/2015,N24339,LABOFAR
7753658001884,13,GARDIL ,100 ML / 5 ML,POLVO PARA SUSPENSIÓN ORAL,POLVO PARA SUSPENSIÓN,100mg /5ml Susp. x 60ml,1,9/1/2021,EN-01069,LABOFAR
7753658001907,13,SOLBITOX ADLT,8MG,SUSPENSION,SUSPENSION,FRASCO,1,,N26117,LABOFAR
7753658001921,13,VODRAVOL 50MG  TAB. X 1,,,,,1,,,LABOFAR LABORATORIOS S.A.C
7753658001938,13,FLOXALAB,750 mg,TABLETA,TAB,CAJA TAB,5,11/30/2015,N25517,LABOFAR
7753658002003,13,LORALAB-D,5/5 60 ml.,JARABE,JBE,FRASCO,1,,N27236,LABOFAR
7753658002041,13,IRBELAB,150 mg,tableta,tableta,Caja x 14 tab,14,9/30/2016,N24586,LABOFAR
7753658002119,13,ARTANBIX-D,50/12.5MG,TABLETA,TABLETA,CAJA,30,,N26171,LABOFAR
7753658002140,13,URONOLAB PLUS,500/100MG,TABLETA,TABLETA,CAJA,102,,N26193,LABOFAR
7753658002157,13,ZITROLAB,200mg /5ml,Polvo para Suspensión oral,Suspension,200mg /5ml Susp. Fco. x 30ml,1,12/1/2020,EN-03528,VITA PHARMA
7753658002225,13,ALERGILAB,"2,5mg/5mL",SUSPENSION ORAL,SUSPENSION,Fco. X 60ml,1,3/1/2021,EN-01418,LABOFAR
7753658002348,13,NITARDIL JBE 3.3/5  180ML,3.3/5,FRASCO,FCO,FRASCO,1,2/16/2022,EN05477,LABOFAR
7753658002379,13,KETOX 10MG X 1,,,,,1,,,LABOFAR LABORATORIOS S.A.C
7753658002409,13,FLOSARTAN 16MG TABLETA CAJAX14,16 MG,TABLETA,TABLETA,CAJA,14,,EN00004,VITA PHARMA
7753658002478,13,ATORVASTATINA 40 MG TAB CJA X 100 (LABOGEN),40 MG,TABLETA,TAB,CJA X 100,100,1/15/2014,NG5991,VITA PHARMA S.A.C.
7753658002485,13,IRBELAB TAB 300MG,300MG,TABLETA,TAB,CAJA,14,,EN01788,KEYFARM SAC
7753658002577,13,LABOXINA COMPX125MGX1,,,,,1,,,LABOFAR LABORATORIOS S.A.C
7753658002591,13,NEUGAB 300MG,300 MG,CAPSULA,CAP,CAP,30,,,VITA PHARMA
7753658002614,13,ZITROLAB,500mg,Tabletas,Tab,Caja Tab. x 5,1,5/1/2019,EN-00184,KEYFARM
7753658002621,13,DEFLUZOL 150 MG CAJA X 1 TAB,,,,,1,,,LABOFAR LABORATORIOS S.A.C
7753658002645,13,ZINMUKOL,7.5 mg + 2 mg/5 mL,JARABE,SOLUCION,FRASCO x 120 mL,1,8/25/2019,EN04422,KEYFARM
7753658002652,13,ZOLIDONE 50MG/15MLX120ML,,,,,1,,,KEYFARM S.A.C.
7753658002713,13,HIZALAB,5 mg/5 mL,JARABE,SOLUCION ORAL,FRASCO x 60 mL,1,3/26/2020,EN01058,VITA PHARMA
7753658002744,13,FLUXT,10 mg,TABLETA,TABLETA,CAJA TAB,100,10/7/2019,EN00388,LABOFAR
7753658002768,13,MUCOASMAT 200MG GRAN SOBRE CAJA X30,200 MG,POLVO,POLVO,CAJA,30,,EN07044,VITA PHARMA
7753658002805,13,DESLORATADINA,5 mg,TABLETA RECUBIERTA,TABLETA,CAJA TAB,100,9/24/2019,EN02342,VITA PHARMA
7753658002829,13,AGRAFIL 50MG TAB,50MG,TABLETA,TAB,CAJA,4,1/30/2018,EN01804,LABOFAR
7753658002881,13,DOLITO,200mg,CAJA,CAJA,CJA * 100,100,,,KEYFARM SAC
7753658002942,13,ALERGILAB,5MG,TABLETAS,TABLETAS,CAJA,100,5/1/2020,EN-03204,LABOFAR
7753658003031,13,HIZALAB TAB 10MG,10MG,TABLETA,TAB,CAJA,100,10/13/2021,EN04753,VITA PHARMA
7753658003055,13,ZOLIDONE FORTE 50MG/5ML (LABOFAR),50MG/5ML,JARABE,JBE,JARABE,,,EN-03103,LABOFAR
7753658003062,13,IRBELAB DUO TAB 150/12.5MG,150/12.5,TABLETA,TAB,CAJA,14,,EN03540,KEYFARM SAC
7753658003079,13,IRBELAB DUO TAB 300/12.5MG,300/12.5MG,TABLETA,TAB,CAJA,14,,EN03545,KEYFARM SAC
7753658003116,13,URONOLAB PLUS TAB 500/100MG,500/100mg,TABLETA,TAB,CAJA,100,,N26193,LABOFAR
7753658003154,13,NITARDIL,3.3G / 5 ML,SOLUCION ORAL,SOLUCION,3.3g /5ml Fco. x 180ml,1,3/1/2020,EN - 05477,LABOFAR
7753658003222,13,VITALLERG,2.5 mg/5 mL,SOLUCION ORAL,SOLUCION,FRASCO x 60 mL,1,12/26/2023,EN06572,KEYFARM
7753667000120,13,DEXTROSA,33.30%,Solución para Inyección,Inyectable,Caja Amp. X 20 mL,50,3/22/2015,EG2991,SANDERSON
7753686000026,13,UROGYN,,Tableta Recubierta,Tableta,Caja Tab.,14,10/7/2013,N25082,EMDIEX
7753686000132,13,CLINDAMIZOL CAP BLANDA VAGINAL X 3 (EMDIEX),,,,,3,,,EMPRESA MULTINACIONAL DE IMPORTACION Y E
7753709000033,13,ADENOCIL 6MG/2ML AMP CJA X 10 (OTARVASQ),6MG/2ML,AMPOLLA,AMP,CJA X 10,10,10/17/2023,EN03365,FARMACEUTICA OTARVASQ S.A.C.
7753709000057,13,NOREPINEFRINA 4MG/4ML CJA X 5,4 MG / 4 ML,AMPOLLA,AMP,CJA X 5,5,,EN04970,CECIFARMA GROUP SAC
7753709000064,13,KETOPAN,100 MG/5ML,Solucion Inyectable,Inyectable,Caja,25,,N23278,OTORVASQ
7753709000088,13,LIDOCAINA S/P,0.02,SOLUCION INYECTABLE,INYECTABLE,FRASCO,1,,NG-2559,OTARVASQ
7753709000095,13,FLUCONAZOL (FLUNGOFYL),200MG/100ML,Solución para Inyección,Inyectable,Frasco vial x 100 ml,1,,EN00586,OTORVASQ
7753709000118,13,DIMENHIDRINATO 50MG/5ML AMP X1,,,,,1,,,CECI FARMA
7753709000125,13,DIMENHIDRINATO,50MG75ML,INYECTABLE,AMPOLLA,50mg /5ml Iny. Amp. x 25,,,NG-2595,Línea Comercial G (Ver INFARMASA)
7753709000156,13,ORFENADRINA 60MG/2ML X 1AMP,,,,,1,,,CECI FARMA
7753709000163,13,TRIAMCICORT,50MG/5ML,AMPOLLA,AMPOLLA,CAJA X 1,1,,N-25120,PERULAB S.A.
7753709000170,13,ORFENADRINA,60 ML/ 2ML,CAJA,AMPOLLA,60mg /2ml Iny. Caja Amp. x 25,1,,OO-447,Línea Comercial G (Ver INFARMASA)
7753709000200,13,BETAMETASONA OTARVASQ AMP 4MG 1ML,4MG,AMPOLLA,AMP,CAJA,50,7/15/2017,NG6309,LABORATORIOS FARMACEUTICA
7753709000262,13,KETOROLACO (KETANEN), 30 MG,Solución para Inyección,Inyectable,Caja,25,,EN00482,OTORVASQ
7753709000286,13,KETANEN 30MG IM/IV AMP. X 100,30MG,INYECTABLE,INYECTABLE,CAJA,100,11/19/2019,EN-00482,OTARVASQ
7753709000378,13,BETAMETASONA 4 MG/ML SOL INY AMP CJA X 25 (OTARVASQ),4 MG/ML,AMPOLLA,AMP,CJA X 25,25,3/29/2020,EN00934,FARMACEUTICA OTARVASQ S.A.C.
7753709000392,13,AMIKANEN,1g /4ml,AMPOLLA,AMP,CAJ X 1,1,10/1/2019,EN-04741,OTARVASQ
7753709000439,13,ETILEFRINA,10 MG/ML,SOLUCION INYECTABLE,SOLUCION INYECTABLE,CAJA X 25 UNIDADES,,,EN05419,OTORVASQ
7753709002622,13,KETOROLACO 30MG,30 MG.,INYECTABLE,INYECTABLE,CAJA,25,,N-00482,DANY
7753736000020,13,TRAMADOL,100 MG/2 ML,SOLUCION INYECTABLE,SOLUCION INYECTABLE,CAJA X 10 UNIDADES,10,,EE00876,
7753736000148,13,FUROSEMIDA 20 MG/2 ML AMPOLLA (JPS),20 MG/2 ML,Ampolla,Amp,Amp x 2 mL,1,,E-21270,CSPC CHINA
7753736000181,13,FEVRALGINE,1GR,AMPOLLA,AMPOLLA,CAJA,10,,E-20968,JPS
7753736000198,13,FUROSEMIDA 20MG/2 AMPOLLA (JPS),20 mg / 2 mL,ampolla,amp,CAJA X 100 AMPOLLAS,100,,R.S.N°: E-21270,Distribuciones EIRL
7753736000464,13,DOBUTAMINA 250MG/20ML AMP CJA X 25 (JPS),250MG/20ML,AMPOLLA,AMP,CAJA X 25,25,1/2/2018,EG-6482,JPS DISTRIBUCIONES EIRL
7753736000488,13,GENTAMICINA 160MG/2ML (GENTAPAX),160MG/2ML,AMPOLLA,AMP,CAJA X 10 UNIDADES,10,,EE03143,JPS
7753736000693,13,DICLOFENACO,75mg /3ml,AMPOLLA,AMP,FRASCO,10,,E-21582,Vitalis Perú S.A.C.
7753736000747,13,FEVRALGINE,1 g/2 mL,SOLUCION INYECTABLE,INYECTABLE,AMPOLLA x 2 mL,10,8/28/2023,EE03987,JPS
7753736000891,13,CIPROF (CIPROFLOXACINO),200 MG/100ML,Solución para inyección,Inyectable,Unidad,,,EE02546,PHARMACEUTICAL FACTORY
7753736001102,13,BROMURO DE VECURONIO,4 mg,POLVO PARA SOLUCION INYECTABLE,INYECTABLE,VIAL,10,3/19/2020,EG6556,JPS DISTRIBUCIONES
7753741000053,13,NITOXIN,100 mg / 5ml,NITAZOXANIDA,SUSPENSION ORAL,60 ML,1,12/1/2018,EN-00301,PHARMEX
7753741000084,13,ZIRAX,200MG/5ML,POLVO PARA SUSPENSION ORAL,SUS,FRASCO,30,1/19/2020,EN-00666,PHARMEX
7753748000025,13,FURITEX,100mg,Tableta,Tableta,Caja Tab.,100,1/5/2014,N25396,DROG. E.S.C. PHARMED
7753748000087,13,PARDIL,500mg,Tableta Recubierta,Tableta,Caja Tab.,6,6/9/2013,N24709,DROG. E.S.C. PHARMED
7753748000094,13,NAPROCOP COMPUESTO,275mg+300mg,Tableta Recubierta,Tableta,Caja Tab.,100,11/9/2012,N24028,DROG. E.S.C. PHARMED
7753748000162,13,DOLO NEUROPRESS FORTE,,Tableta Recubierta,Tableta,Caja Tab.,60,4/22/2013,N24550,DROG. E.S.C. PHARMED
7753748000209,13,NONGRIPP ANTIGRIPAL MAXIMA POTENCIA,500mg+5mg+2mg,Tableta Recubierta,Tableta,Caja Tab.,120,3/10/2013,N24448,DROG. E.S.C. PHARMED
7753748000285,13,KETAXAL,10mg,Tableta Recubierta,Tableta,Caja Tab.,100,5/30/2013,N24676,DROG. E.S.C. PHARMED
7753748000308,13,MELOXEN X 1 TABLETA,,,,,1,,,SIN LABORATORIO
7753748000339,13,ALICAM FORTE 500MG X 1 TABLETA,,,,,1,,,SIN LABORATORIO
7753748000353,13,LERTAMINE,5mg,Tableta Recubierta,Tableta,Caja Tab.,100,7/8/2014,N25860,DROG. E.S.C. PHARMED
7753748000421,13,NONGRIPP ANTIGRIPAL,500mg+10mg,Tableta,Tableta,Caja Tab.,100,12/19/2012,N24152,DROG. E.S.C. PHARMED
7753748000438,13,EXADIOL FLEX,200mg+35mg,Tableta Recubierta,Tableta,Caja Tab.,10,9/16/2014,N26231,DROG. E.S.C. PHARMED
7753748000452,13,LARITOL DX,10mg+2mg,Tableta,Tableta,Caja Tab.,10,9/10/2014,N26195,DROG. E.S.C. PHARMED
7753748000469,13,PARDIL,100mg/5mL,Polvo para Suspensión Oral,Suspension,Caja Fco. X 60 mL,1,7/7/2014,N25851,DROG. E.S.C. PHARMED
7753748000520,13,AZOBACCIDAL,500mg+100mg,Tableta Recubierta,Tableta,Caja Tab.,100,2/7/2013,N24313,DROG. E.S.C. PHARMED
7753748000599,13,DUOFLEX,250mg+50mg,Tableta Recubierta,Tableta,Caja Tab.,60,11/2/2014,N26445,DROG. E.S.C. PHARMED
7753748000605,13,DUOFLEX  X 1 TABLETAS,,,,,1,,,SIN LABORATORIO
7753748000612,13,ZITROGAL,500 mg,TABLETA RECUBIERTA,TABLETA,CAJA TAB,3,5/22/2023,EN03521,PHARMED
7753748000780,13,ESPASMEX COMPUESTO  X 1TAB.,,,,,1,,,SIN LABORATORIO
77537584,13,HEMOCOLAGENO 8X5,8X5,SOBRE,SOB,SOBRE,1,,N-01151,TAGUM
7753803000021,13,HIDROCORTISONA 250MG AMP X 1,250MG,AMPOLLA,AMP,AMPOLLA,1,1/3/2015,EG-5867,PHARMAGEN
7753803000083,13,AMIKACINA 1G INY X 4ML (DANY),1 GR,AMPOLLA,AMP,CJA X 1,1,8/11/2019,EN04040,DISTRIBUIDORA DANY S R LTDA
7753803000113,13,AMIKACINA LUSA,500MG,AMPOLLA,AMPOLLA,CAJA,100,,NG4089,LUSA
7753803000120,13,SULFATO DE MAGNESIO,0.2,CAJA,AMPOLLA,20% X 10ML,1,,EG-5274,Distribuidora Dany S.R.L.
7753803000151,13,KETOROLACO,60 mg/2 ml,FRASCO,AMPOLLA,IM/IV 60mg /2ml Amp. x 5,,,EN-03703,Distribuidora Dany S.R.L.
7753803000168,13,NOREPINEFRINA LUSA,4MG,AMPOLLA,AMPOLLA,AMPOLLA,1,,NG6305,LUSA
7753803000175,13,FOSFATO DE POTASIO,,Ampolla,AMP,AMPOLLA X 20 ML,1,,EN01080,DANY
7753803000243,13,AMIKACINA LUSA,500MG,AMPOLLA,AMPOLLA,CAJA,25,,NG4089,LUSA
7753803000281,13,OXITOCINA,10ui,CAJA,CAJA,CJA *  25,25,10/24/2016,NG053160001,LUSA
7753820000059,13,AMPICILINA + SULBACTAN 1 GR. + 0.5 GR (N),,,,,1,,,LABORATORIOS NORTHIA
7753820000066,13,BENCILPENICILINA BENZATINICA 1200000 UI X 1,,,,,1,,,PHARMAGEN S.A.C.
7753820000080,13,BENCILPENICILINA PROCAINICA 1000UI VIAL X 1AMP,,,,,1,,,PHARMAGEN S.A.C.
7753820000103,13,CEFALEXINA PHARMA CAP 500MG,500MG,CAJA,CJA,CAJA,,,EE00746,PHARMAGEN
7753820000134,13,CEFALOTINA,gr.,VIA,VIA,CAJA,10,,EG5573,PHARMAGEN
7753820000141,13,CEFOTAXIMA 0.5GR X1 AMP,,,,,1,,,PHARMAGEN S.A.C.
7753820000196,13,OXACILINA PHARMA  VIA 500MG,500MG,VIAL,VIA,CAJA,,,EE01128,PHARMAGEN
7753820000202,13,CLORFENAMINA 10MG/ML CAJA X 1AMP,,,,,1,,,PHARMAGEN S.A.C.
7753820000233,13,KETOPROFENO 100 MG,100 MG IV,AMPOLLA,AMPOLLA,CAJ X 10 FCOS,1,,EG-6124,PHARMAGEN
7753820000257,13,AGUA BI-DESTILADA,5ML,AMPOLLA,AMP,AMPOLLA,1,,E-1190-G,AGUA BI-DESTILADA
7753820000264,13,SALBUTAMOL INH X 100 MCG X 200  DOSIS (PHARMAGEN),,,,,1,,,PHARMAGEN S.A.C.
7753820000295,13,GENTAMICINA 80 MG/2ML,80MG/2ML,AMPOLLA,AMP,CAJA X 6 UNIDADES,6,,EG00060,GENFAR
7753820000301,13,METRONIDAZOL (METROXIN),500mg/100ml,FRASCO,AMPOLLA,500mg /100ml Fco. Vial x 1,,,EE-00583,Pharmagen S.A.C.
7753820000318,13,OMEPRAZOL 40MG,40mg,Inyectable,Inyectable,Caja Vial,10,6/27/2012,EG5407,PHARMAGEN
7753820000332,13,CEFUROXIMA,500 mg,Tableta,TABLETA,Caja Envase Blister Tabletas,10,4/27/2020,EE01024,PHARMAGEN
7753820000356,13,GENTAMICINA 160MG/2ML,160MG/2ML,AMPOLLA,AMPOLLA,CAJ AMP X100,1,,EG-5789,PHARMAGEN
7753820000363,13,EPINEFRINA,1mg/mL,Inyectable,Inyectable,Caja Amp. X 1 mL,50,1/5/2016,EG4874,PHARMAGEN
7753820000400,13,METAMIZOL SODICO,1G/2ml.,SOLUCION,SOLUCION,AMPOLLA,1,,EG4713,PHARMA INVESTI.
7753820000417,13,RANITIDINA PHARMA AMP 50MG 2ML,50mg,AMPOLLA,AMP,CAJA,50,,EE02136,PHARMAGEN
7753820000424,13,SUERO FISIOLOGICO,0.9%,AMPOLLA,AMPOLLA,CAJA,50,,EG5254,PHARMAGEN
7753820000431,13,SUERO FISIOLOGICO,0.9%,AMPOLLA,AMPOLLA,CAJA,50,,EG5253,PHARMAGEN
7753820000448,13,CLORURO DE SODIO 20%,,Ampolla,Amp,Ampolla x 25 x 20 ml,1,,EE01321,PHARMAGEN
7753820000455,13,AGUA BIDESTILADA 10 ML AMP X 25. (PHARMAGEN) ,10ML,AMPOLLA,AMPOLLA,AMPOLLA X 10ML,1,,E1190G,PHARMAGEN
7753820000479,13,ATROPINA SULFATO 0.50MG/1ML AMPX1,,,,,1,,,PHARMAGEN S.A.C.
7753820000486,13,BICARBONATO SODIO 8.4% AMP X 20ML X 1,,,,,1,,,PHARMAGEN S.A.C.
7753820000493,13,METOCLOPRAMIDA 10MG/2ML X 1 PHARMAGEN,,,,,1,,,PHARMAGEN S.A.C.
7753820000509,13,OXITOCINA UI/ML CAJA X 50 AMP,1 ml,Ampolla,Amp,Caja x 50 unidades,1,,EG4637,PHARMAGEN
7753820000516,13,SULFATO DE MAGNESIO 20%,20% 10 ml.,AMPOLLA,AMPOLLA,AMPOLLA,1,,EG5274,PHARMAGEN
7753820000547,13,ATROPINA SULF. 1MG AMP X 1,,,,,1,,,PHARMAGEN S.A.C.
7753820000554,13,KALIUM (CLORURO DE POTASIO),0.149,AMPOLLA,AMPOLLA,25 X 10 ML,1,,EG-5109,LAB. UNIDOS S.A.
7753820000561,13,CLORURO DE POTASIO 20% 10ML CAJA X 1AMP,,,,,1,,,PHARMAGEN S.A.C.
7753820000592,13,FITOMENADIONA IM/IV PHARMA AMP 10MG,10MG,AMPOLLA,AMP,CAJA,50,9/30/2018,EG4966,PHARMAGEN
7753820000615,13,HIDROCORTISONA 100 MG /X 10 AMP(PHARMAGEN),ampolla,ampolla,AMPOLLA,CAJA X 10 UNI,1,,EG-5318,PHARMAGEN
7753820000622,13,HIDROCORTISONA,250 MG,POLVO SOLUCION INY.,POLVO SOLUCION INY.,CAJA X 10 FRASCOS AMPOLLAS,10,,EG-5309,PHARMAGEN
7753820000639,13,HIDROXICOBALAMINA,1 MG / 1 ML,AMPOLLA,AMPOLLA,1mg /1ml Amp. x 50,1,,EE-00390,Pharmagen S.A.C.
7753820000684,13,ACICLAV (Amoxicilina500/Clavulanico125),500,Tableta,Tableta,Caja x 14,14,,E21916,OQPHARMA
7753820000707,13,AMIKACINA PHARMA AMP 500MG,500MG,AMPOLLA,AMP,CAJA,100,9/30/2019,EE00838,PHARMAGEN
7753820000714,13,AMPICILINA PHARMA,1G,VIAL,VIA,CAJA,50,,EG4924,PHARMAGEN
7753820000738,13,DIFENAC 75 MG/3 ML AMPOLLA X 3 ML,75mg/3ml,Solución Inyectable Intramuscular,Solución Inyectable Intramuscular,Caja x 100 ampollas,100,,E-21450,PHARMAGEN
7753820000776,13,OXITOCINA 10 UI/1ML,10UI/1ML,AMPOLLA,AMP,CAJA X 100,100,,EG46370,PHARMAGEN
7753820000783,13,CLORFENAMINA,10mg,AMPOLLA,AMPOLLA,Caja x 5,1,,EG4654,PHARMAGEN
7753820000790,13,METOCLOPRAMIDA 10MG/2ML IM-IV,10 mg/2mL,Solución para inyección,Inyectable,Caja Amp x 10,1,,EG4967,PHARMAGEN
7753820000813,13,GENTAMICINA LUSA,200MG/2ML,CAJA,AMPOLLA,20mg /2ml Iny. Caja Sol. Amp. x 10,1,,EG-5673,Laboratorios Unidos S.A.
7753820000820,13,CLORFENAMINA,10 mg,AMPOLLA,AMPOLLA,CAJA,100,,EG-4654,PHARMAGEN SAC
7753820000851,13,OXACILINA 0.5 MG,0.5mg,Caja,Ampolla,Caja Amp. x 50,50,,EG5769,PHARMAGEN
7753820000868,13,OXACILINA,1G VIAL,AMPOLLA,AMPOLLA,CAJ X100 AMP,1,,EG-5855,PHARMAGEN
7753820000875,13,RANITIDINA 50MG/2ML X 1AMP,,,,,1,,,PHARMAGEN S.A.C.
7753820000981,13,OMEPRAZOL PHARMA VIA 40MG,40MG,VIAL,VIA,CAJA,50,,EE03330,PHARMAGEN
7753820000998,13,CLINDAMICINA PHARMA AMP 600MG,600MG,AMPOLLA,AMP,CAJA,50,6/30/2018,EE01808,PHARMAGEN
7753820001001,13,CEFAZOLINA 1 G,1 g,POLVO PARA INYECCION,POLVO PARA INYECCION,CAJA X 10 UNIDADES,10,,EE00669,PHARMAGEN
7753820001049,13,HEPARINA SODICA,5000 UI/mL,Solución Inyectable,INYECTABLE,Caja Ampolla x 5 mL,10,5/24/2018,BE00903,PHARMAGEN
7753820001070,13,CLINDAMICINA 600MG/4MLX1,,,,,1,,,PHARMAGEN S.A.C.
7753820001087,13,FITOMENADIONA IM/IV PHARMA AMP 10MG,10MG,AMPOLLA,AMP,CAJA,10,9/30/2018,EG4966,LABORATORIOS FARMACEUTICA
7753820001100,13,CEFTRIAXONA,1 G,POLVO PARA INYECCION,POLVO PARA INYECCION,CAJA X 10 UNIDADES,10,,EE00116,PHARMAGEN
7753820001117,13,METFORMINA,850 MG,TABLETAS,TAB,CAJX100,1,11/1/2017,EE-00131,PHARMAGEN
7753820001148,13,PIPERACILINA + TAZOBACTAM,4.5 g,SOLUCION INYECTABLE,Inyectable,Caja x 10 ampollas,1,,EE00518,PHARMAGEN S.A.C.
7753820001155,13,PANTOPRAZOL,40 MG,CAJA,TABLETAS,PANTOPRAZOL 40MG,1,,EE-00188,Pharmagen S.A.C.
7753820001162,13,METOCLOPRAMIDA,10MG/2ML,CAJA,AMPOLLA,10mg /2ml Iny. Caja Sol. Amp. x 100,1,,EG-4967,Unimed del Perú S.A.
7753820001209,13,MEROPENEM,1 g,POLVO PARA SOLUCION INYECTABLE,INYECTABLE,VIAL,10,2/8/2023,EE05700,PHARMAGEN
7753820001216,13,ATROPINA PHARMA,0,AMPOLLA,AMP,CAJA,100,,EG5165,PHARMAGEN
7753820001223,13,ATROPINA PHARMA AMP 1MG 1ML,1MG,AMPOLLA,AMP,CAJA,100,10/20/2021,EE04596,PHARMAGEN
7753820001247,13,DEXAMETASONA,4 MG/2ML,SOLUCION INYECTABLE,SOLUCION INYECTABLE,CAJA X 50 UNIDADES,50,,EE01427,PHARMAGEN
7753820001292,13,MEROPENEM,500 MG,INYECTABLE,INYECTABLE,CAJA,10,,EE-01606,PHARMAGEN
7753820001322,13,ONDANSETRON,8 mg/4 ml,SOLUCION INYECTABLE,SOLUCION INYECTABLE,CAJA X 10  AMPOLLAS,,,EE01730,PHARMAGEN
7753820001339,13,BECLOMETASONA 250 MCG,250 MCG,Aerosol,Aerosol,Frasco,,,EE01941,PHARMAGEN
7753820001377,13,No ubico el medicamento,,,,,,,,
7753820001384,13,ESCOPOLAMINA PHARMA AMP 20MG 1ML,20mg,AMPOLLA,AMP,CAJA,50,,EE01372,PHARMAGEN
7753820001414,13,LINCOMICINA 600MG/2ML,600 mg,Ampolla,Amp,Caja x 50 unidades,1,,EE01036,PHARMAGEN SAC
7753820001438,13,CEFEPIMA PHARMA,1G,VIAL,VIA,CAJA,10,,EE02239,PHARMAGEN
7753820001445,13,DIMENHIDRINATO,50 mg/5 mL,Solución Inyectable,INYECTABLE,Caja Ampolla x 5 mL,50,11/26/2020,EE02391,PHARMAGEN
7753820001452,13,DIMENHIDRINATO,50MG/5ML,INYECTABLE,INYECTABLE,AMP X 4ML,100,11/26/2020,EE02391, PHARMAGEN S.A.C.
7753820001506,13,BUDESONIDA,200MCG/DOSIS,INHALADOR,INHALADOR,CAJA X 200 DOSIS,1,5/1/2021,EE-02581,PHARMAGEN
7753820001513,13,AMIKACINA,1g/4ml,AMPOLLA,AMP,AMPOLLA,1,,EE-02712,pharmaGen
7753820001582,13,FLUTICASONA,50 MCG/DOSIS,Aerosol para Inhalación,AEROSOL,Caja Envase Aerosol x 200 Dosis,1,,EE02785,PHARMAGEN
7753820001780,13,BICARBONATO DE SODIO 8.4%,,SOLUCION INYECTABLE,SOLUCION INYECTABLE,CAJA X 25 UNIDADES,25,,EE02902,PHARMAGEN
7753820001827,13,FLUMAZENIL 0.5 MG/5 ML,0.5 mg / 5 ml,SOLUCION INYECTABLE,SOLUCION INYECTABLE,CAJA X 5 UNIDADES,5,,EE04938,PHARMAGEN
7753820001889,13,METFORMINA 850MG CJA TAB X 100,850 MG,COMPRIMIDO,COMPRIMIDO,CAJA,100,1/5/2023,EE-05588,PHARMAGEN
7753820001933,13,FUROSEMIDA 20MG/2M,,SOLUCION INYECTABLE,SOLUCION INYECTABLE,CAJA X 50 UNIDADES,,,EE0558,PHARMAGEN
7753820002039,13,VANCOMICINA,500mg,POLVO PARA SOLUCION INYECTABLE,INYECTABLE,VIAL,1,7/31/2023,EE06236,PHARMAGEN
7753820002046,13,CLINDAMICINA,300mg,CAPSULA,CAPSULA,CAJA CAPSULA,100,7/6/2020,EE01370,PHARMAGEN
775382000257,13,AGUA DESTILADA,5ML,INYECTABLE,INYECTABLE,AMP X 5ML,100,11/14/2015,E-1190-G,PHARMAGEN
7753854000056,13,FRAMICORTILEN,13mg+1mg,Gotas,Solucion,Fco. X 2.5 mL,1,6/6/2013,N24708,SEELAB
7753895000220,13,SILVERAN PLUS CREMA 30G,,,,,1,,,CECI FARMA
7753895000237,13,SILVERAN PLUS,1%,CREMA,CREMA,TUBO,1,,N19719,AMERICA
7753895000251,13,SILVERAN PLUS CREMA 400 GR,,,,,1,,,CECI FARMA
7753895000305,13,AMERITON POMADA 500 GR,,,,,1,,,CECI FARMA
7753895000428,13,CLORHEXIDINA 4% X LITRO,1000 ml,FRASCO,ESPUMA,FRASCO X 1000 ML,,,EN-03021,Quality Pharma E.I.R.L.
7753943000486,13,LUBEK PLUS,500mg/45mg,TABLETAS,TABLETAS,CAJA,50,3/16/2014,N-25627,GABLAN
7753954000581,13,BEROCCA PLUS COMP EFERVESCENTE TUBOX10,,COMPRIMIDO EFERVESCENTE,COMPRIMIDO EFERVESCENTE,TUBO,1,,DE0254,BAYER
7753954001274,13,DEPONIT NT PARCHES 5 X 1,,,,,1,,,SCHERING PERUANA S.A.
7753954001335,13,APRONAX,550mg,Tableta,Tableta,Caja Tab.,120,2/9/2014,N25562,BAYER
7753954001342,13,APRONAX 275MG TABLETA,275mg,Tableta Recubierta,Tab,Caja x 200 Tab,200,,N-12845,BAYER
7753954001359,13,APRONAX,100mg,Tableta,Tableta,Caja Tab.,10,12/8/2012,N16559,BAYER
7753954002172,13,AVELOX,400MG,COMPRIMIDO,COMPRIMIDO,CAJA,7,,E22946,BAYER
7753954002189,13,AVELOX,400 mg,TABLETA,TAB,caja x 5 tab,5,,R.S. N° E-22946,Bayer
7753954002202,13,ASPIRINA 100,100mg,Tableta,Tableta,Caja Tab.,140,11/6/2017,E22787,BAYER
7753954002219,13,ADALAT,10MG,CAPSULA,CAPSULA,CAJA,100,,E22705,BAYER
7753954002257,13,APRONAX SUSx125MGx60ML,,,,,1,,,PRODUCTOS ROCHE Q F S A
7753954002264,13,BETAFERON 0.25 MG X 15 VIAL,0.25 MG,AMPOLLA,AMP,CJA X 15,15,,BE-00920,BAYER S.A
7753954002295,13,STIVARGA,40MG,COMPRIMIDO,COMPRIMIDO,CAJA,1,,EE00145,BAYER
7753954002318,13,ASPIRINA,500mg,CAJA,CAJA,CJA * 100,1,11/24/2016,E0110590000,BAYER
7753954002417,13,VISANE,2 MG.,COMPRIMIDOS,COMPRIMIDOS,CAJA,28,,E-23290,BAYER
7753954002608,13,MIRENA 20 MCG/24 H,,Sistema Terapeutico,Sistema Terapeutico,Unidad,1,,E12148,BAYER S.A.
7753954002745,13,GYNOCANESTEN 6 1% CREMA VAGINAL TU X50G,1%,CREMA VAGINAL,CREMA VAGINAL,TUBO,1,,EE05920,BAYER
7753954002752,13,ASPIRINA ULTRA 500MG COMPRIMIDO CJX100,500 MG,COMPRIMIDO,COMPRIMIDO,CAJA,100,,EE04645,BAYER
77539700,13,SEDA NEGRA # 6/0 TC-10,,,,,1,,,CIRUGIA PERUANA S.A.
7754102000057,13,ORANGITOS,100 MG.,TABLETAS,TABLETAS,CAJA,100,,DE-1320,CSPC PHARMACEUTICA
7754102000330,13,M-VAT,1ML,INYECTABLE,INYECTABLE,AMP X 1ML,10,4/17/2020,EE-00969,DAEWON PHARMACEUTICAL CO. LTD
77541109,13,SEDA NEGRA TRENZADA 1 HR - 35,,,,,1,,,CIRUGIA PERUANA S.A.
7754111653015,13,EMLA,,Crema,Crema,Tubo X 5 g,1,3/27/2010,E8155,ASTRAZENECA
7754371127554,13,MAGNESOL,,Polvo Oral,Polvo,Caja Sachet,2,3/23/2010,N19644,VIDASOL
7754371469821,13,MAGNESOL,,Polvo Oral,Polvo,Dspl. Sachet X 2 g,33,3/23/2010,N19644,VIDASOL
775439000477,13,LYRICA,75 mg,CAPSULA,CAP,Caja x 14,14,,,Pfizer
77544094,13,AMOXIDIN CL 600 IV,600MG,VIAL,POLVO PARA SOLUCIÓN INYECTABLE,FRASCO AMPOLLA,1,,EN00191,MEDIFARMA
77544100,13,AMOXIDIN CL 1200 IV,1200MG,VIAL,POLVO PARA SOLUCIÓN INYECTABLE,FRASCO AMPOLLA,1,,EN00192,MEDIFARMA
7754477000058,13,BICAL TAB 50MG,50MG,CAJA,CJA,CAJA,1,,E21712,INTAS
7754477000195,13,NEUGRAST,300 mcg /mL,SOLUCION INYECTABLE,INYECTABLE,JERINGA PRELLENADA x 1 mL,1,3/30/2019,BE00598,ACCORD
7754477000317,13,SQURO 50 TAB 50MG,50mg,TABLETA,TAB,CAJA,30,,EE01883,INTAS
7754477000324,13,SQURO 200,200 mg,TABLETA DE LIBERACION PROLONGADA,TABLETA,CAJA TABLETA,30,9/17/2020,EE01884,ACCORD
7754477000348,13,ASTROL-1,1mg,CAJA,CAJA,CJA *  30,30,,,INTAS
7754477000393,13,TERODIN TAB 2MG,2mg,TABLETA,TAB,CAJA,30,,EE02194,INTAS
7754477000560,13,DEXODINE,200mcg 2ml,VIAL,VIAL,VIA *   1,1,,,INTAS
7754477000690,13,DOZIL-10,10 mg,Tableta Recubierta,TABLETA,Caja Envase Blíster Tabletas Recubiertas,30,5/30/2022,EE04970,ACCORD
7754477001031,13,CARVEDITAS 25MG,25MG,TABLETAS,TABLETAS,TABLETAS,1,1/1/2020,EE-04883,INTI
7754477001048,13,CARVEDITAS 6.25 MG X 1 TB,,,,,1,,,INTAS PHARMACEUTICALSLTD
7754477001178,13,TOSICORD,37.5 mg/5 mL,CONCENTRADO PARA SOLUCION PARA PERFUSION,INYECTABLE,VIAL x 5 mL,1,2/20/2024,EE07010,ACCORD
7754477001338,13,LAN 30 MG X 1 TABLETA,,,,,1,,,INTAS PHARMACEUTICALSLTD
7754477001345,13,OMETAB-20(OMEPRAZOL 20MG),20 MG,TAB,TAB,CAJA X 100,,,E16214,INTAS PHARMACEUTICALS LTD.
7754477001376,13,CARVEDITAS COMX12.5MGX1,,,,,1,,,INTAS PHARMACEUTICALSLTD
7754477763212,13,DICLOFLAME,75 MG.,INYECTABLE,INYECTABLE,CAJA,10,,E-17532,INTAS
7754510000045,13,METAMIZOL 1GR/ML,1G/ML,AMPOLLA,AMP,CAJA X 25 UNIDADES,25,,NG06150,LUSA
7754662000023,13,DRENOREP 4MG/4ML X 1 AMP,,,,,1,,,ABL PHARMA PERU S.A.C.
7754662000078,13,METAPRED AMPOLLA 500MG,,,,,1,,,OQ PHARMA S.A.C.
7754662000122,13,VANCOCIN,500 mg.,VIA,VIA,VIA,1,,E22671,OQ PHARMA
7754662000153,13,TIGMIN AMP 0.5MG,0.5MG,AMPOLLA,AMP,CAJA,,,E22580,QQ PHARMA
7754662000245,13,FITO-K,10% X 10mg.,AMPOLLA,AMP,CAJA,10,,E22943,OQ PHARMA
7754662000313,13,ESPASS 10 MG TAB (CJA X 100),10MG,TABLETA RECUBIERTA,TABLETA,CAJA X 100 TAB,1,4/14/2016,N-26990,OQPHARMA S.A.C.
7754662000344,13,CLOVIRAX,250mg,VIAL,VIAL,Caja x 10,10,,EE00161,OQ PHARMA
7754662000412,13,FRENADOL 1G X 1TB,,,,,1,,,OQ PHARMA S.A.C.
7754662000481,13,VANCOCIN,500 MG,Sol inyectable,Vial,Caja vial,10,,E-22671,OQ PHARMA S.A.C
7754662000535,13,AZITROMICINA,500 mg,TABLETA RECUBIERTA,TABLETA,CAJA TAB,30,7/18/2024,EE00331,PHARMAGEN
7754662000658,13,AMOXICILINA + AC CLAVULANICO,250MG+62.5/5 L,SUSPENSION,SUSPENSION,SUSPENSION,1,5/1/2019,EN-14846,PORTUGAL
7754662000665,13,VASMED,20 UI/ML,Ampolla,Ampolla,Caja Amp.,5,,EE00569,LABORATORIO OQPHARMA S.A.C.
7754662000689,13,IMIPENEM 500 MG+CILASTATINA 500 MG (SEPTIMEK),500MG+500MG ,VIAL,VIAL,CAJA X 10 UNIDADES,10,,EE00902,OQPHARMA
7754662000955,13,CIPROFLOXACINO,500 mg,TAB RECUBIERTA,TAB RECUBIERTA,CAJA X 100,,,EE02568,OQPHARMA
7754662000962,13,ACICLAV  1g,1 GR,CAJA,COMPRIMIDOS,1g Caja Comp. Rec. x 14,,,EE-02508,LMB H. Colichón S.A.
7754662001112,13,TERTIFIL,1%,Crema,CREMA,Caja Tubo x 20 g,1,5/31/2021,EN03474,OQ PHARMA
7754662001198,13,SUPRERAGEN 1.5MG AMP CJA X 1,1.5MG,AMPOLLA,AMP,CAJA X 1,1,,EE-02481,OQ PHARMA
7754662001228,13,MOXFLIN TAB 400MG,400mg,TABLETA,TAB,CAJA,5,,EE04104,OQ PHARMA
7754662001372,13,SALBUTRIN,100 mg/dosis,AEROSOL PARA INHALACION,AEROSOL,AEROSOL x 200 Dosis,1,3/31/2022,EE04829,OQ PHARMA
7754662001426,13,LIDO-DENT BUCAL 10% SOL TOP FCO X 115 ML CJA X 1,"10,00%",FRASCO,FCO,CJA X 1,1,5/26/2022,EE04961,OQ PHARMA SAC
7754662001433,13,COLISTIPHARM,150 mg,POLVO PARA SOLUCION INYECTABLE,INYECTABLE,VIAL,1,4/27/2022,EE04892,OQ PHARMA
7754662001495,13,WARIPHARM,5 mg,TABLETA,TABLETA,CAJA TABLETA,100,6/23/2022,EN05439,OQ PHARMA
7754662001563,13,DEXMEPHARM,0.2 mg/2 mL,Concentrado para Solución para Perfusión,INYECTABLE,Caja Ampolla x 2 mL,5,8/8/2022,EE05179,OQ PHARMA
7754662001594,13,CARBIPHARM 250MG + 25MG CJA X 100,250MG,TABLETA,TAB,CAJA X 100,2,,DN-0424,IQ FARMA
7754662001655,13,LIDOPHARM 2 % JALEA CAJA x 01 TUBO x 30 g,"2,00%",TUBO,TBO,CJA X 1,1,12/1/2022,EE05505,OQ PHARMA S.A.C
7754662001679,13,PANTOPHARM,40 MG,POLVO PARA SOLUCION INYECTABLE,INYECTABLE,VIAL,1,1/29/2020,EE00679,OQ PHARMA
7754662001716,13,L-BETALOL,20 mg/4 mL,Suspensión Inyectable,INYECTABLE,Caja Ampolla x 4 mL,1,1/22/2023,EE05624,OQ PHARMA
7754662001860,13,DOLOFREN 400mg,400 mg,TABLETA RECUBIERTA,TABLETA,CAJA TAB,100,1/19/2023,EE05621,OQ PHARMA
7754662001938,13,METAPRED,125 mg,POLVO PARA SOLUCION INYECTABLE,INYECTABLE,VIAL,1,3/28/2023,EE05854,OQ PHARMA
7754662001983,13,MUROCYN,2%,UNGUENTO,UNGUENTO,TUBO x 15 g,1,5/8/2023,EE05958,OQ PHARMA
7754662002126,13,NIFEPHARM TAB 10MG,10mg,TABLETA,TAB,CAJA,100,8/7/2023,EE06262,OQ PHARMA
7754662002324,13,PYRIDOS 60MG TAB CJA X 20,60 MG,TABLETA,TAB,CJA X 20,20,11/21/2023,EE06572,OQ PHARMA S.A.C.
7754662002416,13,HIDROSONA,1%,CREMA,CREMA,TUBO x 20 g,1,1/3/2024,EE06874,OQ PHARMA
7754662002454,13,LIDOPHARM,0.02,Jalea,JALEA,Caja Tubo x 10 g,1,12/1/2022,EE05505,OQ PHARMA
7754662002652,13,MOPRESIN,10 mcg/Dosis,SOLUCION PARA PULVERIZACION NASAL,SPRAY NASAL,FRASCO x 5 mL,1,4/12/2024,EE07205,OQ PHARMA
7754662002805,13,HIDROTIAZIDA,25 mg,TABLETA,TABLETA,CAJA TAB,30,4/8/2024,EE07173,OQ PHARMA
7754730002960,13,ETOPOSIDO 100MG/5ML AMP X 1,100mg,SOLUCION,frasco,,1,,,PERULAB
7754734000036,13,CISPLATINO KEMEX,,VIAL,VIAL,VIAL,1,,EG6315,KEMEX
7754734000043,13,CISPLATINO KEMEX,,VIAL,VIAL,VIAL,1,,EG6314,KEMEX
7754734000050,13,CARBOPLATINO KEMEX,,VIAL,VIAL,VIAL,1,,EG6317,KEMEX
7754734000067,13,CARBOPLATINO AMPX450MGX1 (PL),,,,,1,,,PERULAB S.A.
7754734000074,13,BLEOMICINA,15 MG.,INYECTABLE,INYECTABLE,FRASCO,1,,EG-6325,PERULAB S.A.
7754734000081,13,PACLITAXEL KEMEX VIA 100MG 16.7ML,100MG,VIA,VIA,VIA,1,1/4/2017,EG6321,KEMEX
7754734000128,13,FLUOROURACILO KEMEX VIA 250MG  5ML,250mg,VIAL,VIA,VIAL,1,,EE01826,KEMEX
7754734000135,13,FLUORURACILO KEMEX,,AMPOLLA,AMPOLLA,AMPOLLA,1,,EG6337,KEMEX
7754734000142,13,DACARBAZINA KEMEX,200MG,VIAL,VIAL,VIAL,1,,EG6341,KEMEX
7754734000159,13,METOTREXATO KEMEX,,VIAL,VIAL,VIAL,1,,EG6338,KEMEX
7754734000166,13,METOTREXATO KEMEX,,VIAL,VIAL,VIAL,1,,EG6340,KEMEX
7754734000180,13,DOXORRUBICINA 10 MG AMPOLLA (PLA),10 MG/5 ML,AMPOLLA,AMP,CAJA X 1,1,,EG-6342,PERULAB
7754734000197,13,DOXORUBICINA,50MG/25ML,SOLUCION INYECTABLE,SOL.,FRASCO 25mL.,1,,EG-6343,PERULAB S.A.
7754734000227,13,FOLINATO,50mg,VIAL,VIAL,VIA *   1,1,3/20/2012,,KEMEX
7754734000234,13,IFOSFAMIDA 1GR,1GR,INYECTABLE,INYECTABLE,CAJA,1,,EG-6348,PERULAB
7754734000241,13,ACIDO ZOLEDRONICO KEMEX,,VIAL,VIAL,VIAL,1,,EG6350,KEMEX
7754734000265,13,ONDANSETRON 8 MG INYECTABLE,,,,,1,,,PERULAB S.A.
7754734000272,13,IRINOTECAN KEMEX,,VIAL,VIAL,VIAL,1,,EG6352,KEMEX
7754734000289,13,PACLITAXEL KEMEX VIA 30MG 5ML,30MG,VIA,VIA,VIA,1,1/8/2018,EE02669,KEMEX
7754734000296,13,ETOPOSIDO KEMEX VIA 100MG 5ML,100MG,VIA,VIA,VIA,1,1/5/2018,EG6357,KEMEX
7754734000302,13,CITARABINA KEMEX,,VIAL,VIAL,VIAL,1,,EG6360,KEMEX
7754734000319,13,CITARABINA KEMEX,,VIAL,VIAL,VIAL,1,,EG6361,KEMEX
7754734000326,13,DOCETAXEL KEMEX VIA 80MG 2ML,80MG,VIA,VIA,VIA,1,,EG6367,KEMEX
7754734000333,13,DOCETAXEL KEMEX VIA 20MG 0.5ML,20MG,VIA,VIA,VIA,1,,EG6369,KEMEX
7754734000340,13,OXALIPLATINO 50 MG X 1 AMPOLLA (SERV),,,,,1,,,PERULAB S.A.
7754734000357,13,OXALIPLATINO,100 MG.,SOLUCION INYECTABLE,SOLUCION INYECTABLE,FRASCO,1,,EG-6370,PERULAB
7754734000364,13,OSTEOFLEX,,SOBRES,SOBRES,CAJA X 30,30,,DN-0296,PERULAB S.A.
7754734000388,13,VINORELBINA,50 mg. / 5 ml.,VIA,VIA,VIA,1,,EG6380,KEMEX
7754734000395,13,ZOLEDRON,5 MG,AMPOLLA,AMPOLLA,CAJA X 1,1,,E-22509,PERULAB S.A.
7754734000401,13,OSTEOFLEX,1200/1000 MG.,POLVO SOLUCION,POLVO SOLUC.,CAJA  x 30 sb,30,,DN-0301,PERULAB
7754734000418,13,ACIDO PAMIDRONICO KEMEX,,VIAL,VIAL,CAJA,1,,EG6388,KEMEX
7754734000432,13,MESNA KEMEX,,AMPOLLA,AMPOLLA,AMPOLLA,1,,EG6390,KEMEX
7754734000449,13,DAUNORUBICINA KEMEX,,AMPOLLA,AMPOLLA,AMPOLLA,1,,EG6395,KEMEX
7754734000456,13,IDARUBICINA KEMEX,5MG,VIAL,VIA,VIA,1,,EG6400,KEMEX
7754734000463,13,MITOMICINA,20 MG.,INYECTABLE,INYECTABLE,FRASCO,1,,EE-04492,PERULAB
7754734000470,13,TOPOTECAN KEMEX VIA 4MG,4MG,VIAL,VIA,VIAL,1,1/31/2022,EE04783,KEMEX
7754734000487,13,VINCRISTINA AMPX1MGX1,,,,,1,,,PERULAB S.A.
7754734000524,13,VINBLASTINA KEMEX,,VIAL,VIAL,VIAL,1,,EG6478,KEMEX
7754734000555,13,BICALUTAMIDA KEMEX COM 50MG,50MG,COMPRIMIDO,COM,CAJA,28,,EG6487,KEMEX
7754734000562,13,MITOMICINA,2MG,,,2mg Vial x 10ml,1,,,Palmagyar S.A.
7754734000586,13,CALCIO PLUS D FORTE,1500/800 mg,COMPRIMIDOS,COMPRIMIDOS,CAJA  x 30 Tb,30,,DN-0369,Laboratorios Perulab
7754734000616,13,CARMUSTINA,100mg,VIAL,VIAL,VIA *   1,1,11/10/2016,,KEMEX
7754734000630,13,HYALU PLUS,30 MG/2 ML,CAJA,JERINGAS,30mg /2ml Caja Jer. x 1,1,,DM-2955E,Perulab S.A.
7754734000647,13,DOXORUBICINA LIPOSOMAL 20MG/10ML AMP,20MG/10ML,AMPOLLA,AMP,CAJA X 1,1,,EG6513,PERULAB
7754734000814,13,CALCIO PLUS D 400,1500/400 UI,COMPRIMIDOS,COMPRIMIDOS,CAJA  x 30 Tb,30,,DN-0401,Laboratorios Perulab
7754734000845,13,BUSULFANO 60MG/ML INY CJA X 1,60 MG/ML,AMPOLLA,AMP,CJA X 1,1,8/22/2019,EE00373,PERULAB S.A.
7754734000852,13,CICLOFOSFAMIDA 1GR AMPOLLA X1,1gr,SOLUCION,caja,,1,,,PERULAB
7754734000869,13,CICLOFOSFAMIDA 200MG AMPOLLA (PLA),200mg,inyectable,Inyectable,UN,1,9/12/2019,EG6538,KEMEX SA
7754734000951,13,ESOTON,20 MG,Cápsula,Cápsula,Caja Cap.,28,,EN00897,QUESADA FARMACEUTICA S.A.
7754734001064,13,HIDROXIPLUS COM 400MG,400MG,COMPRIMIDO,COM,CAJA,10,3/1/2020,EN01383,LABORAT NATURALES Y GENERICO
7754734001088,13,HIDROXIPLUS,400 mg,COMPRIMIDO RECUBIERTO,TABLETA,CAJA COMP,30,5/8/2025,EN01383,PERULAB
7754734001095,13,OSTEODINE,,FRASCO,FRASCO,Aceite de aguacate + Soja.,,,NE-1374,Perulab S.A.
7754734001149,13,FRIOCAL,,PARCHE,PARCHE,SOBRE,3,,DM10594E,PERULAB S.A
7754734001231,13,ZOLEDRON,5 mg/100mL,Solución Inyectable,INYECTABLE,Caja Frasco x 100 mL,1,9/15/2021,EE04127,PERULAB
7754734001293,13,TRIAMCICORT 40MG/ML INY/IA X 1,40mg/ml,inyectable,INYECTABLE,FRASCO,1,,EN-05045,PERULAB
7754734001347,13,ITAMI 140 MG CAJA X 5,140MG,PARCHE,PARCHE,CAJA X 5,5,,EE-04736,PERULAB SA
7754734001385,13,DOXORUBICINA KEMEX VIA 50MG,50MG,VIAL,VIA,VIAL,,,EG6549,KEMEX
7754734001392,13,DOXORUBICINA,10 MG.,INYECTABLE,INYECTABLE,FRASCO,1,,EG-6506,PERULAB
7754734001415,13,ORAVIL,100 000 UI/2 mL,Solución Oral,SOLUCION,Caja Vial x 2 mL,1,3/21/2022,EE04797,PERULAB
7754734001422,13,DOLPROFEN 400 MG X 30 TABLETA,400MG,TABLETA,TAB,CJAX30,30,,EE-04819,PERULAB
7754734001446,13,ARTRIPLUS,10 MG,COMPRIMIDO,COMPRIMIDO,CAJA X 10 UNIDADES,,,EE04832,DROG. PERULAB S.A.
7754734001453,13,ARTRIPLUS,15 mg,Comprimido,TABLETA,Caja Envase Blíster Comprimidos,4,1/1/2021,EE04833,PERULAB
7754734001521,13,GALAZINE,500 mg,Tableta Recubierta,TABLETA,Caja Envase Blíster Tabletas Recubiertas,30,5/16/2022,EN05357,PERULAB
7754734001583,13,PACLITAXEL KEMEX VIA  30MG 5ML,30MG,VIAL,VIA,VIAL,1,1/1/2019,EE05005,KEMEX
7754734001767,13,VITACOL D3 2000 UI CAP CJA X 30,2000 UI,CAPSULA,CAP,CJA X 30,30,7/17/2022,DE2440,PERULAB S.A.
7754734001910,13,CLAMOP-AC  TAB CJA X 14,20 MG + 500 MG + 500 MG,TABLETA,TAB,CJA X 14,14,10/10/2022,EN05653,PERULAB S.A.
7754734001989,13,TIOPRINE,50 mg,TABLETA,TABLETA,CAJA TABLETA,30,11/21/2022,EE05444,PERULAB
7754734002375,13,BREXI PLUS,150 mg,Tableta Recubierta,TABLETA,Caja Envase Blíster Tableta Recubierta,1,8/1/2023,EE06238,PERULAB
7754734002399,13,GANISET 1 MG CAJA X 10 TABLETAS,1 MG,TABLETA,TAB,CJA X 10,10,11/15/2023,EE06538,PERULAB S.A.
7754734002412,13,GANISET 3MG/3ML SOL INY CJA X 1,3 MG/3 ML,AMPOLLA,AMP,CJA X 1,1,12/10/2023,EE06705,PERULAB S.A.
7754981000018,13,AMOXICLIN CL 12H,875mg+125mg,Tableta Recubierta,Tableta,Caja Tab.,14,1/24/2013,N24251,SIEGFRIED
7754981000094,13,CETRIXIN D,,Jarabe,Solucion,Fco. X 60 mL,1,1/20/2013,N20495,SIEGFRIED
7754981000254,13,AMOXICLIN CL,500mg+125mg,Tableta,Tableta,Caja Tab.,10,7/23/2014,N19318,SIEGFRIED
7754981000278,13,AMOXICLIN CL,250mg+62.5mg/5mL,Polvo para Suspensión Oral,Suspension,Fco. X 60 mL,1,4/22/2014,N19317,SIEGFRIED
7754981000353,13,ALEXCEF,250mg/5mL,Suspensión Oral,Suspension,Fco. X 60 mL,1,2/25/2015,N21594,SIEGFRIED
7754981000360,13,ALEXCEF,500mg,Tableta,Tableta,Caja Tab.,100,2/24/2015,N21592,SIEGFRIED
7754981000551,13,VELOMICIN,250mg/5mL,Polvo para Suspensión Oral,Suspension,Fco. X 60 mL,1,3/9/2015,N21616,SIEGFRIED
7754981000568,13,VELOMICIN,500mg,Cápsula,Capsula,Caja Cap.,100,2/25/2015,N21599,SIEGFRIED
7754981000636,13,DROXILAR,250mg/5mL,Suspensión,Suspension,Fco. X 60 mL,1,4/7/2010,N21686,SIEGFRIED
7754981000643,13,FUROXINOL,500mg,Tableta,Tableta,Caja Tab.,10,4/26/2010,N21731,IQ FARMA
7754981000681,13,DROXILAR,500mg,Cápsula,Capsula,Caja Cap.,48,4/21/2015,N21720,SIEGFRIED
7754981000728,13,URO-CIPROXIL 500,500 mg + 100 mg,Cápsula,CAPSULA,Caja Envase Blíster Cápsulas,100,10/2/2021,EN05618,SIEGFRIED
7754981000735,13,DOBRIX,100MG,CAPSULA,CAPSULA,CAJA,100,,N21810,SIEGFRIED
7754981000759,13,MOXITAR,7.5mg,Tableta,Tableta,Caja Tab.,100,3/16/2015,N21631,SIEGFRIED
7754981000902,13,MOXITAR,15mg,Tableta,Tableta,Caja Tab.,30,3/30/2015,N21674,SIEGFRIED
7754981000919,13,FUROXINOL,250MG/5ML,FRASCO,POLVO SUSP.,250mg /5ml Fco. x 70ml,,,EN-01188,Labotarorios Siegfried S.A.C.
7754981000995,13,AMOXICLIN DUO,875mg,Tableta,Tableta,Caja Tab.,15,4/28/2015,N21738,SIEGFRIED
7754981001008,13,AMOXICLIN DUO,750mg/5mL,Polvo para Suspensión,Suspension,Fco. X 70 mL,1,4/25/2010,N21726,SIEGFRIED
7754981001046,13,CALCIOPLEX - D,,TABLETAS,TAB.,CAJA X 30 TAB.,30,,DN-0137,SIEGFRIED
7754981001107,13,AMOXICLIN DUO RESPIRATORIO,875mg+60mg,Tableta,Tableta,Caja Tab.,15,8/15/2010,N21902,SIEGFRIED
7754981001114,13,AMOXICLIN DUO RESPIRATORIO,750mg+15mg/5mL,Polvo para Suspensión,Suspension,Fco. X 70 mL,1,8/12/2010,N21901,SIEGFRIED
7754981001138,13,KENAFRENT SUSPENSION,4mg/5mL,Suspensión Oral,Suspension,Fco. X 60 mL,1,3/13/2012,N23327,SIEGFRIED
7754981001145,13,KENAFRENT,0.03%,Crema,Crema,Tubo X 60 g,1,3/6/2012,N23303,SIEGFRIED
7754981001152,13,KENAFRENT,0.25% x 60ml,locion,Tópico Fco. Loc. x 60ml,Fco. Loc. X 60ml,1,,N-23301,IQ.FARMA
7754981001206,13,RIVOPAX,2mg,Tableta,Tableta,Caja Tab.,50,7/26/2012,N23695,SIEGFRIED
7754981001220,13,RIVOPAX,0.5mg,Tableta,Tableta,Caja Tab.,100,8/8/2012,N23730,SIEGFRIED
7754981001367,13,ANALGESIUM,10mg,Tableta,Tableta,Caja Tab.,100,12/26/2012,N24164,SIEGFRIED
7754981001510,13,REXIVIN 250MG/50MG TAB CJA X 60,250MG/50 MG,TABLETA,TAB,CJA X 60,60,9/12/2022,EN05852,SIEGFRIED S.A.C.
7754981001534,13,AMOXICLIN CL 12H,600mg+42.9mg/5mL,Polvo para Suspensión,Suspension,Fco. X 75 mL,1,4/8/2013,N24511,SIEGFRIED
7754981001930,13,DROXILAR AB,500mg+30mg,Tableta Recubierta,Tableta,Caja Tab.,10,11/25/2013,N25260,SIEGFRIED
7754981001947,13,DROXILAR AB,250mg+30mg/5mL,Polvo para Suspensión Oral,Suspension,Fco. X 60 mL,1,12/12/2013,N25332,SIEGFRIED
7754981001978,13,MUCOBIOTIC COMPUESTO,,Gotas Oral,Solucion,20 mL,1,11/12/2009,N19421,SIEGFRIED
7754981002227,13,AMOXICLIN DUO 875MG TABLETA CJX50,875 MG,TABLETA,TABLETA,CAJA,50,,EN01088,SIEGFRIED
7754981002234,13,AMOXICLIN DUO RESPIRATORIO,875MG+60MG,TABLETA,TAB,CAJA,50,8/15/2010,N-21902,SIEGFRIED
7754981090439,13,DOLOXANE 25,25mg+500mg,Tableta,Tableta,Caja Tab.,100,11/4/2009,N19406,SIEGFRIED
7754981090507,13,BRONCO AMOXICLIN,500mg+8mg,Tableta,Tableta,Caja Tab.,100,5/10/2010,N19646,SIEGFRIED
7754981357105,13,MUCOBIOTIC COMPUESTO,,Jarabe,Solucion,Fco. X 120 mL,1,11/12/2009,N19421,SIEGFRIED
7754981435001,13,AMOXICLIN,500mg,Tableta,Tableta,Caja Tab.,100,6/18/2011,N18486,SIEGFRIED
7754981435353,13,AMOXICLIN,250mg/5mL,Polvo para Solución Oral,Solucion,Fco. X 60 mL,1,12/28/2013,N17087,SIEGFRIED
7754981435360,13,DICLOXINA,250mg/5mL,Suspensión,Suspension,Fco. X 60 mL,1,2/2/2015,N17807,SIEGFRIED
7754981585331,13,CETRIXIN TAB 10MG X 1,,,,,1,,,SIEGFRIED S.A.
7754981620131,13,DICLOXINA 500 MG TAB CJA X 100,500 MG,TABLETA,TAB,CJA X 100,100,1/13/2019,EN01629,SIEGFRIED S.A.C.
7755173000014,13,ALENOST-70,,TABLETA,TABLETA,CAJA,4,,E17448,LABEX
7755261000018,13,OLANZOS - 10,10mg,Tableta Recubierta,Tableta,Caja Tab.,10,11/18/2015,E22376,IPROFAR
7755421000018,13,LIPOFIBRATO,100mg,Tableta,Tableta,Caja Tab.,30,6/18/2013,N24752,MAQUIFARMA
7755570000020,13,CADER,200 MG,CAP,CAP,BLISTER,100,3/30/2019,N26166,FARMAPERU
7755783555966,13,BICARBONATO-SODIO POLX50GR (ER),,,,,1,,,INSTITUTO BIOQUIMICO ERZA S.A.C.
7755807000038,13,SOINDERMA SPF 70,,GEL,GEL,FRASCO X 150 G,1,,NS0C104,LABOFAR
7755854000029,13,CEFSTAL,500 MG,TABLETAS,TABLETAS,CAJA,10,,E-22703,LIPHARMA SAC
7755854000319,13,DORLIP 2% GOTAS,DORZOLAMIDA,FRASCO X 1 ML,FRASCO X 1 ML,FRASCO,1,7/1/2019,RSN EE-01774,DROG.LPHARMA
7755854000494,13,GLAUCOLIP TIMOLOL,5MG/ML,SOL OFTALMICA,SOL OFTALMICA,FRASCO X 5 ML,,,EE04175,LIPHARMA SAC
7755854000807,13,CEFRALIS,250 MG,SUSPENSION,SUSPENSION,FCO.,1,,EE-05447,LIPHARMA
7755860000020,13,AGUA BIDESTILADA AMPOLLA X 5ML (LAS),,Ampolla,Amp,Caja x 100 amp,100,,E-01192-G,JPS SAC
7755860000044,13,BENCILPENICILINA BENZATINICA,1 200 000 UI,Polvo para Suspensión Inyectable,INYECTABLE,Caja Vial,50,10/18/2020,EE02270,INVERS. JPS
7755860000181,13,CLORURO DE SODIO,0.9%,SOLUCION INYECTABLE PARA INFUSION INTRAVENOSA,SOLUCION INYECTABLE PARA INFUSION INTRAVENOSA,FRASCO X1000 ML,12,1/6/2018,EE-011064,JPS DISTRIBUCIONES EIRL
7755860000242,13,HYOS-B20,20 MG.,INYECTABLE,INYECTABLE,FRASCO,10,,EE-02654,IGLESIAS LOAYZA
7755860000389,13,CLORPH MAX,4 MG.,TABLETAS,TABLETAS,CAJA,100,,EE-04913,JPS
7755860000471,13,ZEGRAVIN,50 mg/5 mL,Solución Inyectable,INYECTABLE,Caja Ampolla x 5 mL,10,11/29/2022,EE05480,INVERS. JPS
7755975000083,13,UV CARE LIPS FPS 50 TUBO X 5 G (HOF),FPS50,BARRA,BARRA,TUX5GR,1,,NSOC14869-13PE,MEDISCIENCE S.A.C
7755975000182,13,DERMATOPIC PH 4.0 SULFUR BARRA X 90 G (HOF),,BARRA,BARRA,BARRA X 90 G,,,NSOC19442-14PE,LABORATORIOS HOFARM S.A.C.
7755975000298,13,HIDRATOPIC PH5 LOCION FRA X 250 ML (HOF),,LOCION,LOCION,FRASCO X 250 ML,,,NSOC22346-15PE,LABORATORIOS HOFARM S.A.C.
7756050000417,13,ENFAMIL CONFORT PREMIUM POLVO LATA  X 400 G ,400G,POLVO,POLVO,LATA X 400G,1,,I1001413ENAMAJH,MEAD JOHNSON NUTRITION
7756050000424,13,ENFAMIL CONFORT PREMIUM POLVO LATA X 900 G (MDJ),900g,POLVO,POLVO,LATAX 900G,1,,I1001413ENAMAJH,MEADJHONSON NUTRICION
7756050000820,13,ENFAMIL PREMIUM 375 GR (MEADJOHNSON),375GR,LATA,LTA,LATA,1,,I1002015E,MEADJOHNSON
7756050000936,13,ENFAGROW PREMIUM PREESCOLAR VAINILLA CAJA X 1100G(MDJ),,POLVO,POLVO,CAJA X 1100 GRAMOS,,, P2919215E NAMAJH,MEAD JHONSON
7756050001087,13,ENFAMIL CONFORT PREMIUM POLVO LATA X 375 G (MDJ),,POLVO,POLVO,LATA X 375 G,,,I1001817E NAMAJH,MEAD JHONSON
7756050001094,13,ENFAMIL CONFORT PREMIUM POLVO LATA X 800 G (MDJ),,POLVO,POLVO,LATA X 800 G,,,I1001817E NAMAJH,MEAD JOHNSON NUTRICION (PERÚ) S.R.L.
7756050001254,13,ENFAMIL PREMIUM 2 POLVO LATA X 850 G (MDJ) ,850G,POLVO,POLVO,LTAX 850G,,,I1001915ENAMAJH,MEAD JHONSONS
7756054000024,13,PANTOMICINA,500mg,Tableta,Tableta,Caja Tab.,100,9/22/2013,E15860,BAGO
7756054000130,13,SUPLENA FCOx8 OZ,,,,,1,,,ABBOTT LABORATORIOS S.A.
7756054000185,13,PANTOMICINA,200mg/5mL,Granulos para Solución,Solucion,Fco. X 80 mL,1,5/26/2013,E15554,BAGO
7756054001120,13,SIMILAC HMF/FORTIFICADOR,Leche descremada concentrado de proteina de suero,Polvo para suspensión,polvo,caja x 50 sobres,50,,I3000411E/NAABLB,Abbott Laboratorios S.A.
7756054001243,13,KLARICID IV,500MG,VIAL,VIAL,CAJA,6,,E22668,ABBOTT
7756054001250,13,AGUA DESTILADA 10 ML,10 ml,SOLUCION INYECTABLE,SOLUCION INYECTABLE,CAJA X 6 UNIDADES,,,EE02453,FARMINDUSTRIA S.A.
7756054001762,13,GLUCERNA FCO X 1L,X1LT,FRASCO,FCO,UNIDAD,1,,DE -1605,ABBOT LABORATORIOS SA
7756054118248,13,BLOPRESS,16mg,Tableta,Tableta,Caja Tab.,30,12/19/2010,E13473,ABBOTT
7756054141390,13,NEPRO LIQ 43% 8OZ,43%,EMULSION,EMULSION,TARRO,1,,DE0573,ABBOTT
7756054166959,13,PANTOMUCOL,200mg/5mL,Granulos para Solución,Solucion,Fco. X 50 mL,1,12/5/2010,E17906,BAGO
7756054166966,13,LUPRON DEPOT,7.5mg,Polvo para Suspensión Inyectable,Inyectable,Vial,1,11/23/2013,E11351,ABBOTT
7756054168236,13,PENTOTHAL SODICO,1g,Polvo para Solución Inyectable,Inyectable,Amp. Liof. x 20 mL,1,7/14/2008,E11067,QUILAB
7756054168960,13,ACTOS,15mg,Tableta,Tableta,Caja Tab.,15,12/2/2010,E17890,ABBOTT
7756054168977,13,ACTOS,30mg,Tableta,Tableta,Caja Tab.,15,12/21/2010,E17961,ABBOTT
7756054169271,13,VALCOTE ER,500mg,Tableta,Tableta,Blist. Tab.,30,6/13/2006,E13943,ABBOTT
7756054170260,13,BLOPRESS,8mg,Tableta,Tableta,Caja Tab.,14,12/18/2010,E13472,ABBOTT
7756054170277,13,BLOPRESS,8mg,Tableta,Tableta,Caja Tab.,30,12/18/2010,E13472,ABBOTT
7756054170284,13,BLOPRESS,16mg,Tableta,Tableta,Caja Tab.,15,12/19/2010,E13473,ABBOTT
7756054434539,13,LUPRON DEPOT,3.75mg,Polvo Liofilizado para Solución Inyectable,Inyectable,Estuche Vial X 2 mL,1,2/3/2014,E21508,ABBOTT
7756133000013,13,ONGLYZA,2.5MG,COMPRIMIDO,COMPRIMIDO,CAJA,28,,E22294,ASTRA - ZENECA
7756133000037,13,KOMBIGLYZE-XR,2.5/1000MG,COMPRIMIDO,COMPRIMIDO,CAJA,56,,E22963,ASTRA - ZENECA
7756133000044,13,KOMBIGLYZE-XR,5/1000MG,COMPRIMIDO,COMPRIMIDO,CAJA,28,,E22967,ASTRA - ZENECA
7756133000051,13,NOTIL,10G,CREMA,CREMA,CAJA TBO X 10 G,1,10/18/2019,N2625,BRISTOL-MYERS SQUIBB
7756133000068,13,ELIQUIS 5MG,5 MG,COMPRIMIDO,COMPRIMIDO RECUBIERTO,CAJA X 60 UNIDADES,60,,EE00150,PFIZER
7756133000075,13,ELIQUIS,5MG,COMPRIMIDO,COM,CJA,20,,EE00150,BRISTOL-MYERS
7756133000082,13,ELIQUIS,2.5,TABLETAS,,CAJA TAB,20,,E22853,BRISTOL MYERS SQUIBB PERU
7756133000099,13,ORENCIA,125mg,CAJA,CAJA,CJA *   4,1,3/7/2016,,BRISTOL-MYERS
7756281000019,13,ANASVITAE COM 1MG,1MG,COMPRIMIDO,COM,CAJA,28,,EE00083,GALENICUM HEALTH
7756281000033,13,EXEVITAE  25 MG,25 MG,COMPRIMIDOS RECUBIERTOS,COMP,CAJA X 30 COMP,30,,R.S. N°. EE-00366,GALENICUM
7756281000040,13,VENLAVITAE-XR,75mg,CAJA,CAJA,CJA *  10,10,6/22/2017,,GALENICUM HEALTH
7756281000057,13,VENLAVITAE-XR,150mg,CAJA,CAJA,CJA *  10,10,6/22/2017,,GALENICUM HEALTH
7756281000064,13,LEVEVITAE 500MG COMP REC CJX10(GHP),500MG,COMPRIMIDO,COMP,Caja X 10,1,7/9/2020,EE01784,GALENICUM HEALTH PERU S.A.C.
7756281000071,13,LEVEVITAE,1000 MG,COMPRIMIDOS RECUBIERTOS,COMP,CAJA X 10 COMP,10,,R.S. N°:EE-01788,GALENICUM
7756281000088,13,OLANZAVITAE X 10MG,10mg,Comprimidos,Com,Caja x 14 tab,14,9/28/2020,EE01928,LABORATORIOS LESVI S.L.
7756281000095,13,IRBEVITAE PLUS CM 150/12.5MG,150/12.5MG,COMPRIMIDO,COM,CAJA,28,4/1/2019,EE02379,GALENICUM HEALTH
7756281000101,13,IRBEVITAE PLUS,300mg /25mg,CAJA,TABLETAS,300mg /25mg Env. x 28,,,EE-02425,SIN ESPECIFICAR
7756281000118,13,IRBEVITAE PLUS 300MG + 12.5MG TAB CJA X 28,300 MG + 12.5 MG,TABLETA,TAB,CJA X 28,28,11/24/2020,EE02377,GALENICUM HEALTH PER
7756281000149,13,GALANVITAE SR 16MG TAB CJA X 7,16MG,TABLETA,TAB,UNIDAD,7,,EE-04495,GALENICUM
7756281000163,13,VALSARVITAE,160 MG,COMPRIMIDO RECUBIERTO,COMPRIMIDO RECUBIERTO,CAJA X 28,28,,EE04486,GALENICUM HEALTH PERU
7756281000200,13,CLOPIVITAE 75mg,75mg,CAJA,COMPRIMIDOS,75mg Caja Comp. Rec. x 28,,,EE-04881,SIN ESPECIFICAR
7756281000453,13,QUETIVITAE 25 MG TAB CJA X 30,25 MG,TABLETA,TAB,CJA X 30,30,5/16/2024,EE07337,GALENICUM HEALTH PERU S.A.C.
7756281000460,13,QUETIVITAE 100 MG TAB CJA X 30,100 MG,TABLETA,TAB,CJA X 30,30,5/16/2024,EE07338,GALENICUM HEALTH PERU S.A.C.
7756597000024,13,CIALIS,5mg,Tableta,Tableta,Caja Tab.,28,5/22/2013,E20667,ELI LILLY
7756597034289,13,MERTHIOLATE PLUS,0.13%,Tintura,Solucion,Fco. X 60 mL,1,1/23/2014,N3263,HERSIL
7756597864466,13,GEMZAR,1g,Inyectable,Inyectable,Vial + Solv. X 50 mL,1,9/29/2012,E10427,ELI LILLY
7757129153461,13,DORMEX,7.5mg,Comprimido,Tableta,Caja Comp.,20,1/7/2013,N16604,FARMINDUSTRIA
7757129153553,13,BRONPAX,15mg/5mL,Jarabe,Solucion,Fco. X 120 mL,1,11/3/2013,N17001,FARMINDUSTRIA
7757129162333,13,MIZONASE,,Ovulo,Ovulo,Caja Ov.,10,3/19/2014,E16339,FARMINDUSTRIA
7757181000024,13,ALBENDAZOL,100mg/5mL,Suspensión,Suspension,Fco. X 20 mL,2,9/21/2010,NG2487,INDUQUIMICA
7757181000116,13,CAPTOPRIL,50mg,Tableta,Tableta,Caja Tab.,100,6/19/2010,NG2418,INDUQUIMICA
7757181000123,13,carbamazepina,200mg,carbamazepina,tab,tabletas,1,1/2/2018,eg-5963,farmindustria
7757181000178,13,CLARITROMICINA,250mg/5mL,Polvo para Suspensión Oral,Suspension,Caja Fco. X 50 mL,1,5/9/2012,NG3334,INDUQUIMICA
7757181000277,13,DOXICICLINA,100mg,Cápsula,Capsula,Caja Cap.,100,9/7/2010,NG2473,INDUQUIMICA
7757181000437,13,IBUPROFENO 400MGX1TAB (IND),,,,,1,,,LABORATORIOS INDUQUIMICA S.A.
7757181000444,13,IBUPROFENO TABX600MGX1 (IND),,,,,1,,,LABORATORIOS INDUQUIMICA S.A.
7757181000475,13,KETOPROFENO 100MG TAB. X 1 (IND),,,,,1,,,LABORATORIOS INDUQUIMICA S.A.
7757181000482,13,KETOROLACO TABX10MGX1 (IND),,,,,1,,,LABORATORIOS INDUQUIMICA S.A.
7757181000505,13,LANSOPRAZOL,30mg,Cápsula,Capsula,Caja Cap.,20,2/8/2012,NG3163,INDUQUIMICA
7757181000512,13,LOPERAMIDA,2mg,Tableta,Tableta,Caja Tab.,100,12/20/2012,NG3582,INDUQUIMICA
7757181000604,13,PIROXICAM,20mg,Tableta,Tableta,Caja Tab.,100,2/25/2014,NG1927,INDUQUIMICA
7757181000628,13,PREDNISONA 50 MG X 1 TAB (IND),,,,,1,,,LABORATORIOS INDUQUIMICA S.A.
7757181000697,13,SILDENAFILO,100mg,Tableta,Tableta,Caja Tab.,2,9/12/2012,NG3442,INDUQUIMICA
7757181000734,13,TERAZOSINA,5mg,Tableta,Tableta,Caja Tab.,10,12/4/2010,NG2561,INDUQUIMICA
7757181000864,13,METOTREXATO 2.5 MG,2.5MG,TABLETA,TAB,CAJA X 100,100,,NG42130,INDUQUIMICA
7757181000901,13,PREDNISONA 5MG/5ML JBE FRA X 120ML,5MG/5ML,JARABE,JARABE,FRASCO,1,,EN03805,INDUQUIMICA
7757181001014,13,METOTREXATO,2.5mg,Tableta,Tableta,Caja Tab.,30,1/23/2014,NG4213,INDUQUIMICA
7757181001540,13,TAMOXIFENO INDUQ,,TABLETA,TABLETA,CAJA,30,,NG4587,INDUQUIMICA
7757181001571,13,MIRTAZAPINA,30mg,Tableta,Tableta,Caja Tab.,30,4/22/2010,NG4630,INDUQUIMICA
7757181001878,13,DEXAMETASONA,4mg,Tableta,Tableta,Caja Tab.,100,3/16/2011,NG4881,INDUQUIMICA
7757181002028,13,METFORMINA,850mg,Tableta,Tableta,Caja Tab.,100,6/20/2011,NG4980,INDUQUIMICA
7757181002172,13,ACICLOVIR INDUQ,400MG,TABLETA,TABLETA,CAJA,100,,NG5091,INDUQUIMICA
7757181002431,13,TERBINAFINA,250mg,Tableta,Tableta,Caja Tab.,30,4/6/2011,NG4913,INDUQUIMICA
7757181002615,13,GASLESS FLASH,40mg,Tableta Masticable,Tableta,Caja Tab.,30,9/23/2013,N25028,INDUQUIMICA
7757181002783,13,NASTILER JBE FCO X 100ML,,,,,1,,,LABORATORIOS INDUQUIMICA S.A.
7757181002806,13,SLIMELLA,120mg,Cápsula,Capsula,Caja Cap.,30,1/8/2014,N25424,INDUQUIMICA
7757181002837,13,GRIPPQUIM,,Tableta,Tableta,Caja Tab.,10,5/8/2012,N23473,INDUQUIMICA
7757181002899,13,MAGSIUM,,Polvo Oral,Polvo,Caja Sob. X 2 g,33,3/9/2014,N25620,INDUQUIMICA
7757181002912,13,ZATRIN COMPOSITUM,500mg+100mg,Tableta Recubierta,Tableta,Caja Tab.,30,7/23/2014,N25930,INDUQUIMICA
7757181003117,13,ZATRIN REXAL X 1 TAB,,,,,1,,,LABORATORIOS INDUQUIMICA S.A.
7757181003186,13,"GASLESS MAX, SABOR A CANELA",80mg,Tableta Masticable,Tableta,Caja Tab.,30,8/5/2014,N25949,INDUQUIMICA
7757181003315,13,DIMENHIDRINATO,50 MG,TABLETAS,TABL,TABLETAS,1,1/11/2017,NG-6185,QUILAB
7757181003698,13,GASLESS FLASH X 1 TAB MAST,,,,,1,,,LABORATORIOS INDUQUIMICA S.A.
7757310000031,13,MUCOVIT,,Crema,Crema,Tubo X 60 g,1,4/26/2010,N19628,HERSIL
7757310000482,13,GASEOPLUS SABOR A FRESA,80mg/mL,Suspensión Oral,Suspension,Fco. X 15 mL,1,4/21/2013,N20634,HERSIL
7757310000499,13,OSTEOVIT-D3,315MG/200UI,TABLETA,TABLETA,CAJA,100,,DN0068,HERSIL
7757310000505,13,OSTEOVIT D3 X  1 TAB,,,,,1,,,HERSIL S.A.
7757310000642,13,LIBBERA,5mg,Tableta Recubierta,Tableta,Caja Tab.,100,3/19/2014,N21120,HERSIL
7757310000659,13,LIBBERA,5mg,Tableta Recubierta,Tableta,Caja Tab.,10,3/19/2014,N21120,HERSIL
7757310000796,13,MAXIMUS,,Tableta,Tableta,Caja Est. Tiras Tab. (1 + 7),4,4/21/2014,N21163,HERSIL
7757310000925,13,FLUCONAZOL CAP,150MG,CAPSULA,CAP,UNIDAD,2,9/30/2018,EN-02310,FARMAINDUSTRIA
7757310000987,13,AXIUS,15mg,Tableta,Tableta,Caja Tab.,100,2/28/2010,N21600,HERSIL
7757310001144,13,OSTEOVIT D3 X 100 TAB,,,,,100,,,HERSIL S.A.
7757310001168,13,LIBBERA,5mg/mL,Gotas,Solucion,15 mL,1,3/21/2010,N21651,HERSIL
7757310001175,13,LIBBERA,2.5mg/5mL,Jarabe,Solucion,Fco. X 60 mL,1,3/21/2010,N21649,HERSIL
7757310001274,13,TERNESIL,,Crema,Crema,Tubo X 90 g,1,4/18/2011,N22498,HERSIL
7757310001281,13,PYRIDIUM,100mg,Tableta,Tableta,Caja Tab.,100,6/27/2011,N22648,HERSIL
7757310001304,13,TERNESIL,20 GRAMOS%,,CREMA,20 GRAMOS,1,2/1/2021,,HERSIL S.A.
7757310001502,13,LIBBERA D,,Gotas,Solucion,15 mL,1,6/28/2011,N22655,HERSIL
7757310001519,13,LIBBERA D,,Jarabe,Solucion,Fco. X 60 mL,1,7/3/2011,N22657,HERSIL
7757310001526,13,LIBBERA D,,Cápsula,Capsula,Caja Cap.,10,10/24/2011,N22959,HERSIL
7757310001533,13,LIBBERA-D,5/240 MG,CAPSULA,CAPSULA,CAJA,100,,N22959,HERSIL
7757310001601,13,VERTE,120mg,Cápsula,Capsula,Caja Cap.,60,6/7/2011,N22598,HERSIL
7757310001717,13,MAXIMUS PLUS TAB CJA X 32,ACIDO ALEANDRONICO 70MG,TABLETA,TAB,CAJA X 32,32,,EN-04082,HERSIL SA
7757310001816,13,MERTHIOLATE,0.13%,Spray,Solucion,50 mL,1,7/14/2013,N18950,HERSIL
7757310001861,13,SILDENAFILO 50 MG,50MG,TABLETA,TAB,CAJA X 10 UNIDADES,10,,NG05597,HERSIL
7757310001878,13,SILDENAFILO 50 MG TAB CJA X 10 (HERSIL),50 MG,TABLETA,TAB,CJA X 10,10,5/28/2023,EN02018,HERSIL S.A.
7757310001915,13,PYRIDIUM COMPLEX,400MG+50MG,CAPSULA,CAP,CAJA X 100 UNIDADES,100,,N024881,HERSIL
7757310002035,13,TABRON,,Solución Oral,Solucion,Caja Fco. X 345 mL,1,1/19/2014,N25486,HERSIL
7757310002158,13,TABRON PRENATAL,0.02 g/g,TABLETAS,TABLETAS,Caja x 30,,,E-21864,HERSIL
7757310002165,13,PROSTASIL,0.5mg,Cápsula Blanda,Capsula,Caja Cap.,30,12/31/2013,E21376,FRANCAR
7757310002196,13,FLUIXX 200MG SOBRE X 1G CAJAX30,200 MG,POLVO,POLVO,CAJA,20,,EN03184,HERSIL
7757310002219,13,FLUIXX,100 MG/5 ML,JARABE,JBE.,ENVASE X 120 ML,1,,N-25506,HERSIL
7757310002226,13,HIEDRATOS JBE X 100ML,35MG/07G,FRASCO,FRASCO,FCO. 100ML,1,,PNN-0515,HERSIL S.A
7757310002240,13,FERRONICUM,,Solución Oral,Solucion,Fco. X 345 mL,1,3/23/2014,N25638,HERSIL
7757310002356,13,ESCALDEX CREMX20GR,,,,,1,,,HERSIL S.A.
7757310002622,13,ALERGICAL NEO,2mg - 5mg / 5ml,Jarabe,Jarabe,Fco. Jbe. x 60ml,1,11/1/2020,EN - 01853,HERSIL
7757310002639,13,ALERGICAL NEO GOTAS,CLORFENAMINA+FENILEFRINA,FRASCO X 15 ML,FRASCO X 15 ML,FRASCO,1,1/4/2018,EN-01190,HERSIL
7757310003223,13,HANALGEZE 10 MG,10 MG,TABLETA,TAB CON CUBIERTA ENTERICA,CAJA X 50 UNIDADES,50,,2720200,HERSIL
7757310003247,13,CIPROLIN,500mg,Tableta Recubierta,Tableta,Caja Tab.,10,10/12/2009,E12226,ABEEFE BRISTOL
775731000326,13,MADDRE POLVO,360 G,POLVO,POLVO,FRASCO DE 360  G,1,,A3500314N,HERSIL S.A.
7757310003308,13,CORIFAN,100 mg. / 1 ml.,SOLUCION,SOLUCION,AMPOLLA,1,,N17211,HERSIL
7757310003322,13,CORIFAN 2 MG/5 ML,CLORFENAMINA,FRASCO X 120 ML,FRASCO X 120 ML,FRASCO,1,1/6/2020,N-27198,HERSIL
7757310003506,13,HANALGEZE 60 MG/2ML,60MG/2ML,AMPOLLA,AMP,CAJA X 1 UNIDAD,1,,EN00046,HERSIL
7757310003520,13,HANALGEZE 30 MG/ML,30MG/ML,AMPOLLA,AMP,CAJA X 2 UNIDADES,2,,EN00042,HERSIL
7757310003858,13,CORIFAN,4 mg.,TABLETA,TABLETA,CAJA,50,,N27199,HERSIL
7757310003889,13,FLUIXX 600MG SOBRE,600MG,SOBRES,SOBRES,CJA x 30 sobres,30,,E23171,HERSIL S.A
7757310003926,13,MADDRE,360G,PLV,FCO,FCO X 360G,1,5/1/2018,E-11320,HERSIL
7757310004534,13,FLAVOXIL 200MG,200 MG,TABLETAS,TAB,CJA,20,6/17/2019,N27382,HERSIL
7757310004688,13,PROSTASIL PLUS,0.5MG/ 0.4MG,CAPSULAS,CAPSULAS,CAJA,30,,EE-00444,HERSIL
7757310004701,13,MADDRE POLVO CON DHA,400 G,LECHE EN POLVO DESCREMADA,POLVO,TARRO,1,1/7/2017,P2992314N,HERSIL S.A.
7757310004732,13,MADDRE POLVO,POTE 360G,POLVO ORAL,POLVO ORAL,UNIDAD,,,P299221,HERSIL
7757310004855,13,DOLORAL 400MG,400 MG,TABLETAS RECUEBIERTAS,TABLETAS,Dispenser Tab. x 100,100,1/1/2020,EN - 02057,HERSIL
7757310005234,13,CORIFAN GTS,1MG,FRASCO,FCO,FRASCO,1,,N27427,HERSIL
7757310005296,13,UROPOL 500 MG  (HERSIL),500 MG,TABLETAS,TABLETAS,TABLETAS,1,,EN-952,HERSIL
7757310005746,13,ALERGICAL SF TABLETA CJX100,,TABLETA,TABLETA,CAJA,100,,EN02556,HERSIL
7757310005937,13,FERROSIL,50mg/ml,SOLUCIÓN ORAL,SOLUCIÓN ORAL,GOTAS,1,5/1/2019,EN-02761,HERSIL
7757310006095,13,XILEVA TAB 5MG,5MG,TABLETA,TAB,CAJA,,,EN03755,HERSIL
7757310006392,13,IBP,20mg,RABEPRAZOL,IBP,COMPRIMIDOS RECUBIERTOS,14,4/1/2019,EE-04360,HERSIL
7757310006934,13,MADDRE DHA FCO X 30 CB,,CAPSULA,CAP,CAJA X 30,30,,DE-02482,HERSIL
7757310007047,13,AKNEMIN,100 mg,CAPSULA,CAPSULA,CAJA CAPSULA,30,3/16/2023,EE05807,HERSIL
7757310007214,13,INFURIN,100 mg,Cápsula de Liberación Prolongada,CAPSULA,Caja Envase Blister Cápsula de Liberación Prolongada,20,4/27/2023,EE05928,HERSIL
7757310078238,13,AMOXICILINA,500mg,Tableta,Tableta,Caja Tab.,100,3/18/2012,NG3268,HERSIL
7757310148559,13,BRONCO-PULMIN,12 0ML,JARABE,JBE.,ENV. X  120 ML,1,,N-19152,HERSIL
7757310216906,13,DOLORAL,5%,Gel,Gel,Tubo X 20 g,1,9/9/2011,N18541,HERSIL
7757310221443,13,DOLORAL,200mg,Tableta,Tableta,Disp. Tab.,100,7/16/2013,N16766,HERSIL
7757310226455,13,DOLORAL,400mg,Tableta,Tableta,Caja Tab.,100,7/15/2009,N17526,HERSIL
7757310235532,13,BRONCOPULMIN,2.9MG,TABLETA,TAB,CAJA X 100,100,,N197120,HERSIL
7757310245906,13,DIGOXINA HERSIL,0.25MG,TABLETA,TABLETA,CAJA,500,,NG1838,HERSIL
7757310248372,13,MUCOVIT B NF,,SOLUCION ORAL,SOLUCION ORAL,FRASCO GOTERO x 15 mL,1,6/12/2018,N20698,HERSIL
7757310248402,13,MUCOVIT NF,,Gotas,Solucion,15 mL,1,5/19/2013,N20662,HERSIL
7757310272384,13,METILDOPA,250 MG,METILDOPA,METILDOPA,TABLETA,1,1/6/2018,N-537,HERSIL
7757310274081,13,CLORFENAMINA,4mg,Tableta,Tableta,Caja Tab.,100,12/10/2010,NG0028,IQ FARMA
7757310277396,13,GASEOPLUS,40mg,Cápsula Blanda,Capsula,Caja Cap.,40,4/16/2012,E14546,HERSIL
7757310277419,13,GASEOPLUS,80mg/mL,Gotas,Solucion,Fco. X 15 mL,1,2/15/2014,N17242,HERSIL
7757310282468,13,TOPICREM,,Crema,Crema,Tubo X 10 g,1,5/28/2012,N18745,HERSIL
7757310288927,13,BETACREM,0.05%,Crema,Crema,Tubo X 20 g,1,8/4/2012,N18793,HERSIL
7757310318365,13,INFECTRIM FORTE,800mg+160mg,Tableta,Tableta,Caja Tab.,100,12/22/2012,N18860,HERSIL
7757310329071,13,PREDNISONA,5mg,Tableta,Tableta,Caja Tab.,100,12/17/2011,NG416,HERSIL
7757310329088,13,PROPRANOLOL 40 MG X 100 TB,40 mg,TABLETAS,TABLETAS,CAJA X 100,1,,RS-542,HERSIL
7757310357784,13,ALERGICAL LP,,Jarabe,Solucion,Fco. X 60 mL,1,2/21/2010,N19566,HERSIL
7757310360784,13,AZO CEFASABAL,100mg,Tableta Recubierta,Tableta,Caja Tab.,100,9/20/2009,N12982,HERSIL
7757310376938,13,MAGAL D,,Suspensión Oral,Suspension,Fco. X 200 mL,1,5/26/2012,N18742,HERSIL
7757310401197,13,DOLORAL,40mg/mL,Gotas Oral,Solucion,15 mL,1,5/26/2013,N18918,HERSIL
7757310406772,13,GENTASIL AMPx160MG2ML x1,,,,,1,,,HERSIL S.A.
7757310415835,13,ISORBIDE,5mg,Tableta Sublingual,Tableta Sublingual,Caja Tab.,25,3/6/2013,N5195,HERSIL
7757310415842,13,ISORBIDE,10mg,Tableta,Tableta,Caja Tab.,20,8/9/2012,N5084,HERSIL
7757310415880,13,GEROMUCOVIT NF,,Cápsula,Capsula,Caja Cap.,100,1/8/2012,N12774,HERSIL
7757310415903,13,MUCOVIT NF,110ml,FRASCO,JARABE,Jbe. x 110ml,,,DN-0174,Lab. Hersil S.A.
7757310415927,13,MUCOVIT,,Crema,Crema,Tubo X 30 g,1,4/26/2010,N19628,HERSIL
7757310415972,13,URO CEFASABAL NF,400mg,Tableta,Tableta,Caja Tab.,60,2/16/2013,N13891,HERSIL
7757310424172,13,INFURIN,25mg/5mL,Suspensión,Suspension,Fco. X 120 mL,1,11/8/2013,N14995,HERSIL
7757310428507,13,MUCOVIT NF,,Cápsula,Capsula,Caja Cap.,100,9/27/2011,N4784,HERSIL
7757310430234,13,INFECTRIM,200mg+40mg/5mL,Suspensión Oral,Suspension,Fco. X 60 mL,1,7/9/2013,N18938,HERSIL
7757310430241,13,INFECTRIM FORTE,400mg+80mg,Suspensión Oral,Suspension,Fco. X 100 mL,1,7/2/2013,N18933,HERSIL
7757310430258,13,MADDRE POLVO X 360 G,360 G,POLVO,PLV,FCO X360 G,1,,I600011ONAHRSA,HERSIL
7757310446334,13,DOLORAL 100mg /5ml JBE x 60ml,100 MG/5 ML,FRASCO,FCO,CJA X 1,1,7/19/2018,EN02007,HERSIL S.A.
7757310446372,13,CEFASABAL,225MG,TABLETA,TABLETA,CAJA,100,,PNN0029,HERSIL
7757310459617,13,DOLORAL,400mg,Tableta,Tableta,Caja Tab.,10,7/15/2009,N17526,HERSIL
7757310483346,13,MADDRE DSS,,Tableta,Tableta,Caja Tab.,30,9/6/2010,N19755,HERSIL
7757310511544,13,DIGOXINA HERSIL,0.25MG,TABLETA,TABLETA,CAJA,100,,NG1838,HERSIL
7757310550673,13,ALERGICAL LP,,Cápsula,Capsula,Caja Cap.,100,2/28/2011,E13668,HERSIL
7757310559027,13,MAGAL II,,Suspensión,Suspension,Fco. X 150 mL,1,8/27/2013,N18982,HERSIL
7757310576307,13,INFECTRIM BALSAMICO,,Suspensión,Suspension,Fco. X 100 mL,1,5/11/2009,N19242,HERSIL
7757310636940,13,ACIDO FOLICO,0.5 MG,TABLETA,TAB.,CAJA X 30 TAB.,30,,NG-826,HERSIL
7757310684125,13,MERTHIOLATE PLUS-INCOLOROx60ML,,,,,1,,,HERSIL S.A.
7757310684149,13,MERTHIOLATE PLUS-TINTURAx60ML,,,,,1,,,HERSIL S.A.
7757310693196,13,ALERGICAL SF,,Gotas Oral,Solucion,15 mL,1,1/22/2011,N19861,HERSIL
7757310693202,13,ALERGICAL SF,,Jarabe,Solucion,Fco. X 110 mL,1,1/22/2011,N19861,HERSIL
7757310693219,13,ALERGICAL SF,,Solución Oral,Solucion,Caja Fco. X 60 mL,1,1/29/2011,N19867,HERSIL
7757310693226,13,ALERGICAL SF,,Tableta,Tableta,Caja Tab.,100,1/23/2011,N19862,HERSIL
7757310789820,13,AZOFLOX,400mg+50mg,Cápsula,Capsula,Caja Cap.,100,3/6/2012,N20155,HERSIL
7757310999540,13,TONIKON,,Jarabe,Solucion,Fco. X 345 mL,1,3/11/2013,N20581,HERSIL
7757686304214,13,ALCOHOL  MEDICINAL,60ML,SOLUCION,FRASCO,FRASCO X 60 ML,1,1/4/2021,N-01945-G,ERZA
7757686304221,13,ALCOHOL  MEDICINAL,120ML,SOLUCION,FRASCO,FRASCO X 120 ML,1,1/11/2020,N-01945-G,ERZA
7757686304238,13,ALCOHOL  MEDICINAL,250ML,SOLUCION,FRASCO,FRASCO X 250 ML,1,1/3/2021,N-01945-G,ERZA
7757686304245,13,ALCOHOL  MEDICINAL,500ML,SOLUCION,FRASCO,FRASCO X 500 ML,1,1/2/2021,N-01945-G,ERZA
7757686304542,13,BICARBONATO DE SODIO 100 G - PLV (FRASCO GRANDE) (ERZA),100 GR,FRASCO,FCO,CJA X 1,1,1/8/2021,GN0062,INSTITUTO BIOQUIMICO ERZA S.A.C.
7757686304559,13,BICARBONATO SODIO POLVOX100 G.,100g,Polvo,Fco,Fco x 100G,1,,N-01356-G,Erza
7758112000014,13,FLUMIL,150 MG,CAJA,CAPSULAS,150mg Caps. x 1,,,EN-01386,Representaciones Farmacéuticas S.A.
7758112000021,13,LISOLAC 35MG/ML GOTA PED FRASCO X 20ML,35MG/ML,GOTAS,GOTAS,FRASCO,1,,EN03917,EUROFARMA
7758112000038,13,AZATIOPRINA TABx50MGx24,50MG,TABLETAS,,CAJA,24,,,EUROFARMA
7758112000052,13,ESPIRONE,25 mg,Tableta Recubierta,TABLETA,Caja Envase Blister Tabletas,20,10/30/2019,EN05185,EUROFARMA PERU
7758112000069,13,SULCONAR,,,BLISTER,Blst. Tab. x 30,,,EN-01267,Lab. Carrion S.A.C.
7758112000090,13,CEFALOGEN I.M. AMPx1GR,1GR,AMPOLLA,,CAJA,1,,,EUROFARMA
7758112000168,13,CEFALOGEN I.V. AMPx1GR,1gr,AMPOLLA,CAJA,CAJA X 1,1,,,EUROFARMA
7758112000205,13,BISMUCAR CEREZA SUSx150ML,,SOLUCION,FRASCO,FRASCO X 150 ML,1,,,TEVA
7758112000335,13,BISMUCAR SUSP FRESA 340 ML,,SOLUCION,,FRASCO,1,,,EUROFARMA
7758112000380,13,RHINO-CLO,"0,65%",CLORURO DE SODIO,CLORURO DE SODIO,SOLUCIÓN NASAL,1,10/1/2020,EN-03016,EUROFARMA
7758112000434,13,TAMSUCAR 0.4 MG X 30 CAP,0.4mg,CAPSULA,caja,,30,,,CARRION
7758112000502,13,ORFENADRINA CITRATO,100 mg,Tableta de Liberación Prolongada,TABLETA,Caja Envase Blíster Tabletas de Liberación Prolongada,100,8/25/2019,EN02558,FARMINDUSTRIA
7758112000649,13,LEVOTUZ,0.00004,FRASCO,FRASCO,FCO *   1,1,6/19/2017,N0235000001,EUROFARMA
7758112000823,13,GLUCOMAX  MSM 8 G POL EFER.CJx30(EUP),8 G,POLVO,POLVO,CAJA X 30,30,,DN0488,EUROFARMA
7758112001196,13,ANZATAX TAB 2MG,2MG,TABLETA,TAB,CAJA,20,1/10/2015,EN00499,EUROFARMA
7758112001288,13,FOSMIN,70 mg,Tableta,TABLETA,Caja Envase Blister Tabletas,4,10/2/2020,EN02272,EUROFARMA PERU
7758112001356,13,WARFARINA SODICA,5 mg,Tableta,TABLETA,Caja Envase Blister Tabletas,100,4/12/2021,EN03106,EUROFARMA PERU
7758112001370,13,TRANSAMIN 1G 10%AMPx10ML,0.1,ampolla,caja,,1,,,CARRION
7758112001387,13,TRANSAMIN,250 MG,CAPSULAS,CAPSULAS,Caps. x 12,12,4/1/2021,EN-01028,EUROFARMA
7758112001400,13,BENZUM 2MG TAB. X 100,2MG,TABLETAS,TABLETAS,CAJA,,,RSN-17569,EUROFARMA
7758112001462,13,BISMUCAR CEREZA X 340ML,,SOLUCION,FRASCO,FRASCO X 340 ML,1,,,TEVA
7758112001486,13,TOBAM F-PLUS,2MG,TABLETAS,TAB,CAJ X 100,,,EN-00450,EUROFARMA
7758112001530,13,ESPIRONE,100 mg,Tableta Recubierta,TABLETA,Caja Envase Folio Tabletas,20,1/5/2020,EN00625,EUROFARMA PERU
7758112001554,13,MINOXIDIL 5% SOLUC. TOPICA FRASCO X 60ML,5%,SOLUCION TOPICA,SOLUCION TOPICA,FRASCO,1,,EN02014,EUROFARMA
7758112001585,13,GINNA,,Crema,Crema,Tubo x 40 g,1,,EE01602,EUROFARMA LABORATORIOS LTDA
7758112001639,13,BISMUCAR SABOR A CEREZA,262 mg,Tableta Masticable,TABLETA,Caja Envase Blister Tabletas,100,1/31/2019,EN00154,EUROFARMA PERU
7758112001646,13,PERCOF,30Mmg,LEVODROPROPIZINA,JARABE,120ml,1,8/1/2019,EN-04575,EUROFARMA
7758112001660,13,AZATIOPRINA,50 mg,Tableta,TABLETA,Caja Envase Blister Tabletas,100,3/22/2022,EN05123,EUROFARMA PERU
7758112001691,13,LAXANOVA NF,4 MG / 4 ML,SOL RECTAL,RECTIOLAS,APLICADORES,6,3/30/2019,EN04956,EUROFARMA
7758112001707,13,MUCOCAR 600MG SOBRE CAJA X 20,600 MG,POLVO,POLVO,CAJA,20,,EN04836,EUROFARMA
7758112001714,13,FILINAR,50 mg/5 mL,Solución Oral,SOLUCION,Caja Frasco x 120 mL,1,12/29/2021,EN05067,EUROFARMA PERU
7758112001721,13,ASTROCINA x 60,500 MG,CAJA,COMPRIMIDOS,500mg Comp. Rec. x 60,,,EE-02366,Lab. Carrion S.A.C.
7758112001738,13,ERGICO 2.5 MG / 5ML,2.5MG,FRASCO,FCO,FRASCO,1,,EN-04972,EUROFARMA PERU SAC
7758112001769,13,ONTRONA TAB 8MG,8mg,TABLETA,TAB,CAJA,100,,EN01765,EUROFARMA
7758112001875,13,AZATIOPRINA EUROFARMA TAB 50MG,50mg,TABLETA,TAB,CAJA,30,3/22/2022,EN05123,EUROFARMA
7758112001936,13,GALANTINA 8MG CAPSULAS LP CJA X 10 CAP,8 MG,CAPSULA,CAP,CJA X 10,10,6/11/2023,EN06176,EUROFARMA PERU S.A.C.
7758112001943,13,GALANTINA 16MG CAPSULAS LP CJA X 10 CAP,16 MG,CAPSULA,CAP,CJA X 10,10,6/11/2023,EN06177,EUROFARMA PERU S.A.C.
7758112002124,13,GASPAN,40 mg,COMPRIMIDO RECUBIERTO GASTRORRESISTENTE,TABLETA,CAJA COMP,28,2/11/2024,EE06990,EUROFARMA
7758270053921,13,GINGISONA LNF,,Solución,Solucion,Fco. X 30 mL,1,3/8/2014,N21104,MEDCO
7758270147682,13,CLARIBIOT,500mg,Tableta,Tableta,Caja Tab.,10,1/7/2010,N19514,MEDCO
7758270148436,13,CLARIBIOT,500mg,Tableta,Tableta,Caja Tab.,50,1/7/2010,N19514,MEDCO
7758270155205,13,TRINEURAL COMPUESTO NF,,Inyectable,Inyectable,Amp. I/II (2 mL + 3 mL),1,4/3/2013,E20538,MEDCO
7758270193252,13,FINTEL,100mg/5mL,Suspensión,Suspension,Caja Fco. X 20 mL,2,3/12/2012,N20162,MEDCO
7758270193306,13,CLOTIL,1%,Crema,Crema,Tubo X 10 g,1,2/17/2010,N17834,MEDCO
7758270193313,13,CLOTIL COMPUESTO,,Crema,Crema,Tubo X 10 g,1,9/22/2013,N16965,MEDCO
7758270208956,13,CLOTIL COMPUESTO,,Crema,Crema,Tubo X 20 g,1,9/22/2013,N16965,MEDCO
7758270209007,13,SILVERDIAZINA,1%,Crema,Crema,Tubo X 50 g,1,3/1/2010,N19576,MEDCO
7758270210485,13,FENALGINA NF,1g/2mL,Inyectable,Inyectable,Caja Amp. X 2 mL,1,7/16/2012,E19563,MEDCO
7758270436281,13,ESCAPIN,10mg,Tableta,Tableta,Caja Tab.,20,5/6/2015,N21747,MEDCO
7758270436298,13,ESCAPIN,20mg/mL,Inyectable,Inyectable,Amp. X 1 mL,1,9/6/2012,E19743,MEDCO
7758270458351,13,PROVON,100mg/5mL,Suspensión,Suspension,Fco. X 60 mL,1,4/11/2015,N17916,MEDCO
7758270649889,13,MELOXIC,7.5mg,Tableta,Tableta,Caja Tab.,10,12/13/2013,N19117,MEDCO
7758328480037,13,RENAGEL,800MG,COMPRIMIDO,COMPRIMIDO,CAJA,180,,E18206,GENZYME
7758586000015,13,CYPLERSAMEX,20ui,CAJA,CAJA,CJA *   5,5,6/15/2017,,UNITED BIOTECH LIMIT
7758586000022,13,ZOMIPRERIN-PD,50 mg,POLVO PARA SOLUCION INYECTABLE,INYECTABLE,VIAL,1,6/28/2021,EE03398,DISTOLOZA
7758586000053,13,SOL-U-PRED,500 mg,POLVO PARA SOLUCION INYECTABLE,INYECTABLE,VIAL,1,9/29/2020,EE01933,DISTOLOZA
7758624000038,13,ALENOST 70MG TABLETA CAJA X 4,70MG,TABLETA,TABLETA,CAJA,4,6/24/2020,EE01550,
7758703001168,13,XGEVA 120MG AMPX1.7ML,120MG,AMPOLLA,AMPOLLA,AMPOLLA X 1.7 ML,1,,BE00918,PFIZER
7758713000031,13,PANADOL,500mg,Tableta Masticable,Tableta,Caja Tab.,50,8/26/2012,E14831,GSK
7758713000055,13,PANADOL INFANTIL,,Jarabe,Solucion,Fco. X 60 mL,1,5/5/2008,N12278,GSK
7758713000116,13,PANADOL,500mg,Tableta,Tableta,Caja Tab.,48,8/26/2012,E14831,GSK
7758713000147,13,ECOTRIN,100mg,Gragea,Tableta,Caja Grag.,100,3/20/2010,E8137,GSK
775871300031,13,PANADOL,500 mg,TABLETA,TAB,Caja x 100,100,,R.S. N° E-14831,Glaxo Simth Klein
7758713000352,13,PANADOL EFERVESCENTE,,Tableta,Tableta,Caja Tab.,24,3/3/2010,E17160,GSK
7758713000574,13,PANADOL FORTE,,Tableta Recubierta,Tableta,Caja Tab.,48,10/21/2010,E17715,GSK
7758713000642,13,SEROXAT CR,25mg,Tableta,Tableta,Caja Tab.,10,12/15/2013,E16079,GSK
7758713000680,13,AVODART,0.5mg,Cápsula,Capsula,Caja Cap.,30,2/1/2011,E18117,GSK
7758713000895,13,ECOTRIN,100mg,Tableta con Cubierta Entérica,Tableta,Caja Tab.,112,2/11/2016,E22431,GSK
7758713000901,13,ECOTRIN,100mg,Tableta con Cubierta Entérica,Tableta,Caja Tab.,28,2/11/2016,E22431,GSK
7758713000918,13,AMOXIL,250mg/5mL,Polvo para Suspensión Oral,Suspension,Caja Fco. X 60 mL + Cucharita,1,1/28/2016,E22424,GSK
7758713000925,13,CARVIDEX,12.5MG,TABLETA,TABLETA,CAJA,30,,E18729,GLAXO
7758713000932,13,CARVIDEX,25MG,TABLETA,TABLETA,CAJA,30,,E18736,GLAXO
7758713000949,13,CARVIDEX,6.25MG,TABLETA,TABLETA,CAJA,30,,E18730,GLAXO
7758713000970,13,PANADOL FORTE,500 MG,TABLETAS,TABLETAS,CAJA,48,,E-22545,GSK
7758713000994,13,REVOLADE 25MG TAB X 1,,,,,1,,,GLAXOSMITHKLINE PERU S.A.
7758713001045,13,AMOXIL,500mg /5ml,Polvo para Suspensión Oral,Suspension,Fco. X 60 mL,1,,E22843,GSK
7758713001052,13,AUGMENTIN ES,600mg+42.9mg/5mL,Polvo para Suspensión Oral,Suspension,Fco. x 100 mL,1,8/23/2017,E22857,GSK
7758713001069,13,AUGMENTIN ES FCOX600MGX50ML,,,,,1,,,GLAXOSMITHKLINE PERU S.A.
7758713001120,13,AUGMENTIN,250/62.5/5,FRASCO,FRASCO,FCO *   1,1,6/23/2017,E0117470002,GLAXO
7758713001168,13,XGEVA,120 MG,SOLUCION PARA INYECCION,Inyectable,Caja Amp.,1,,BE00918,GLAXO SMITHKLINE PERU SAC
7758713001205,13,PANADOL,250 MG./5 ML.,SUSPENSIÓN,SUSPENSION,FRASCO,1,,E-00153,GLAXO SMITH KLINE
7758713001366,13,SERETIDE INH CD 25/50 X 120 DO,25/50mcg,caja,,aerosol,120,,,glaxo
7758713001489,13,PANADOL ANTIGRIPAL NF CAJA X 104 TAB,,TABLETA,TABLETA,CAJA,104,,EE05129,GSK
7758713002264,13,CEG_P_FLUARIX TETRA (INFLUENZA) INY,-,AMPOLLA,AMP,CJA X 1,1,,BE-01108,GLAXO SMITH KLINE PERU S.A
7758713058827,13,AUGMENTIN,875mg+125mg,Tableta Recubierta,Tableta,Caja Tab.,14,11/6/2012,E19934,GSK
7758713058834,13,AUGMENTIN,400mg+57mg/5mL,Polvo para Suspensión Oral,Suspension,Fco. X 70 mL,1,12/30/2010,E12459,GSK
7758713058865,13,AVANDIA,4mg,Gragea,Tableta,Caja Grag.,14,4/1/2013,E15413,GSK
7758713061919,13,AMOXIL,250mg/5mL,Suspensión,Suspension,Fco. X 45 mL,1,7/22/2013,E11049,GSK
7758713061926,13,AMOXIL,500mg/5mL,Suspensión Oral,Suspension,Fco. X 60 mL,1,9/25/2013,E11187,GSK
7758713061957,13,ZENTEL,400mg/10mL,Suspensión,Suspension,Fco. X 10 mL,5,3/12/2013,E15346,GSK
7758713460293,13,ECOTRIN,100mg,Gragea,Tableta,Caja Grag.,30,3/20/2010,E8137,GSK
7758713460309,13,ECOTRIN,325mg,Gragea,Tableta,Caja Grag.,30,7/26/2011,E18604,GSK
7758713460323,13,SEROXAT,20mg,Tableta,Tableta,Caja Tab.,10,2/1/2013,E20260,GSK
7758713460330,13,SEROXAT,20mg,Tableta,Tableta,Caja Tab.,30,2/1/2013,E20260,GSK
7758713460361,13,ZENTEL,200mg,Tableta,Tableta,Caja Tab.,100,3/13/2013,E15349,GSK
7758713575737,13,ZENTEL,400mg,Tableta,Tableta,Caja Tab.,50,4/24/2013,E20599,GSK
7758736000018,13,NATUTEARS,0.004,GOTAS OFTÁLMICAS,GOTAS OFTÁLMICAS,FRASCO GOTERO,1,2/1/2019,DM11060E,COC FARMACEUTICI
775873600008,13,NATUTEARS,0.004,Ampolla,Ampolla,OCUVIAL,20,2/1/2020,DM11060E,OCULAB
7758761000014,13,LENALID,25mg,CAJA,CAJA,CJA *  21,1,,,ECZANE PHARMA
7758761000021,13,LENALID,10mg,CAJA,CAJA,CJA *  21,1,,,ECZANE PHARMA
7758761000199,13,COLTIROX 150MG AMP CJA X 1,150 MG,AMPOLLA,AMP,CJA X 1,1,,EE-00830,PHARMA ROY
7758824000074,13,ELIQUIS,5 mg,Comprimido Recubierto,TABLETA,Caja Envase Blister Comprimidos,20,12/2/2018,EE00150,PFIZER
7758824000081,13,ELIQUIS,2.5 mg,Comprimido Recubierto,TABLETA,Caja Envase Blíster Comprimidos Recubiertos,20,8/17/2022,EE05755,PFIZER
7758967000016,13,GRAVICOR 50mg/5mL AMP CJA X50 (CORVAL),50 MG/5 ML,AMPOLLA,AMP,CJA X 50,50,2/1/2022,EN05155,CORVAL PHARMACEUTICAL S.A.C.
7758967000023,13,ORFEDOL,60mg /2ml Caja x 25,AMPOLLA,AMPOLLA,AMPOLLA,1,7/30/2020,EN-05315,CORVAL
7758967000047,13,KETACOR,60 mg/2 mL,Solución Inyectable,INYECTABLE,Caja Ampolla x 2 mL,1,10/1/2020,EN-05509,OTARVASQ S.A.C
7758967000061,13,CEFAZOLINA,1 g,POLVO PARA SOLUCION INYECTABLE,INYECTABLE,VIAL,10,10/16/2022,EE05367,CORVAL
7758967000139,13,CEFALOTINA 1G INY CJA X 10 (CORVAL),1 GR,AMPOLLA,AMP,CJA X 10,10,10/24/2023,EE06482,CORVAL PHARMACEUTICAL S.A.C.
7758967000153,13,UROMINOK 500MG/2ML - CAJA X 25 AMP (OTARVASQ),500 MG/2 ML,AMPOLLA,AMP,CJA X 25,25,5/7/2024,EN06763,CORVAL PHARMACEUTICAL S.A.C.
7758975000077,13,BIPRETERAX,4 mg + 1.25 mg,Comprimido,TABLETA,Caja Envase Blíster Comprimidos,30,2/28/2023,EE03246,LABORATORIOS SERVIER
7758975000084,13,DIAMICRON MR 60MG TAB CJA X 30 (SERVIER),60 MG,TABLETA,TAB,CJA X 30,30,11/23/2020,EE02351,LABORATORIOS SERVIER PERU S.A.C.
7758975000121,13,PROCORALAN,5 mg,COMPRIMIDO RECUBIERTO CON PELICULA,TABLETA,Caja Envase Blister Comprimidos Recubiertos,28,10/31/2017,E22918,LABORATORIOS SERVIER
7759006000011,13,LEVEMIR FLEXPEN,100UI /ml Disp. Prell. x 1 x 3ml,INYECTABLE,INYECTABLE,Disp. Prell. x 1 x 3ml,1,1/1/2020,BE-00419,NOVO NORDISK
7759006000035,13,NOVORAPID,100 U/ml,INSULINA ASPARTA,SOLUCIÓN INYECTABLE,SOLUCIÓN INYECTABLE,1,7/1/2019,BE-00432,NOVO NORDISK
7759006019969,13,TRESIBA,100U/ML X 3ML,AMPOLLA PRE LLENADA,AMPOLLA PRE LLENADA,CAJA X 1,1,6/1/2020,BE-01005,NOVO NORDISK
7759050000012,13,DIGESTASE,80 MG,TABLETA MASTICABLE,TAB,CAJA,120,5/24/2022,EN-05376,ANSOLACT SAC
7759053000019,13,EFETAMOL 1GR SBR CJA X 20 (ITF),1 GR,SOBRE,SBR,CJA X 20,20,9/9/2021,EE04103,ITF FARMACEUTICA PERU S.A.C.
7759053000040,13,FISIOFER,40 MG.,SOLUCION,SOLUCION,CAJA,10,,EE-04171,ITF FARMACEUTICA PERU
7759053000057,13,BLISSEL,50 MCG.,GEL,GEL,TUBO,1,11/30/2021,EE-04551,ITF FARMACEUTICA PERU
7759053000095,13,NATALBEN SUPRA,,CAPSULAS,CAPSULAS,CAJA,30,,DE-2600,ITF FARMACEUTICA
7759053000132,13,NAYARA GEL VAG HIDRATANTE,30G,TUBO,TBO,TUBO,1,6/1/2017,DM13108,ITALFARMACO
7759307000055,13,ISODINE,10%,SOLUCION,SOLUCION,FRASCO,1,,N12953,MEDIFARMA
7759307000062,13,GRAVERGOL,,Cápsula,Capsula,Caja Cap.,100,12/23/2011,N2866,MEDIFARMA
7759307000079,13,ENZIMATIK,100MG+87MG,CAPSULA,CAP,CAJA X 100,100,,N204860,MEDIFARMA
7759307000086,13,ENZIMATIK,,Cápsula,Capsula,Caja Cap.,20,1/16/2013,N20486,MEDIFARMA
7759307000123,13,MUCOBRONCOL,30mg/5mL,Jarabe,Solucion,Fco. X 100 mL,1,8/29/2012,N20311,MEDIFARMA
7759307000130,13,MUCOBRONCOL,15mg,Jarabe,Solucion,Fco. X 90 mL,1,8/29/2012,N20310,MEDIFARMA
7759307000154,13,LEVOCERT 5 MG TAB X 1,,,,,1,,,LABORATORIOS TRIFARMA S.A.
7759307000239,13,GASEOVET,80MG,TABLETA MASTICABLE,TABLETA,80mg Tab. x 30,30,7/1/2021,EN - 00863,MEDIFARMA
7759307000260,13,ACARIL S,30%,Loción,Locion,Fco. X 60 mL,1,10/28/2012,N16524,MEDIFARMA
7759307000277,13,MUCOBRONCOL COMPUESTO,,Jarabe,Solucion,Fco. X 100 mL,1,7/2/2013,N20722,MEDIFARMA
7759307000369,13,CAPTOPRIL,25mg,Tableta,Tableta,Caja Tab.,100,2/18/2012,NG3189,MEDIFARMA
7759307000413,13,PREDNISONA,50mg,Tableta,Tableta,Caja Tab.,100,9/11/2012,NG3439,MEDIFARMA
7759307000444,13,SORBAMIN 30 NF CON ELECTROLITOS,,Solución para Inyección,Inyectable,Fco. Vidrio X 500 mL,1,8/3/2012,N13787,MEDIFARMA
7759307000505,13,MEDICORT,2mg/5mL,Elixir,Solucion,Fco. X 100 mL,1,2/12/2014,N21057,MEDIFARMA
7759307000529,13,MEDICORT,0.5mg/5mL,Elixir,Solucion,Fco. X 100 mL,1,2/26/2014,N21082,MEDIFARMA
7759307000604,13,CLORURO DE SODIO 9%,sol. x 250ml,Frasco,Frasco,Frasco,1,,,MEDIFARMA
7759307000628,13,DOLOFARMALAN F TAB X 250,500 MG + 50 MG,TABLETA,TAB,CJA X 250,250,7/23/2021,N19971,MEDIFARMA S.A.
7759307000635,13,VENOX,500mg,Cápsula,Capsula,Caja Cap.,20,6/9/2013,N20689,MEDIFARMA
7759307000741,13,ETAMBUTOL,400 MG,TABLETA,TABLETA,Caja TAB,300,,NG-3553,MEDIFARMA S.A.
7759307000819,13,MEDICILINA,1000000UI,AMPOLLA,INYECTABLE,1000000UI Fco. Vial x 1 + Solv. x 3ml,,,N-21315,Medifarma S.A.
7759307000833,13,VERAPAMILO MEDIFARMA AMP 5MG 2ML,5MG,AMPOLLA,AMP,AMPOLLA,1,,NG4053,MEDIFARMA
7759307000840,13,FITOMENADIONA IM MEDIF AMP 10MG 1ML,10MG,AMPOLLA,AMP,AMPOLLA,1,,NG3215,MEDIFARMA
7759307000895,13,AB BRONCOL,1.5g,Polvo para Solución Inyectable,Inyectable,Vial + Solv X 5 mL,1,6/23/2009,N21270,MEDIFARMA
7759307001137,13,FUROXONA,30mg/mL,Gotas,Solucion,Fco. X 20 mL,1,6/24/2009,N21274,MEDIFARMA
7759307001182,13,CARBONATO DE CALCIO MEDI TAB 1250MG,1250mg,TABLETA,TAB,CAJA,300,,EN02306,MEDIFARMA
7759307001212,13,ISODINE,7.50%,Solución,Solucion,Fco. X 1L,1,8/23/2012,N12954,MEDIFARMA
7759307001335,13,TRI AZIT,AZITROMICINA 200ml/5ml X 30ml,POLVO PARA SUSPENSIÓN ORAL X 30 ml,P/SUSP.,SUSPENSIÓN ORAL,1,9/1/2019,EN-01250,MEDIFARMA
7759307001380,13,GRAVOL,50MG,TABLETA,TABLETA,CAJA,20,,N2867,MEDIFARMA
7759307001397,13,BRONCO MEDIMOX,250mg+4mg/5mL,Suspensión,Suspension,Fco. X 105 mL,1,5/21/2011,N19942,MEDIFARMA
7759307001410,13,LINCOPLUS,300mg,Inyectable,Inyectable,Amp.,3,9/8/2009,N17602,MEDIFARMA
7759307001427,13,BRONCO AMOXIDIN,250mg+150mg/5mL,Suspensión Oral,Suspension,Fco. X 105 mL,1,10/26/2012,N16523,MEDIFARMA
7759307001441,13,AB-MOKS X 1 TABLETA REC.,,,,,1,,,MEDIFARMA S.A.
7759307001458,13,GASEOVET SABOR A ANIS,80mg/5mL,Suspensión,Suspension,Fco. X 60 mL,1,1/26/2012,N23205,MEDIFARMA
7759307001472,13,GASEOVET SABOR A FRESA,80mg/5mL,Suspensión,Suspension,Fco. X 60 mL,1,1/31/2012,N23218,MEDIFARMA
7759307001489,13,HIDRAX SABOR MANZANA,,Solución,Solucion,Fco. X 60 mL,1,10/25/2010,N22064,MEDIFARMA
7759307001526,13,AMOXIDIN 7,250mg/5mL,Polvo para Suspensión Oral,Suspension,Fco. X 105 mL,1,10/31/2010,N22078,MEDIFARMA
7759307001540,13,ALERGIPLUS,5mg,Tableta Recubierta,Tableta,Caja Tab.,10,10/19/2010,N22047,MEDIFARMA
7759307001601,13,GRAVOL PEDIATRICO,30mg/3mL,Solución para Inyección,Inyectable,Amp. X 3 mL,1,2/16/2011,N22316,MEDIFARMA
7759307001618,13,DOLOFARMALAN,75 mg/3 mL,SOLUCION INYECTABLE,INYECTABLE,AMPOLLA x 3 mL,5,2/15/2022,EN02618,MEDIFARMA
7759307001731,13,GRAVOL,12.5mg,Supositorio,Supositorio,Caja Sup.,3,8/9/2011,N22754,MEDIFARMA
7759307001748,13,DOLOMAX SUSx100MG/5MLx60ML,,,,,1,,,MEDIFARMA S.A.
7759307001755,13,TRI AZIT 500MG TAB CJA X 15,500 MG,COMPRIMIDO,COMPRIMIDO,CAJA X15,15,4/27/2020,N-17940,MEDIFARMA
7759307001786,13,TRAMEDIF COMPUESTO,,Tableta Recubierta,Tableta,Caja Tab.,10,9/24/2013,N20844,MEDIFARMA
7759307001816,13,GLUCONATO CALCIO,10% X 10 ml.,AMPOLLA,AMPOLLA,CAJA,50,,NG6227,MEDIFARMA
7759307001847,13,NISTAZINC DEL DR. ZAIDMAN,10000000 UI/15G,CREMA - VIA TOPICA,CREMA,Tubo Crema x 30g,1,2/1/2020,EN - 03167,MEDIFARMA
7759307001854,13,NISTAZINC,15 gramos,NISTATINA,CREMA,15 gramos,1,10/1/2020,EN-03167,MEDIFARMA S.A.
7759307001977,13,NASODIL SOL NASAL FCO X 15 ML,,,,,1,,,MEDIFARMA S.A.
7759307002035,13,AMPIBACTAM,375mg,Tableta Recubierta,Tableta,Caja Tab.,60,8/22/2013,N24920,MEDIFARMA
7759307002042,13,AB MOKS,,Suspensión Oral,Suspension,Fco. X 105 mL,1,12/27/2009,N21497,MEDIFARMA
7759307002134,13,MEDICILINA,1MUI,Tableta Recubierta,Tableta,Caja Tab.,50,6/4/2014,N21227,MEDIFARMA
7759307002141,13,HEPARINA SOD.5000 UI/MLX5ML,5000 UI,SOLUCION INYECTABLE,SOLUCION INYECTABLE,CAJAX50,50,,BN-00025,MEDIFARMA
7759307002219,13,IOPAMED,300 MG,SOLUCIÓN INYECTABLE,INYECTABLE,FRASCO VIAL X 50 ML,1,,ADN-0023,MEDIFARMA
7759307002271,13,SULFAMETOXAZOL 400 MG+ TRIMETOPRIMA 80MG/5ML,400MG+80MG/5ML,AMPOLLA,AMP,AMPOLLA,1,,NG32650,MEDIFARMA
7759307002394,13,BRONCO MEDIMOX,500mg+4mg/5mL,Suspensión,Suspension,Fco. X 105 mL,1,10/27/2011,N22968,MEDIFARMA
7759307002400,13,GASEOVET SABOR A MENTA,80mg/5mL,Suspensión Oral,Suspension,Fco. X 100 mL,1,1/26/2012,N23209,MEDIFARMA
7759307002417,13,BRONCO MEDIMOX,125mg+4mg/5mL,Polvo para Suspensión Oral,Suspension,Fco. X 105 mL,1,10/30/2011,N22979,MEDIFARMA
7759307002424,13,CLARIMED,500mg,Tableta Recubierta,Tableta,Caja Tab.,10,12/1/2011,N23065,MEDIFARMA
7759307002431,13,TRAMEDIF COMPUESTO X 1TAB,,,,,1,,,MEDIFARMA S.A.
7759307002448,13,CLARIMED,500mg,Tableta Recubierta,Tableta,Caja Tab.,50,12/1/2011,N23065,MEDIFARMA
7759307002486,13,SUCRAXOL,1g/5mL,Suspensión,Suspension,Fco. X 200 mL,1,9/11/2011,N22831,MEDIFARMA
7759307002523,13,AB MOKS FORTE,,Polvo para Suspensión Oral,Suspension,Fco. X 70 mL,1,4/20/2010,N21718,MEDIFARMA
7759307002547,13,AB MOKS FORTE,,Tableta Recubierta,Tableta,Caja Tab.,60,10/10/2010,N22023,MEDIFARMA
7759307002646,13,MUCOBRONCOL COMPUESTO GOTAS X 20 ML  FCO SOL,,,,,1,,,MEDIFARMA S.A.
7759307002660,13,GASEOVET,125mg,Tableta Masticable,Tableta,Caja Tab.,20,8/14/2011,N22762,MEDIFARMA
7759307002714,13,CLARIMED,125mg/5mL,Polvo para Suspensión Oral,Suspension,Fco. X 100 mL,1,12/1/2011,N23061,MEDIFARMA
7759307002721,13,CLARIMED,250mg/5mL,Polvo para Suspensión Oral,Suspension,Fco. X 100 mL,1,12/5/2011,N23075,MEDIFARMA
7759307002745,13,CADOTRIL LACTANTES,10mg,Granulos para Suspensión,Suspension,Caja Sob. X 1g,18,4/10/2011,N22487,MEDIFARMA
7759307002752,13,CADOTRIL NIÑOS,30mg,Granulos para Suspensión,Suspension,Sobre X 3 g,18,4/10/2011,N22488,MEDIFARMA
7759307002769,13,CADOTRIL,100mg,Cápsula,Capsula,Caja Cap.,10,1/10/2012,N23155,MEDIFARMA
7759307002776,13,LINCOPLUS,500mg,Cápsula,Capsula,Caja Cap.,60,2/10/2012,N16287,MEDIFARMA
7759307002783,13,SULFAMED,1%,Polvo,Polvo,Fco. X 10 g,1,12/18/2011,N23112,MEDIFARMA
7759307002806,13,SULFAMED L,,Ungüento,Unguento,Tubo X 15 g,1,4/4/2012,N23395,MEDIFARMA
7759307002813,13,CLINDESS,100mg,Ovulo,Ovulo,Caja Ov.,3,3/8/2012,N23311,MEDIFARMA
7759307002820,13,IDELLE,0.5MG,OVULO,OVULO,CAJA,7,,N23313,MEDIFARMA
7759307002844,13,BRONCO AMOXIDIN,125mg+150mg/5mL,Suspensión Oral,Suspension,Fco. X 105 mL,1,4/23/2012,N23442,MEDIFARMA
7759307002851,13,IDELLE CRM VAG 0.1% 15G,0.1%,CREMA VAGINAL,CREMA VAGINAL,TUBO,1,,N23428,MEDIFARMA
7759307002868,13,BRONCO AMOXIDIN,500mg+150mg/5mL,Suspensión Oral,Suspension,Fco. X 105 mL,1,4/18/2012,N23430,MEDIFARMA
7759307002882,13,CLINDESS CRM VAG 2% 40G,2% 40G,CREMA VAGINAL,CREMA VAGINAL,TUBO,1,,N23337,MEDIFARMA
7759307002905,13,AMOXIDIN CL,500mg+125mg,Tableta Recubierta,Tableta,Caja Tab.,10,5/9/2012,N23476,MEDIFARMA
7759307002912,13,SOLUTRES,150mg/mL,Suspensión para Inyección,Inyectable,Amp. X 1 mL,1,3/8/2012,N23314,MEDIFARMA
7759307003070,13,AMOXIDIN CL,250mg+62.5mg/5mL,Suspensión,Suspension,Fco. X 105 mL,1,7/13/2012,N23640,MEDIFARMA
7759307003087,13,AMOXIDIN CL,400mg+57mg/5mL,Suspensión,Suspension,Fco. X 105 mL,1,7/13/2012,N23639,MEDIFARMA
7759307003094,13,MEDIVEL,miconazol 100mg+tinidazol 150 mg,ovulos,10 OVULOS,caja OVULOS x10,1,9/1/2020,N-23663,MEDIFARMA
7759307003100,13,MEDIVEL,,Ovulo,Ovulo,Caja Ov.,60,7/18/2012,N23663,MEDIFARMA
7759307003155,13,MENTHOLATUM,,Ungüento,Unguento,Pote X 85 g,1,8/18/2012,N2187,MEDIFARMA
7759307003193,13,MACRODANTINA,100mg,Cápsula,Capsula,Caja Cap.,120,9/30/2011,N11975,MEDIFARMA
7759307003209,13,MEDIVEL,,Crema Vaginal,Crema Vaginal,Tubo X 60 g,1,7/18/2012,N23659,MEDIFARMA
7759307003216,13,DIGESTAL CAP CJA X 120,,CAPSULA,CAP,CJA X 120,120,9/20/2012,N23861,MEDIFARMA S.A.
7759307003230,13,BETACORT 4MG/1ML AMPOLLA X 1,4mg,caja,,ampolla,1,,,trifarma
7759307003247,13,BETACORT DEPOT,,Solución para Inyección,Inyectable,Caja Jer. Precarg. X 1 mL,1,7/11/2011,N18505,MEDIFARMA
7759307003254,13,ENDOVIT,5%,Solución para Inyección,Inyectable,Fco. Vidrio X 1 L,1,9/9/2009,N19348,MEDIFARMA
7759307003261,13,SORBAMIN 30 NF CON ELECTROLITOS,,Solución para Inyección,Inyectable,Fco. Vidrio X 1 L,1,8/3/2012,N13787,MEDIFARMA
7759307003278,13,SINCOL COMPLEX,,Solución para Inyección,Inyectable,Amp. I+II x (2 mL + 2 mL),1,7/7/2010,N21854,MEDIFARMA
7759307003292,13,DOLOFENAC FLEX,,Tableta,Tableta,Caja Tab.,20,12/21/2009,N21489,MEDIFARMA
7759307003339,13,LEVOCAINE-SP,,VIAL,VIAL,VIAL,1,,N21166,TRIFARMA
7759307003346,13,DOLOFENAC FLEX,,Polvo para Solución Inyectable,Inyectable,Fco. Amp. + Amp. Solv. X 3 mL,1,6/27/2010,N21848,MEDIFARMA
7759307003353,13,BICARDIAL-A (ACIDO),,SOLUCION,SOLUCION,CAJA,4,,N24682,TRIFARMA
7759307003360,13,BICARDIAL-B (BICARBONATO),,SOLUCION,SOLUCION,CAJA,4,,N24687,TRIFARMA
7759307003391,13,SOJOURN,,SOLUCION,SOLUCION,FRASCO,250,,E18779,MEDIFARMA
7759307003407,13,SEVOGESIC,100%,Solución para Inhalación,AEROSOL,Caja Frasco x 250 mL,1,12/17/2013,N25361,MEDIFARMA
7759307003414,13,CLORURO DE SODIO,0.009,SOLUCION,SOLUCION,Bolsa,12,,NG2113,MEDIFARMA
7759307003421,13,CLINDESS DUO,,Ovulo,Ovulo,Caja Ov.,7,1/28/2013,N24266,MEDIFARMA
7759307003445,13,AMOXIDIN CL,875 MG/125MG.,TABLETAS,TABLETAS,CAJA,14,,N-23724,MEDIFARMA
7759307003452,13,CLORURO DE SODIO,0.9% / 500 ml.,SOLUCION,SOLUCION,BOLSA,1,,NG2113,MEDIFARMA
7759307003469,13,CLORURO DE SODIO SOL 0.9%,250ml,Solución,Solución,Caja x 36 bolsas,36,,NG2113,MEDIFARMA
7759307003513,13,LOROPHYN,150mg,Ovulo,Ovulo,Caja Ov.,102,12/30/2013,N19110,MEDIFARMA
7759307003612,13,ALIDOL,,Tableta Recubierta,Tableta,Caja Tab.,100,2/13/2013,N24343,MEDIFARMA
7759307003674,13,DOUGLAS,425mg/5mL,Suspensión Oral,Suspension,Fco. X 150 mL,1,10/31/2012,N24000,MEDIFARMA
7759307003681,13,GRAVOL-AP,75MG,CAPSULA,CAPSULA,CAJA,84,,N2870,MEDIFARMA
7759307003711,13,AMIKABIOT,100MG,AMPOLLA,AMPOLLA,AMPOLLA,1,,N16630,TRIFARMA
7759307003728,13,AMIKABIOT AMPx250MGx2ML x1,,,,,1,,,LABORATORIOS TRIFARMA S.A.
7759307003735,13,AMIKABIOT,500mg/2mL,Inyectable,Inyectable,Caja Amp. X 2 mL,1,2/17/2013,N16636,MEDIFARMA
7759307003752,13,CLORURO DE SODIO 9%,0.09,BOLSA,SOLUCION,Sol. x 500ml,,,EE-00488,Lab. Hersil S.A.
7759307003755,13,AMIKABIOT,500 mg/2  mL,AMPOLLA,AMP,caja x 1 amp,1,,R.S. N° E-16636,Medifarma
7759307003773,13,AMOXIDIN-7,500MG,TABLETA,TABLETA,CAJA,100,,N24478,MEDIFARMA
7759307003780,13,ELECTRORAL PEDIATRICO FRESA,,Solución,Solucion,Fco. X 1 L,1,11/15/2009,N19432,MEDIFARMA
7759307003797,13,ELECTRORAL PEDIATRICO SABOR UVA,,Solución,Solucion,Fco. X 1 L,1,2/1/2012,N20104,MEDIFARMA
7759307003803,13,MACRODANTINA XR,100mg,Cápsula,Capsula,Caja Cap.,20,4/24/2013,N24558,MEDIFARMA
7759307003995,13,CLORURO,0.009,CAJA,CAJA,CJA *  36,36,3/3/2016,NG021130001,MEDIFARMA
7759307004008,13,CLORURO DE SODIO SOL 0.9%,0.9% 250 ml.,SOLUCION,SOLUCION,CAJA X 36,36,,NG2113,COLLIERE
7759307004084,13,HORTRIN A,200mg /350mg,Tableta Recubierta,TABLETA,Caja Envase Blister Tabletas,100,6/19/2013,N24754,MEDIFARMA
7759307004121,13,DONAMED F,2mg,Tableta,Tableta,Caja Tab.,100,7/7/2013,N24807,MEDIFARMA
7759307004176,13,DEQUAZOL ORAL,250 ML / 5 ML,SUSPENCIÓN ORAL,SUSPENCIÓN ORAL,250mg Fco. Susp. x 120ml,1,10/1/2020,EN-05886,MEDIFARMA
7759307004220,13,DEQUAZOL ORAL 500 MG X 60 (MEDIFARMA),500MG,TABLETAS,TABLETA,CAJA X 60,1,1/10/2020,EN-00018,MEDIFARMA
7759307004237,13,GASEOVET,160mg,Cápsula Blanda,Capsula,Caja Cap.,100,10/31/2012,E19922,MEDIFARMA
7759307004244,13,MIDAZOLAM MEDI AMP 5MG 5ML,5MG,AMPOLLA,AMP,CAJA,50,,EN03644,MEDIFARMA
7759307004251,13,HIDROXOCOBALAMINA,1 mg/mL,SOLUCION INYECTABLE,INYECTABLE,AMPOLLA x 1 mL,1,11/20/2022,EN00841,MEDIFARMA
7759307004275,13,FLUIBRONCOL ORAL,200mg,Granulos para Solución,Solucion,Caja Sob. X 1g,30,6/2/2013,N24680,MEDIFARMA
7759307004282,13,FLUIBRONCOL ORAL INFANTIL,100mg,Granulos para Solución,Solucion,Caja Sob. X 1g,30,6/2/2013,N24678,MEDIFARMA
7759307004299,13,FLUIBRONCOL ORAL ,100MG / 5 ML,JARABE -  VIA ORAL,JARABE,100mg Fco. Jbe. x 120ml,1,11/1/2019,EN - 00169,MEDIFARMA
7759307004367,13,A-B-BRONCOL AMPX600MG NF,,,,,1,,,MEDIFARMA S.A.
7759307004374,13,AB-BRONCOL,1200mg IM,INYECTABLE,AMPOLLA,1200mg IM Iny Amp. x 1,,,N-25382,Medifarma S.A.
7759307004381,13,A-B-BRONCOL AMPX300MG NF,,,,,1,,,MEDIFARMA S.A.
7759307004398,13,FLUIBRONCOL ORAL,600 mg,GRANULOS PARA SOLUCION,SOLUCION ORAL,SOBRE x 3 g,20,11/7/2023,EN07272,MEDIFARMA
7759307004466,13,AMOXIDIN-CL,500/125MG,TABLETA,TABLETA,CAJA,50,,N23476,MEDIFARMA
7759307004572,13,TRAMEDIF,50 mg,CAPSULA,CAPSULA,CAJA CAPS,100,10/10/2022,EN00076,MEDIFARMA
7759307004664,13,MEROPENEM 500 MG (MEROPEMED),500MG,VIAL,VIAL,CAJA X 1 UNIDAD,1,,N249610,MEDIFARMA
7759307004671,13,MEROPENEM 1 G (MEROPEMED),1G,VIAL,VIAL,CAJA X 1 UNIDAD,1,,N024960,MEDIFARMA
7759307004695,13,CIPROMED 200 MG AMPOLLA X 100 ML,,,,,1,,,MEDIFARMA S.A.
7759307004701,13,SINCOL COMPLEX CAJA TAB. X 100,125 MG/10MG,TABLETAS,TABELTAS,CAJA,100,,N-21865,MEDIFARMA
7759307004718,13,SINCOL,5mg/mL,Solución,Solucion,Fco. X 15 mL,1,2/1/2011,N22298,MEDIFARMA
7759307004725,13,ULCERAN,20mg,Tableta Recubierta Entérica,Tableta,Caja Tab.,28,8/21/2013,N24916,MEDIFARMA
7759307004732,13,ULCERAN,40mg,Tableta Recubierta Entérica,Tableta,Caja Tab.,16,8/21/2013,N24917,MEDIFARMA
7759307004749,13,GASEOVET,125mg,Tableta Masticable,Tableta,Caja Tab.,100,8/14/2011,N22762,MEDIFARMA
7759307004756,13,PICRATO DE BUTABAN,,Ungüento,Unguento,Tubo X 15 g,1,9/16/2011,N1415,MEDIFARMA
7759307004763,13,ISODINE,10%,Solución,Solucion,Fco. X 20 mL,1,8/23/2012,N12953,MEDIFARMA
7759307004862,13,FLUIBRONCOL,300 MG/3 ML,SOLUCION INYECTABLE,SOL. INY.,CAJA X 3 AMPOLLAS,3,,N-24914,MEDIFARMA
7759307004867,13,MEDICORT 4MG TAB CJA x 100,4 MG,TABLETA,TAB,CJA X 100,100,3/29/2024,EN02332,MEDIFARMA S.A.
7759307004916,13,CRESULEN,90mg,Ovulo,Ovulo,Caja Ov.,6,11/16/2014,N26516,MEDIFARMA
7759307004947,13,LECHE DE MAGNESIA PHILLIPS SABOR CIRUELA,400mg/5mL,Suspensión Oral,Suspension,Fco. X 120 mL,1,11/20/2013,N20948,MEDIFARMA
7759307005074,13,LECHE DE MAGNESIA DE PHILLIPS KIDS SABOR DURAZNO,400mg/5mL,Suspensión Oral,Suspension,Fco. X 120 mL,1,1/6/2011,N22245,MEDIFARMA
7759307005166,13,ROXIME,500mg,Tableta Recubierta,Tableta,Caja Tab.,10,8/26/2013,N24934,TRIFARMA
7759307005180,13,VINCRISTINA,1 MG.,INYECTABLE,INYECTABLE,CAJA,1,,NC-5997,MEDIFARMA
7759307005265,13,ELECTRORAL PLUS FRESA X1000 ML,1000 ML,Frasco,Frasco,Caja x12,1,11/1/2019,P2801717N,MEDIFARMA
7759307005319,13,ELECTROLIGHT FCO X 600 ML (MEDIFARMA),600ML,FRASCO,FRASCO,FRASCO X 600ML,1,,1039444,MEDIFARMA
7759307005548,13,SITIDERM,10 G.,TUBO,CREMA,Crema x 10g,,6/8/2017,N-27200,Medifarma S.A.
7759307005562,13,PHILLIPS SABOR A MENTA,,Suspensión,Suspension,Fco. X 120 mL,1,6/1/2011,N22584,MEDIFARMA
7759307005623,13,AMOXIDIN-CL,1G (875/125MG),TABLETA,TABLETA,CAJA,50,,N23724,MEDIFARMA
7759307005708,13,LEVOCERT 2.5 MG /5ML SOL ORAL FCO X 60 ML,,,,,1,,,LABORATORIOS TRIFARMA S.A.
7759307005715,13,LEVOCERT GOTAS SOL FCO X 15 ML CJA X 1,,,,,1,,,LABORATORIOS TRIFARMA S.A.
7759307005814,13,FLAXEL 200MG CAJA CAPS. X 30,200 MG,CAPSULAS,CAPSULAS,CAJA,30,,EN-0280,MEDIFARMA
7759307005838,13,GASEOVET MS SUSP X 220ML,220 ML,FRASCO,FCO,CJA X 1,1,10/22/2014,N26400,MEDIFARMA S.A.
7759307005869,13,AKWA TEARS,1.40%,Gotas,Solucion,Fco. Got. X 15 mL,1,9/23/2014,N26273,MEDIFARMA
7759307005876,13,CIPROLAK,0.30%,Solución Oftálmica,Solucion Oftalmica,Fco. X 2.5 mL,1,7/15/2014,N25879,MEDIFARMA
7759307005883,13,CIPROLAK,0.30%,Solución Oftálmica,Solucion Oftalmica,Fco. X 5 mL,1,7/15/2014,N25879,MEDIFARMA
7759307005913,13,ACETAK,250mg,Tableta,Tableta,Caja Tab.,20,3/18/2014,N25633,MEDIFARMA
7759307005920,13,AKW-AGELAK,,Solución Oftálmica,Solucion Oftalmica,Caja Fco. Got. X 20 mL,1,10/15/2014,N26360,MEDIFARMA
7759307005929,13,AKW-AGELAK  1% fco x20ml,10 MG,SOLUCION OFTALMICA,SOLUCION OFTALMICA,CAJAX1,1,,N-26360,MEDIFARMA
7759307005944,13,DIFENAK,0.10%,Gotas,Solucion,Fco. Got. X 5 mL,1,9/23/2014,N26270,MEDIFARMA
7759307005975,13,OLOPAK,,Solución Oftálmica,Solucion Oftalmica,Caja Fco. Got. X 5 mL,1,12/21/2014,N26646,MEDIFARMA
7759307005982,13,AKWA R,,Solución Oftálmica,Solucion Oftalmica,Caja Fco. Got. X 20 mL,1,9/23/2014,N26268,MEDIFARMA
7759307006002,13,AKA - PRED,1%,Colirio,Solucion Oftalmica,Caja Fco. Got. X 5 mL,1,5/16/2010,N21960,ESPECT
7759307006019,13,AK NEFRIN 0.12%,0.0012,GOTAS,GTS,GTS X 15 ML,1,,N-26127,AKORN
7759307006026,13,TROPIKACIL,0.01,GOTAS,GOTAS,Frasco,1,,N2606,MEDIFARMA
7759307006040,13,AKA-DILATE GTS OFT,10%,FRASCO,FCO,FCO,1,,N26796,AKORN
7759307006057,13,AKA-FLUOR,10%,AMPOLLA,AMPOLLA,AMPOLLA,1,,ADN0040,AKORN
7759307006071,13,GASEOVET MS,,Tableta Masticable,Tableta,Caja Tab.,140,10/30/2014,N26435,MEDIFARMA
7759307006088,13,RYNAT D,0.05% X 15ML,FRASCO,GOTAS,0.05% Nasal Gotas x 15ml,,4/25/2018,EN-00150,Medifarma S.A.
7759307006118,13,AMIKABIOT AMPX100MGX2ML X1,,,,,1,,,LABORATORIOS TRIFARMA S.A.
7759307006125,13,COLIRIO EYE MO,0.05%,SOLUCION OFTALMICA,SOLUCION OFTALMICA,FRASCO x 12 mL,1,8/21/2020,EN01959,MEDIFARMA
7759307006132,13,TIDORZAK,,Solución Oftálmica,Solucion Oftalmica,Fco. X 5 mL,1,8/28/2008,E15809,ESPECT
7759307006149,13,TOBRAXONA,,Suspensión Oftálmica,Suspension Oftalmica,Caja Fco. Got. X 5 mL,1,10/6/2010,N22015,ESPECT
7759307006156,13,CIPROXXAK,,Suspensión Gotas,Suspension,Fco. Got. X 5 mL,1,8/10/2014,N25971,MEDIFARMA
7759307006170,13,FLUORURACILO,500mg,AMPOLLA,AMPOLLA,Caja x 50,50,,NG6064,MEDIFARMA
7759307006200,13,URODANTINA 100 MG TABLETA,100 MG,Tableta,Tab,caja x 100 tab,100,,N-24885,Medifarma S.A.
7759307006286,13,HEPAFORT AMPX 1,,,,,1,,,MEDIFARMA S.A.
7759307006323,13,DEXTROSA MEDIF AMP 33.3% 20ML,33.3%,AMPOLLA,AMP,CAJA,50,8/1/2018,EN00412,MEDIFARMA
7759307006378,13,EQUALAX 5MG TAB CJA X 100,5 MG,TABLETA,TAB,CJA X 100,100,7/8/2019,EN06089,MEDIFARMA S.A.
7759307006385,13,GRIPA C MAXIMA POTENCIA,2 mg + 15 mg + 5 mg + 500 mg,TABLETA,TABLETA,CAJA TAB,100,9/16/2014,N26227,MEDIFARMA
7759307006422,13,KALYUM CLORATUM,20% 10 ml.,AMPOLLA,AMPOLLA,AMPOLLA,1,,N11754,MEDIFARMA
7759307006460,13,LEVOCERT D GTAS FCO X 15 ML CAJA X 1,,,,,1,,,LABORATORIOS TRIFARMA S.A.
7759307006620,13,AMOXIDIN-DUO,250mg/5ml,Suspensión,Suspensión,Frasco,1,,N22389,MEDIFARMA
7759307006637,13,"AKAMOXX 0,5% X 5ML",,,,,1,,,AKORN S.A.C
7759307006644,13,LEVOCERT D 5 MG CAPSULA,"2,5mg - 120mg",Capsulas,Capsulas,Caja x 100 capsulas,100,,N-23297,Medifarma S.A.
7759307006651,13,AK-TROL FCOx5ML,,,,,1,,,AKORN S.A.C
7759307006675,13,LEVOCERT D JARABE,60 ML,solucion,frasco,frasco x 1,1,1/3/2016,N-23679,MEDIFARMA
7759307006712,13,ENDOVIT PLUS,,SOLUCION INYECTABLE,SOL. INY.,CAJA X 5 AMPOLLAS,5,,N-24796,MEDIFARMA
7759307006729,13,DEXTROSA,5% / 1000 ml.,SOLUCION,SOLUCION,BOLSA,1,,NG2535,MEDIFARMA
7759307006774,13,GRAVAMIN JBEX60ML,,,,,1,,,LABORATORIOS TRIFARMA S.A.
7759307006781,13,GRAVAMIN,50MG/2ML,AMPOLLA,AMP,CAJ AMPX5,1,1/3/2016,N26025,TRIFARMA
7759307006873,13,GRAVAMIN 50MG X 100 TAB.,50 MG,TABLETA,TAB,CJA X 100,100,4/17/2021,N18409,MEDIFARMA S.A.
7759307006903,13,CEFABRONCOL DUO,75ML,JARABE,JARABE,FCO.,1,,M-24279,MEDIFARMA
7759307006910,13,CEFABRONCOL,750 MG/60 MG,TABLETAS,TABLETAS,CAJA,12,,N-24288,MEDIFARMA
7759307006927,13,CEFABRONCOL DUO,750mg,CEFALEXINA/AMBROXOL,CEFABRONCOL,TABLETA RECUBIERTA,60,7/1/2020,EN-03616,MEDIFARMA
7759307006934,13,CEFABRONCOL,500mg,Cápsula,Capsula,Disp. Cap.,60,6/13/2010,N19680,TRIFARMA
7759307006958,13,CEFACROL IM,500mg,Polvo para Solución Inyectable,Inyectable,Vial,1,9/22/2011,N22875,TRIFARMA
7759307006965,13,CEFACROL IM,1g,Polvo para Solución Inyectable,Inyectable,Vial,1,9/21/2011,N22867,TRIFARMA
7759307006972,13,CEFACROL IV,1 g,POLVO PARA SOLUCION INYECTABLE,INYECTABLE,VIAL + SOLVENTE x 10 mL,1,9/22/2021,EN04952,MEDIFARMA
7759307006989,13,CEFACROL 250MG IM AMPOLLA,250 MG,INYECTABLE,INYECTABLE,CAJA,1,,N22871,MEDIFARMA
7759307006996,13,ROXIME 500MG TAB. REC. X 10,500MG,TABLETA,TABLETAS,CAJA,10,,EN-00109,MEDIFARMA
7759307007009,13,CEFABRONCOL,Cefalexina 250mg+ambroxol 15mg)/5ml,suspesion,susp,frasco,1,8/1/2021,EN-03416,MEDIFARMA
7759307007023,13,CLORURO,0.2,CAJA,CAJA,CJA *  25,25,5/10/2017,NG052370001,MEDIFARMA
7759307007030,13,DEMANITOL 500ML,0.2,SOL INYECTABLE ENDOVENOSA,SOL INYECTABLE ENDOVENOSA,UNIDAD,1,,N-12249,MEDIFARMA
7759307007078,13,BUPINEST-SP,0.5%,VIAL,VIAL,CAJA,25,,N18178,MEDIFARMA
7759307007085,13,DEXTROSA,10%,SOLUCION,SOLUCION,CAJA,12,,NG5448,TRIFARMA
7759307007092,13,DEXTROSA-33.3% AMPX20ML (TR),,,,,1,,,LABORATORIOS TRIFARMA S.A.
7759307007108,13,DEXTROSA,5%,SOLUCION,SOL,CAJA,12,,NG2535,MEDIFARMA
7759307007115,13,DEXTROSA,5% / 500 ml.,SOLUCION,SOLUCION,FRASCO,1,,NG2535,MEDIFARMA
7759307007139,13,DEMANITOL,20%,SOLUCION,SOLUCION,CAJA,12,,N12249,TRIFARMA
7759307007146,13,DISTENSIL L-500MG VIALx8ML,,,,,1,,,LABORATORIOS TRIFARMA S.A.
7759307007153,13,VECUBROM 4 MG INY VIA X 1,4 MG,AMPOLLA,AMP,CJA X 1,1,4/12/2021,EN03277,MEDIFARMA S.A.
7759307007160,13,BICARSODIO AMP 8.4% 20ML,8.4%,AMPOLLA,AMP,CAJA,25,4/1/2020,EN03295,MEDIFARMA
7759307007177,13,DEXTROSA EN SF,5%/0.9%,SOLUCION,SOLUCION,CAJA,12,,NG4996,TRIFARMA
7759307007184,13,EVACLEAN 109.6GR,109.6G,POLVO,POLVO,CAJA X 4 UNIDADES,4,,N238300,MEDIFARMA
7759307007214,13,HINDS ULTRA HIDRATANTE CREMA 420ML,,,,,1,,,FARPASA
7759307007375,13,MACRODANTINA-XR,100MG,CAPSULA,CAPSULA,CAJA,60,,N24558,MEDIFARMA
7759307007658,13,ONCOVOL 8MG /4ML INY. CAJA X 1,4ML,INYECTABLE,INYECTABLE,CAJA,25,,N-22860,ONCOMED
7759307007702,13,SITIDERM NF,20 G,TUBO,TUBO,X 20 G,1,2/1/2019,N-27200,MEDIFARMA
7759307007726,13,AMOXIDIN DUO 875 MG X 1 TABLETA,,,,,1,,,MEDIFARMA S.A.
7759307007733,13,ADRENALINA TRIFARMA,1mg. 1ml.,AMPOLLA,AMPOLLA,CAJA,100,,NG6385,TRIFARMA
7759307007757,13,AMOXIDIN DUO 875 MG TABLETA,875 MG,Tableta,Tableta,caja x 14  tab,14,,N-23724,Medifarma S.A.
7759307007771,13,AGUA PARA INYECCION,1000 ml.,SOLUCION,SOLUCION,CAJA,12,,N02836G,TRIFARMA
7759307007788,13,HALOPERIDOL MEDIF,50MG,AMPOLLA,AMP,CAJA,25,,NG5742,MEDIFARMA
7759307007986,13,GLYCOLAX 17GR CAJA X 1,,,,,1,,,MEDIFARMA S.A.
7759307008174,13,AMIKABIOT,1G / 4ML,SOLUCION INYECTABLE,SOLUCION INYECTABLE,CAJA X 3 UNIDADES,3,,EN05445,TRIFARMA S.A.
7759307008273,13,ROXIME,750mg,Inyectable,Ampolla,Caja x 1,1,,N-25402,Medifarma S.A.
7759307008334,13,RANITIDINA 300 MG CJA X 500,300 MG,TABLETA,TAB,CJA X 500,500,,EN-01322,MEDIFARMA S.A
7759307008341,13,CLARIMED 250 MG/5ML JBE 60mL,250 MG/5 ML,JARABE,JBE,CJA X 1,1,12/5/2021,EN05025,MEDIFARMA S.A.
7759307008423,13,CARDIOTAN,100 MG.,TABLETA,TABELTAS,CAJA,30,,N-27132,MEDIFARMA
7759307008426,13,CARDIOTON-R TAB 100MG,100MG,TABLETA,TAB,CAJA,30,1/6/2017,N27132,MDIFARMA
7759307008433,13,CARDIOTON-R,100MG,TABLETA,TAB,CJA,100,,N27132,MEDIFARMA
7759307008457,13,METROZOL 500MG/100ML SOL. INYECTABLE VIA I.V,500MG,inyectable i.v,inyectable i.v,caja x 20 bolsas,20,,N°-25217,MEDIFARMA  S.A
7759307008488,13,FLUCOZOL VIA 2MG/ML 50ML,,VIAL,VIA,VIAL,1,,N24685,MEDIFARMA
7759307008563,13,GRAVOL CB,50 MG.,CAPSULAS,CAPSULAS,CAJA,100,,EN-00353,MEDIFARMA
7759307008594,13,GASEOVET CB,180MG,CÁPSULA BLANDA,CÁPSULA,180mg Caja Caps. Blandas x 50,50,1/1/2019,EN - 00397,MEDIFARMA
7759307008679,13,FLUORURACILO MEDI,500 % 500MG,VIAL,VIA,VIA,1,,NG6064,MEDIFARMA
7759307008839,13,MEJORALITO INFANTIL,Paracetamol 120 mg/5ml,JARABE,JARABE,FRASCO 60ml,1,8/1/2019,EN-02064,MEDIFARMA S.A
7759307008846,13,MEJORALITO INFANTIL,Paracetamol 100 mg/ml,GOTAS,GOTAS,FRASCO 15 ml,1,10/1/2019,EN-03374,MEDIFARMA S.A
7759307008914,13,AMOXIDIN DUO 500 MG SUS 60 ML,500 MG,FRASCO,FCO,CAJA X 1,1,,EN-02963,MEDIFARMA
7759307008945,13,GASEOVET CB 240 MG,SIMETICONA 240 MG,CAJA X 30 CAPSULAS,CAJA X 30 CAPSULAS,CAJA,30,5/1/2018,EN-01117,MEDIFARMA
7759307008976,13,AMIKACINA,500MG/2ML,AMP,AMP,CAJA X 10 UNIDADES,,,NG02719,MEDIFARMA S.A.
7759307009188,13,CLARIMED 125MG/5ML JBE X 60ML,125 MG/5 ML,JARABE,JBE,CJA X 1,1,12/1/2021,EN05026,MEDIFARMA S.A.
7759307009300,13,CLINDESS  DUO,100mg/400mg,OVULO,OV,CAJ X 30,,,N-24266,MEDIFARMA
7759307009508,13,DOLOMAX,400 MG,CAPSULA,CAP,CAJA,100,11/30/2020,EN-02662,MEDIFARMA
7759307009577,13,DOLOMAX PLUS,IBUPROFENO 200-PARACETAMOL 500,TABLETAS RECUBIERTAS,CAJA X 20 TABLETAS,CAJA X 20 TABLETAS,20,,EN-02654,MEDIFARMA
7759307009713,13,AMIBIOTIC,500 mg/2 mL,SOLUCION INYECTABLE,INYECTABLE,AMPOLLA x 2 mL,5,5/5/2021,EN03286,MEDIFARMA
7759307009765,13,ELECTROSOL FRESA SOL,1000ML,SALES DE REHIDRATACION,SOL,CJA,12,3/31/2019,RSP2800913N,MEDIFARMA
7759307009768,13,ELECTROSOL,1000ml,FRASCO,JARABE,Fco. x 1000ml Fresa,,,P-2800913-N,Medifarma S.A.
7759307009775,13,DEXTROSA 5% INY FCO X 250ML (MEDIFARMA),"5,00%",AMPOLLA,AMP,CJA X 1,1,11/10/2020,EN02523,MEDIFARMA S.A.
7759307009799,13,CIPROMED,500 mg,TABLETA RECUBIERTA,TABLETA,CAJA TAB,10,3/18/2020,EN01426,MEDIFARMA
7759307010061,13,CETAXEL IM VIA 1G,1g,VIAL,VIA,VIAL,1,,EN05190,MEDIFARMA
7759307010184,13,AMIKACINA AMP,500MG 2ML,AMPOLLA,AMP,CJA,25,1/31/2018,EN02882,MEDIFARMA
7759307010276,13,SUERO FISIOLOGICO,9 ‰,Solución Inyectable,INYECTABLE,Caja Ampolla x 10 mL,25,8/11/2018,EN05338,MEDIFARMA
7759307010290,13,AGUA ESTERIL P/INYECCION INY PEBD 10ML CJA X 50-N,10ML,AMPOLLA,AMP,INYECCION,50,,EN00137,MEDIFARMA
7759307010306,13,CETAXEL IV VIA 1G,1000mg,VIAL,VIA,VIAL,1,,EN04897,MEDIFARMA
7759307010344,13,ELECTRORAL PLUS SABOR A FRESA,ELECTROLITOS,SOLUCION,SOLUCION,frasco 1000 ml,1,10/1/2019,P2801717N NAMDSA,MEDIFARMA S.A
7759307010351,13,HEPARINA MEDI VIA 5000UI/ML 5ML,5000UI/ML,VIAL,VIA,CAJA,10,,BN00025,MEDIFARMA
7759307010399,13,METROZOL 500 MG/100ML INY PEBD FCO 100ML CJA X 1 TAPA NIPPLE,500 MG/100 ML,AMPOLLA,AMP,CJA X 1,1,11/13/2023,EN01436,MEDIFARMA S.A.
7759307010566,13,GLYCOLAX,17 G,POLVO ORAL,POLVO ORAL,CAJA X 50 UNIDADES,,,EN00913,MEDIFARMA S.A.
7759307010733,13,ENDIAL COM 1MG,1MG,COMPRIMIDO,COM,CAJA,20,8/31/2019,EE05267,ROEMMERS
7759307010740,13,BICARDIAL-B NF (BICARBONATO) SOL 4.,,GALON,GLN,CAJA,4,,DM0477N,MEDIFARMA
7759307010832,13,PROMESTINE,1%,CREMA VAGINAL,CREMA,TUBO x 15 g,1,8/15/2021,EN04237,MEDIFARMA
7759307010856,13,CLINDESS 300 MG CJA X 100 CAP,300 MG,CAPSULA,TAB,CAJA,100,,EN-04104,MEDIFARMA SA
7759307010863,13,ELECTRORAL ADVANCE FCOX1000ML,,SOLUCION,SOLUCION,FRASCO,1000,7/19/2022,RS P2801817N,MEDIFARMA
7759307010894,13,HIDROCORTISONA 250MG AMP CJA X 25,250MG,AMPOLLA,AMP,CAJA X 25,25,,EN-05398,MEDIFARMA
7759307010962,13,CLOPAM 0.5MG TAB CJA X 100,0.5 MG,TABLETA,TAB,CJA X 100,100,9/25/2021,EN04626,MEDIFARMA S.A.
7759307010986,13,GASEOVET, 125 MG,CAP,CAP,CAJA X 100 UNIDADES,,,N022762,MEDIFARMA S.A.
7759307011150,13,CLOPAM 2MG TAB CJA X 100,2MG,TABLETA,TAB,CJA X 100,100,,EN-04625,MEDIFARMA S.A
7759307011181,13,GASEOVET CB,125 mg,Cápsula Blanda,CAPSULA,Caja Envase Blister Capsulas,10,10/4/2021,EN04734,MEDIFARMA
7759307011464,13,GASEOVET FORTE SABOR A FRESA,100 mg/mL,SUSPENSION ORAL,SUSPENSION,FRASCO GOTERO x 15 mL,1,2/28/2023,EN05968,MEDIFARMA
7759307011556,13,HEXIDINE A.V.A.,4%,SOLUCION TOPICA,LOCION,FRASCO x 1 L,1,4/17/2023,EN06058,MEDIFARMA
7759307011594,13,HEXIDINE A.V.A.,2%,SOLUCION TOPICA,LOCION,FRASCO x 60 mL,1,4/17/2023,EN06059,MEDIFARMA
7759307011617,13,FLAXEL 200MG CAP CJA X 100,200 MG,CAPSULA,CAP,CJA X 100,100,1/10/2021,EN02480,MEDIFARMA S.A.
7759307011631,13,CEFABRONCOL S 250 MG JBE X 60 ML,250 MG,JARABE,JBE,CJA X 1,1,9/19/2021,EN04578,MEDIFARMA S.A.
7759307011655,13,MEJORAL FLEX TAB 250/300MG,250/300MG,TABLETA,TAB,CAJA,100,,EN01407,MEDIFARMA
7759307011822,13,KENADOL 50mg /5mL SUS INY VIA x 5 mL CJA x 1,50MG/5ML,CAJA,CJA X 1,CAJA,1,,EN06102,MEDIFARMA
7759307011860,13,VANCOMED VIA 500MG,500mg,VIAL,VIA,CAJA,25,,EN05771,MEDIFARMA
7759307011907,13,VECUBROM,4 mg/mL,POLVO PARA SOLUCION INYECTABLE,INYECTABLE,VIAL + SOLVENTE,25,4/12/2021,EN03277,MEDIFARMA
7759307012034,13,KETOZOL 30MG/ML INY 1ML CJA X 10,30 MG/ML,AMPOLLA,AMP,CJA X 10,10,,EN-00059,MEDIFARMA S.A
7759307012072,13,MEDIFENONA 150 MG TAB CJA X 30,150 MG,TABLETA,TAB,CJA X 30,30,8/2/2023,EN06274,MEDIFARMA S.A.
7759307012140,13,AKA-PRED AC GTS OFT 1% 5ML,1%,FRASCO,FCO,FRASCO,1,9/14/2023,EN06346,MEDIFARMA
7759307012195,13,MEDICORT 4MG TAB X 20,4 MG,TABLETA,TAB,CJA X 20,20,3/29/2024,EN02332,MEDIFARMA S.A.
7759307012676,13,KETOZOL,10 mg,Tableta Recubierta,TABLETA,Caja Envase Blíster Tableta Recubierta,50,3/27/2018,EN00057,MEDIFARMA
7759307013352,13,SUERO FISIOLOGICO 9% INY AMP X20ML CJA X 25 (MEDIF),"9,00%",AMPOLLA,AMP,CJA X 25,25,8/11/2023,EN05338,MEDIFARMA S.A.
7759307013505,13,MEDISALAZINA 500 MG TAB  CJA X 30,500 MG,TABLETA,TAB,CJA X 30,30,5/9/2024,EN06775,MEDIFARMA S.A.
7759307013949,13,MEDIZOL FORTE,50 mg/10 mL,SOLUCION INYECTABLE,INYECTABLE,AMPOLLA x 10 mL,10,8/20/2024,EN07036,MEDIFARMA
7759307014588,13,IXEL,6 mg/mL,SOLUCION ORAL,SOLUCION ORAL,FRASCO,1,,RD3510-2020,MEDIFARMA
7759307056038,13,DOLOMAX,400mg,Tableta,Tableta,Caja Tab.,20,12/15/2012,N16562,MEDIFARMA
7759307056045,13,RYNATAN,,CAJA,TABLETAS,Tab. x 30,1,,N-4362,Medifarma S.A.
7759307066631,13,LINCOPLUS,500mg,Cápsula,Capsula,Caja Cap.,12,2/10/2012,N16287,MEDIFARMA
7759307071246,13,MACRODANTINA,50mg,Cápsula,Capsula,Caja Cap.,40,9/30/2011,N5804,MEDIFARMA
7759307078368,13,MACRODANTINA,25MG / 5 ML,SUSPENCIÓN,SUSPENSIÓN,25mg Susp. x 120ml,1,2/1/2021,EN - 02671,MEDIFARMA
7759307078375,13,DOLOMAX,100mg/5mL,Suspensión,Suspension,Fco. X 60 mL,1,5/4/2010,N19634,MEDIFARMA
7759307078399,13,ISODINE,7.50%,Solución,Solucion,Fco. X 60 mL,1,8/23/2012,N12954,MEDIFARMA
7759307078429,13,CEFABRONCOL,250mg+15mg/5mL,Solución Oral,Solucion,Fco. X 75 mL,1,6/12/2010,N19678,TRIFARMA
7759307078436,13,FURACIN,0.20%,Solución Tópica,Solucion,Fco. X 60 mL,1,11/23/2013,N3187,MEDIFARMA
7759307078450,13,ISODINE,10%,Solución,Solucion,Fco. X 120 mL,1,8/23/2012,N12953,MEDIFARMA
7759307078467,13,FURACIN,0.2%,POMADA,POMADA,POTE,1,,N20238,MEDIFARMA
7759307078498,13,CEFABRONCOL,500mg,Cápsula,Capsula,Caja Cap.,12,6/13/2010,N19680,TRIFARMA
7759307078504,13,AMOXIDIN CL 600MG/5ML,600MG/42.9MG,SUSPENSIÓN,SUSPENSION,FRASCO X 100 ML,1,,N026372,MEDIFARMA
7759307079399,13,ISODINE ESP 7.5%  60ML,0.075,FRASCO,FCO,FRASCO,1,,EN00102,MEDIFARMA
7759307104173,13,ELECTRORAL N.F,/500ml,REPOSICIÓN DE ELECTROLITOS,SOLUCIÓN PARA USO ORAL,SOLUCIÓN,1,6/1/2019,N-16542,MEDIFARMA
7759307105026,13,XILONEST,5%,Pomada,Unguento,Tubo X 10 g,1,5/30/2013,N11611,MEDIFARMA
7759307108652,13,XILONEST,2%,VIAL,VIAL,CAJA,12,,N17729,TRIFARMA
7759307109277,13,BRONCOXAN DILAT GTS X 15ML,,,,,1,,,LABORATORIOS TRIFARMA S.A.
7759307114462,13,CREMA DR ZAIDMAN CRM 100G POT X 1 (NI),100 GR,CREMA,CRM,CJA X 1,1,11/22/2024,EN07827,MEDIFARMA S.A.
7759307146524,13,LECHE-MAGNESIA-PHILL FCOx120CC,,,,,1,,,FARPASA
7759307146548,13,LECHE-MAGNESIA-PHILL FCOx360ML,,,,,1,,,FARPASA
7759307174077,13,SAL DE ANDREWS SOBREX1,,,,,1,,,FARPASA
7759307183000,13,ELECTRORAL NF,1000 ML,FRASCO,FRASCO,1000 ML HIERBA LUISA,1,,N-16541,MEDIFARMA
7759307207188,13,GASEOVET,40mg,Tableta,Tableta,Caja Tab.,150,3/1/2011,N3391,MEDIFARMA
7759307207966,13,ELECTRORAL NF SABOR A FRESA,,Solución,Solucion,Fco. X 1 L,1,11/18/2012,N16542,MEDIFARMA
7759307225519,13,MENTHOLATUM,,Ungüento,Unguento,Pote X 30 g,1,8/18/2012,N2187,MEDIFARMA
7759307227391,13,ELECTROLIGHT FCO,fco x 800 ml,FRaSCO,FRASCO,fco x 800ml,1,,P2802311N,MEDIFARMA
7759307227421,13,DYCLOBIOT,500mg,CAJA,CAJA,CJA * 100,100,12/18/2014,N0167420000,MEDIFARMA
7759307233026,13,BRONCOXAN DILAT,0.005/7.5 MG/ 5 ML,JARABE VIA ORAL,JARABE,Jbe. x 120ml,1,2/1/2020,EN-00553,MEDIFARMA
7759307233033,13,BRONCOXAN AMOXI,500mg+30mg,Cápsula,Capsula,Disp. Cap.,100,9/29/2009,N19373,MEDIFARMA
7759307244978,13,NEFRO CIP,500mg,Cápsula,Capsula,Caja Cap.,100,7/12/2010,N19704,MEDIFARMA
7759307253406,13,DOLOMAX,400mg,Tableta,Tableta,Caja Tab.,120,12/15/2012,N16562,MEDIFARMA
7759307253871,13,MENTHOLATUM,,Ungüento,Unguento,Tubo X 18 g,12,8/18/2012,N2187,MEDIFARMA
7759307258500,13,SOLOUNA 5,,Solución para Inyección,Inyectable,Amp. X 1 mL + Jer.,1,5/17/2012,N20217,MEDIFARMA
7759307277075,13,DEQUAZOL R,,Ovulo,Ovulo,Disp. Ov.,60,1/20/2014,N19151,MEDIFARMA
7759307277426,13,METROZOL,,Ovulo,Ovulo,Caja Ov.,60,7/20/2013,N13309,MEDIFARMA
7759307288309,13,BEN GAY SPORT,,Gel,Gel,Tubo X 28 g,1,1/10/2013,N20476,MEDIFARMA
7759307300186,13,ELECTRORAL NF SABOR ANIS,,Solución,Solucion,Caja Fco. X 1 L,1,10/30/2011,N11899,MEDIFARMA
7759307327312,13,RANITIDINA,50mg,CAJA,CJA,CAJA,100,2/6/2015,NG019850001,MEDIFARMA
7759307327336,13,SULFAMETOXAZOL + TRIMETOPRIMA (MEDIFARMA),,AMPOLLA,AMP,CAJA X 1,1,,EN-00027,MEDIFARMA
7759307365444,13,SOLUCION DE BUROW X 55 ML.,,FRASCO,FRASCO,SOLUCION,1,,,MEDIFARMA
7759307365451,13,SOLUCION BUROW SOLx110ML,,,,,1,,,MEDIFARMA S.A.
7759307365468,13,SOLUCION DE BUROW,240ML,solucion,frasco,FRASCO X 240 ML,1,1/2/2019,GN-0010,MEDIFARMA
7759307390125,13,EVACUOL,,Enema,Enema,Fco. X 250 mL,1,2/12/2012,N13702,MEDIFARMA
7759307390132,13,EVACUOL PEDIATRICO,,Enema,Enema,Fco. X 65 mL,1,7/6/2010,N18031,MEDIFARMA
7759307390644,13,FOSFOKALIUM,1meq/0.6mmol/1m,AMPOLLA,AMPOLLA,AMPOLLA,1,,N20917,TRIFARMA
7759307390651,13,EVACUOL,,Enema,Enema,Fco. X 130 mL,1,2/12/2012,N13702,MEDIFARMA
775930743041,13,AGUA ESTERIL PARA INYECCION 1000 MG,1000 Ml,frasco,fco,frasco,1,,,
7759307433167,13,SOLUCION POLIELECTROLITICA,,Solucion,Solucion,FCO 1000ML,1,3/10/2014,NG1949,MEDIFARMA
7759307433228,13,AMIKABIOT,1g/4mL,Inyectable,Inyectable,Caja Amp. X 4 mL + Jer.,1,4/15/2014,N21156,MEDIFARMA
7759307433341,13,PACITRAN,10mg,Solución para Inyección,Inyectable,Amp. X 2 mL,5,6/27/2013,N11638,MEDIFARMA
7759307433358,13,PACITRAN 10MG x 100 TAB.,10mg,CAJA,CAJA,TABLETAS,100,,,MEDIFARMA
7759307433396,13,GRAVOL,50mg,Tableta,Tableta,Caja Tab.,100,12/27/2011,N2867,MEDIFARMA
7759307433402,13,GRAVERGOL,,Cápsula,Capsula,Caja Cap.,20,12/23/2011,N2866,MEDIFARMA
7759307433440,13,MACRODANTINA,100mg,Cápsula,Capsula,Caja Cap.,40,9/30/2011,N11975,MEDIFARMA
7759307433457,13,FURACIN,0.002,FRASCO,SOLUCION,0.2% Tópico Sol. x 1000ml,,,N-3187,Medifarma S.A.
7759307433464,13,FURACIN,0.20%,Pomada tópica,Unguento,35 g,1,6/7/2012,N20238,MEDIFARMA
7759307434034,13,KALYUM CLORATUM,20%,AMPOLLA,AMPOLLA,CAJA,25,,N11754,TRIFARMA
7759307434041,13,CLORURO DE SODIO,0.09,SOLUCION,SOLUCION,9% SOL. X 1000 ML,1,,EG-690,LAB. HERSIL S.A.
7759307434058,13,HIPERSODIO,20%,AMPOLLA,AMPOLLA,CAJA,25,,N11901,TRIFARMA
7759307434119,13,DEXTROSA,50%,SOLUCION,SOLUCION,CAJA,12,,N13579,TRIFARMA
7759307434133,13,DYCLOBIOT,250mg/5,FRASCO,FRASCO,FCO *   1,1,6/23/2017,N0179180001,MEDIFARMA
7759307434171,13,DOLOFENAC FLEX,4/50MG,TABLETA,TABLETA,CAJA,100,,N21489,TRIFARMA
7759307434218,13,XILONEST,2%,JALEA,JALEA,TUBO,1,,N11514,TRIFARMA
7759307434225,13,XILONEST,2%,VIAL,VIAL,CAJA,12,,N11304,TRIFARMA
7759307434232,13,XILONEST,,VIAL,VIAL,CAJA,12,,N17578,TRIFARMA
7759307434300,13,ELECTRORAL PEDIATRICO,1000 ML,FRASCO,SOLUCION,Fco. x 1000ml Anís,,,N-20382,MEDIFARMA S.A.
7759307439091,13,TILDEROL FORTE TAB X1,,,,,1,,,MEDIFARMA S.A.
7759307439107,13,TILDEROL FORTE NF,,Tableta,Tableta,Caja Tab.,20,1/11/2014,N19136,MEDIFARMA
7759307443661,13,GRAVOL,15mg/5mL,Jarabe,Solucion,Fco. X 60 mL,1,4/16/2014,N21158,MEDIFARMA
7759307443678,13,GRAVOL A/P,75mg,Cápsula,Capsula,Caja Cap.,12,5/6/2012,N2870,MEDIFARMA
7759307443685,13,GRAVOL,50mg,Tableta,Tableta,Caja Tab.,20,12/27/2011,N2867,MEDIFARMA
7759307443708,13,FUROXONA,100mg,Tableta,Tableta,Caja Tab.,100,1/25/2012,N3372,MEDIFARMA
7759307443715,13,FUROXONA,50mg/15mL,Suspensión,Suspension,Fco. X 120 mL,1,1/28/2012,N3373,MEDIFARMA
7759307443722,13,KETAMINA,50 mg/mL,SOLUCION INYECTABLE,INYECTABLE,AMPOLLA x 10 mL,50,7/8/2023,EN00688,MEDIFARMA
7759307443739,13,SOLUNA,,Solución para Inyección,Inyectable,Amp. X 2 mL,1,2/22/2012,N12759,MEDIFARMA
7759307443753,13,EPITELIOL,100000UI,Solución Bebible,Solucion,Amp. X 10 mL,1,8/19/2011,N284,MEDIFARMA
7759307443760,13,BIOTINOL,300mcg/10mL,Solución Bebible,Solucion,Fco. Amp. X 10 mL,1,3/2/2011,N4487,MEDIFARMA
7759307455275,13,GASEOVET,80mg,Tableta,Tableta,Caja Tab.,30,3/12/2010,N14315,MEDIFARMA
7759307455282,13,FURACIN,6mg,Ovulo,Ovulo,Caja Ov.,12,3/29/2012,N3384,MEDIFARMA
7759307455299,13,METROZOL,,Ovulo,Ovulo,Caja Ov.,6,7/20/2013,N13309,MEDIFARMA
7759307460064,13,GRAVOL,12.5 MG,SUPOSITORIOS,SUP,caja por 10 sup.,1,,n°22754,medifarma
7759307472760,13,GASEOVET,40 MG.,TABLETAS,TABLETAS,CAJA,40,,N-3391,MEDIFARMA
7759307472791,13,AB BRONCOL,600mg,Polvo para Solución Inyectable,Inyectable,Amp.,1,4/29/2010,N12075,MEDIFARMA
7759307472814,13,DEQUAZOL R,,Ovulo,Ovulo,Disp. Ov.,8,1/20/2014,N19151,MEDIFARMA
7759307472821,13,TEPAZEPAN,,Cápsula,Capsula,Caja Cap.,12,4/7/2010,N21689,MEDIFARMA
7759307472838,13,RYNATAN,,Tableta,Tableta,Caja Tab.,100,10/20/2010,N4362,MEDIFARMA
7759307472845,13,FLUCOZOL,150mg,Cápsula,Capsula,Caja Cap.,1,11/21/2010,N18222,MEDIFARMA
7759307511759,13,RANITIDINA,300mg,Tableta,Tableta,Caja Tab.,100,5/10/2010,NG1245,MEDIFARMA
7759307511766,13,RANITIDINA,150mg,Tableta Recubierta,Tableta,Caja Tab.,100,4/21/2014,NG1986,MEDIFARMA
7759307533423,13,AB BRONCOL,300mg,Polvo para Solución Inyectable,Inyectable,Amp.,1,5/29/2010,N12076,MEDIFARMA
7759307533508,13,DOLOFARMALAN 25,,Tableta Recubierta,Tableta,Caja Tab.,20,10/25/2011,N20023,MEDIFARMA
7759307533522,13,PACITRAN,5mg,Tableta,Tableta,Caja Tab.,30,11/23/2014,N4838,MEDIFARMA
7759307534826,13,TRI AZIT,AZITROMICINA  200 MG / 5ML) SUSP. X 15 ML.,POLVO PARA SUSPENSIÓN ORAL X 15 ml,P/SUSP.,SUSPENSIÓN ORAL,1,11/1/2018,EN-01250,MEDIFARMA
7759307534840,13,ISODINE,10%,Solución,Solucion,Fco. X 60 mL,1,8/23/2012,N12953,MEDIFARMA
7759307534857,13,HIDRAX,,Solución,Solucion,Fco. X 60 mL,1,1/14/2013,N20482,MEDIFARMA
7759307541817,13,BRONCO AMOXIDIN,500mg+300mg,Tableta,Tableta,Sob. Tab.,100,10/26/2012,N16522,MEDIFARMA
7759307541831,13,PLASYODINE,,Solución Tópica,Solucion,Fco. X 70 mL,1,11/16/2010,N3145,MEDIFARMA
7759307541848,13,FUROXONA,100mg,Tableta,Tableta,Caja Tab.,20,1/25/2012,N3372,MEDIFARMA
7759307541855,13,MALTLEVOL 12,,Jarabe,Solucion,Fco. X 360 mL,1,2/6/2012,N3765,MEDIFARMA
7759307541862,13,GASEOVET,80mg /1ml,FRASCO,GOTAS,80mg /1ml Gotas x 15ml,,,EN-01920,Medifarma S.A.
7759307549769,13,EVACUOL F,,Solución,Solucion,Caja Fco. X 45 mL,1,5/17/2010,N21772,MEDIFARMA
7759307551236,13,NITROFURANTOINA,100mg,Tableta,Tableta,Caja Tab.,100,4/16/2011,NG2707,MEDIFARMA
7759307556941,13,GASEOVET SABOR A ANIS,80mg/mL,Gotas,Solucion,Fco. X 15 mL,1,11/17/2009,N19440,MEDIFARMA
7759307556965,13,SULFAGNESIUN,20% X 10 ml.,AMPOLLA,AMPOLLA,CAJA,25,,N22521,MEDIFARMA
7759307556972,13,PICRATO DE BUTABAN,,Ungüento,Unguento,Tubo X 30 g,1,9/16/2011,N1415,MEDIFARMA
7759307556989,13,RYNATAN,,Suspensión,Suspension,Fco. X 60 mL,1,11/5/2010,N4374,MEDIFARMA
7759307557016,13,DOLOFARMALAN FORTE,50mg/500mg,tabletas,tabletas,caja,20,2/1/2021,N-19971,MEDIFARMA
7759307569361,13,BRONCO MEDIMOX,500mg+8mg,Tableta Recubierta,Tableta,Caja Tab.,80,5/25/2011,N19941,MEDIFARMA
7759307569866,13,BRONCO TRIFAMOX,500mg+4mg,Cápsula,Capsula,Caja Cap.,100,5/13/2011,N18443,MEDIFARMA
7759307570114,13,BRONCO TRIFAMOX,250mg+4mg/5mL,Polvo para Suspensión Oral,Suspension,Fco. X 60 mL,1,5/13/2011,N18441,MEDIFARMA
7759307570121,13,BRONCO TRIFAMOX,125mg+4mg/5mL,Polvo para Suspensión Oral,Suspension,Fco. X 60 mL,1,5/13/2011,N18442,MEDIFARMA
7759307618700,13,ACARIL,,Crema,Crema,42 g,1,1/15/2013,N11414,MEDIFARMA
7759307618717,13,LINCOPLUS,600mg,Inyectable,Inyectable,Amp. X 2 mL,5,2/10/2012,N16288,MEDIFARMA
7759307618731,13,DEQUAZOL ORAL 500,500mg,Tableta,Tableta,Caja Tab.,20,4/25/2012,N16377,MEDIFARMA
7759307618762,13,GASEOVET,80mg/mL,Gotas,Solucion,Fco. X 15 mL,1,8/23/2011,N3620,MEDIFARMA
7759307618793,13,RAQUIFEROL D3,600000UI,Solución Bebible,Solucion,Fco. Amp. X 10 mL,1,8/19/2011,N255,MEDIFARMA
7759307633451,13,TRI AZIT,500mg,Comprimido,Tableta,Blist. Comp.,3,4/27/2010,N17940,MEDIFARMA
7759307653442,13,MEJORAL,,Tableta,Tableta,Caja Tab.,200,8/31/2011,N759,FARMA DEL PACIFICO
7759307665520,13,IMIPENEM 500 MG+CILASTATINA 500 MG,500MG+500MG,VIAL,VIAL,CAJA X 1 UNIDAD,1,,NG05809,MEDIFARMA
7759307682558,13,TEPAZEPAN,,CAJA,CAPSULAS,Caps. x 102,1,,N-21689,Medifarma S.A.
7759307700122,13,PACITRAN,10mg,Tableta,Tableta,Caja Tab.,30,11/23/2014,N4837,MEDIFARMA
7759307730686,13,GASEO 3,,Cápsula,Capsula,Caja Cap.,12,6/11/2011,N19950,MEDIFARMA
7759307738958,13,SUERO-FISIOLOGICO AMP X 20MLX1,,AMPOLLA,,CAJA,1,,,TRIFARMA
7759307791793,13,FUROXONA FORTE,50mg/5mL,Suspensión,Suspension,Fco. X 120 mL,1,9/14/2010,N19763,MEDIFARMA
7759307803885,13,MEDICORT,4mg/2mL,Solución para Inyección,Inyectable,Caja Amp. X 2 mL,1,9/3/2011,N20001,MEDIFARMA
7759307811286,13,QUITOSO PLUS,1%,Champú,Champu,Fco. X 60 mL,1,2/13/2012,N20117,MEDIFARMA
7759346000023,13,OCTAPLEX,500 UI,POLVO PARA SOLUCION PARA PERFUSION,INYECTABLE,VIAL + SOLVENTE + JERINGA,1,4/18/2017,BE00401,GREY INVERSIONES
7759357008051,13,AMPIBACTAM-S SUS,250MG,FRASCO,FCO,FCO,1,,N27116,MEDIFARMA
7759387000020,13,RILATEN 20MG /2ML INY,20MG,INYECTABLE,INYECTABLE,CAJA,6,,E-14454,MENARINI
7759387000037,13,LATIXA 500MG X 60 COMP (A.MENARINI),500 MG,TABLETA,TAB,CJA X 60,60,6/3/2021,EE03208,A. MENARINI LATIN AMERICA
7759387000044,13,LATIXA 1000MG TAB CJA X 60 (MENARINI),1000 MG,TABLETA,TAB,CJA X 60,60,9/28/2021,EE04254,"A. MENARINI LATIN AMERICA, S.L.U."
7759387000099,13,RILATEN TAB 10MG,10mg,TABLETA,TAB,CAJA,30,12/11/2018,EE01076,ITALFARMACO
7759598000031,13,TOBRACOMP,,Solución,Solucion,Fco. X 5 mL,1,6/11/2009,N21244,ALBIS
7759598000048,13,DIMEFOR,500mg,Tableta,Tableta,Caja Tab.,50,6/21/2014,N21263,ALBIS
7759598000109,13,DUROST,70mg,Tableta,Tableta,Caja Tab.,2,4/1/2013,N20611,ALBIS
775959800011,13,DISLEP 25MG AMP X 1,,,,,1,,,FERRER INTERNACIONAL S.A.
7759598000116,13,DISLEP,25mg/2mL,Inyectable,Inyectable,Caja Amp. X 2 mL,6,6/20/2013,N24755,ALBIS
7759598000123,13,DIMEFOR,850mg,Tableta,Tableta,Caja Tab.,30,9/25/2013,N20857,ALBIS
7759598000215,13,ILOSONE,2%,Solución,Solucion,Fco. X 30 mL,1,11/5/2013,N20925,ALBIS
7759598000222,13,TAPAZOL,5mg,Tableta,Tableta,Caja Tab.,50,11/21/2013,N20950,ALBIS
7759598000307,13,ILOSONE,250mg/5mL,Suspensión Oral,Suspension,Fco. X 60 mL,1,11/27/2013,N20956,ALBIS
7759598000314,13,ILOSONE,125mg/5mL,Suspensión Oral,Suspension,Fco. X 60 mL,1,11/28/2013,N20958,ALBIS
7759598000321,13,ERGOTRATE,0.2mg,Tableta,Tableta,Caja Tab.,30,9/26/2013,N20851,ALBIS
7759598000345,13,ERGOTRATE,0.2MG,AMPOLLA,AMPOLLA,AMPOLLA,1,,N20849,CIPA
7759598000413,13,GHEM,0.30%,Solución,Solucion,Fco. Got. X 5 mL,1,1/3/2012,N20065,ALBIS
7759598000468,13,QUALITEARS,,Solución Oftálmica,Solucion Oftalmica,Fco. X 15 mL,1,6/17/2009,N21256,ALBIS
7759598000475,13,CLOCORT,5 ML.,GOTAS OFTALMICAS,GOTAS,FRASCO,1,,N-21260,PHARMAVISION
7759598000529,13,DIMEFOR,1g,Tableta,Tableta,Caja Tab.,30,9/16/2014,N21400,ALBIS
7759598000536,13,BIDIMEFOR,500mg+2.5mg,Tableta Recubierta,Tableta,Caja Tab.,30,12/27/2009,N21496,ALBIS
7759598000550,13,BIDIMEFOR,500mg+5mg,Tableta Recubierta,Tableta,Caja Tab.,30,6/24/2010,N21843,ALBIS
7759598000567,13,CECLOR AF,500mg,Tableta,Tableta,Caja Tab.,10,5/24/2010,E17354,ALBIS
7759598000574,13,CECLOR,250mg/5mL,Suspensión Líquida,Suspension,Fco. X 100 mL,1,6/15/2010,E17417,ALBIS
7759598000659,13,CLOCORT H,,Ungüento,Unguento,Tubo X 4 g,1,2/4/2010,N21546,ALBIS
7759598000666,13,HELOPANZYM NF,,Cápsula,Capsula,Caja Cap.,100,8/17/2010,N21911,ALBIS
7759598000673,13,CEDEINA EXPECTORANTE,,Jarabe,Solucion,Fco. X 60 mL,1,4/19/2012,N4957,ALBIS
7759598000680,13,CEDEINA,,Jarabe,Solucion,Fco. X 60 mL,1,8/18/2011,N130,ALBIS
7759598000727,13,VITACOSE,,Gragea,Tableta,Caja Grag.,100,7/6/2010,N18047,ALBIS
7759598000758,13,PROMALGEN N,1g/2mL,Inyectable,Inyectable,Caja Amp. X 2 mL,25,2/4/2014,N17190,ALBIS
7759598000789,13,ISALGEN,20mg/mL,Inyectable,Inyectable,Caja Amp. X 1 mL,25,7/6/2010,N18051,ALBIS
7759598000901,13,T-EYES,0.5,GOTAS OFTALMICAS,GOTAS OFTALMICAS,GOTAS,1,,N-22114,PHARMA VISION
7759598000956,13,VASPENTOX,400mg,Tableta,Tableta,Caja Tab.,20,5/27/2009,N21214,ALBIS
7759598000963,13,DORSOF T,,Solución Oftálmica,Solucion Oftalmica,Fco. X 5 mL,1,6/20/2011,N22630,ALBIS
7759598000970,13,DORSOF,20mg,Solución Oftálmica,Solucion Oftalmica,Fco. X 5 mL,1,6/20/2011,N22633,ALBIS
7759598001199,13,MAGNOPYROL SODICO,250mg/5mL,Jarabe,Solucion,Fco. X 60 mL,1,8/15/2012,N23749,ALBIS
7759598001274,13,ANEURIN FORTE,,Gragea,Tableta,Caja Grag.,100,3/23/2012,N23356,ALBIS
7759598002073,13,DICLOMED,75MG/3M,SOLUCION PARA INYECCION,INYECTABLE,CJA 25 AMP,25,9/1/2026,EE-01959,CIPA MFA
7759598002363,13,DOLODICLOMED,500 MG/ 50 MG,TABLETA,TABLETA,CJA 100 TAB REC,100,9/1/2027,EE-01960,CIPA MFA
7759598002721,13,TIORFAN ADULTOS 100 MG CAPSULA,100 mg,capsula,cap,CAJA X 10 CAPSULAS,10,,R.S.N°: E-20840,FERRER
7759598002738,13,PYRALVEX,10 ML,FRASCO,FRASCO,FCO. X 10 ML C/PINCEL,1,,PNE-0367,NORGINE PHARMA
7759598002790,13,TIORFAN LACTANTES,10mg,Granulos,Granulos,Caja Sob. X 1g,18,12/31/2013,N21003,ALBIS
7759598002806,13,TIORFAN,30 MG,SOBRES,SOBRES,Niños 30mg Caja Sobres x 18,1,,N-21002,LAB. FERRER GRUPO INT.
7759598002875,13,GYNO-ZALAIN CAJA OV. X 1,300MG,OVULOS,OVULOS,CAJA,1,,N-24179,FERRER
7759598003650,13,gyno zalain 2%,0.02,crema vaginal,crm vag,crema vaginal,1,,N-19434,FERRER
7759598003681,13,DISLEP,25MG,COMPRIMIDO,COMPRIMIDO,CAJA,20,,N20038,FERRER
7759598003698,13,DISLEP,2.5%,GOTAS,GOTAS,FRASCO,1,,N20059,FERRER
7759598004244,13,TOTAL MAGNESIANO,8 G.,CAJA,SOBRES,Efer. Caja Sobres Polvo x 24 x 8g,1,,DE-1258,TEMIS LOSTALO
7759598004459,13,TAPAZOL TAB 20MG,20MG,TABLETA,TABLETA,CJA *  50,50,,N26963,CIPA
7759598004466,13,ILOBROM JARABE,60 ML,solucion,frasco,frasco x 1,1,1/3/2016,1030493,ALBIS SA
7759598005920,13,DISLEP 25MG CJA COMP X 100,25MG,TABLETAS,TABLETAS,CAJA,100,,N-20038,FERRER
7759598006408,13,VESICARE 5 MG X 10 TAB,5MG,TABLETAS,TABLETAS,caja,10,,,ASTELLA
7759598006880,13,MYRBETRIC 50 MG CJA X10 COMP,50MG,COMPRIMIDO,COMP,CAJAX10,10,,EE-00808,QUIMICA SUIZA
7759598006897,13,MYRBETRIC COM 25MG,25mg,COMPRIMIDO,COM,CAJA,20,,EE00901,GENOMMA
7759598007061,13,GAMALATE NF,250 MG,CAJA,TABLETAS,250mg Tab. Rec. x 60,,,EN-05343,Lab. Ferrer Grupo Internacional S.A.
7759598007283,13,CLOCORT H NF,1 g + 0.5 g/100 g,UNGUENTO OFTALMICO,UNGÜENTO,TUBO x 3 g,1,11/6/2022,EN05721,EURO LATINA HEALTHCARE
7759598007313,13,DIGRAVIN TAB CJA X 20 (CIPA),500 MG,TABLETA,TAB,CJA X 20,20,6/4/2021,EN05440,QUIMICA SUIZA S.A.C.
7759598007337,13,VITACOSE PLUS SOL. INYECTABLE 1ML + 4ML (CIPA),1ML + 4ML,AMPOLLA,AMP,CAJA X 2,2,,EN-03828,CIPA
7759598088534,13,BROMAZEPAM,3mg,Tableta,Tableta,Caja Tab.,100,4/22/2012,NG1577,MEDCO
7759598095532,13,MIALGIN COMPUESTO,,Tableta Laqueada,Tableta,Caja Tab.,10,1/10/2011,N19851,ALBIS
7759598095549,13,ESPAST,10mg,Tableta,Tableta,Caja Tab.,20,1/18/2014,N19146,ALBIS
7759598095556,13,MIALGIN,60mg/2mL,Inyectable,Inyectable,Amp. X 2 mL + Jer.,1,5/17/2014,N19245,ALBIS
7759598095563,13,GASTRINE,,Suspensión,Suspension,Fco. X 150 mL,1,7/26/2010,N19723,ALBIS
7759598096041,13,ANEURIN FORTE,,Gragea,Tableta,Caja Grag.,30,3/23/2012,N23356,ALBIS
7759598096065,13,DIGRAVIN,,Tableta,Tableta,Caja Tab.,100,6/4/2011,N18476,ALBIS
7759598176606,13,DOLO ANEURIN,,Solución para Inyección,Inyectable,Amp. I/II + Jer. X 3 mL,1,10/27/2010,N19801,ALBIS
7759598179331,13,DOLO ANEURIN,,Tableta Recubierta,Tableta,Caja Tab.,10,3/9/2011,N19893,ALBIS
7759598182614,13,ALENTAL,,Gragea,Tableta,Caja Grag.,20,3/10/2011,N5525,ALBIS
7759598182706,13,FENOBARBITAL CIPA,200MG,AMPOLLA,AMPOLLA,AMPOLLA,1,,NG0183,CIPA
7759598183284,13,PROMALGEN N,500mg,Tableta,Tableta,Caja Tab.,100,8/16/2011,N143,ALBIS
7759598183291,13,SEDOTROPINA,1mg/mL,Gotas,Solucion,Fco. X 15 mL,1,8/16/2011,N148,ALBIS
7759598183307,13,SEDOTROPINA FLAT,,Gotas,Solucion,Fco. X 15 mL,1,2/26/2011,N19890,ALBIS
7759598183314,13,SIM 12,1mg,Cápsula,Capsula,Caja Cap.,30,5/31/2011,N4982,ALBIS
7759598183321,13,FENOBARBITAL,100mg,Tableta,Tableta,Caja Tab.,30,4/18/2011,NG0182,ALBIS
7759598183338,13,VITACOSE,,Jarabe,Solucion,Fco. X 100 mL,1,9/27/2010,N19782,ALBIS
7759598183345,13,VITACOSE,,Inyectable,Inyectable,Amp. X 2 mL + Jer.,1,10/28/2009,N19404,ALBIS
7759598183666,13,ISALGEN COMPUESTO,500mg+10mg,Tableta,Tableta,Caja Tab.,100,7/6/2010,N18053,ALBIS
7759598183680,13,ISONIACIDA,100mg,Tableta,Tableta,Caja Tab.,100,11/6/2012,NG701,ALBIS
7759598183765,13,GAMALATE B6,,Gragea,Tableta,Caja Grag.,20,5/20/2012,N12083,ALBIS
7759598183772,13,GAMALATE B6,,Gragea,Tableta,Caja Grag.,60,5/20/2012,N12083,ALBIS
7759598183789,13,GAMALATE B6,,Solución,Solucion,Fco. X 80 mL,1,12/16/2012,N12211,ALBIS
7759598183802,13,GLIDIABET,5mg,Comprimido,Tableta,Caja Comp.,100,8/11/2013,N12347,ALBIS
7759598183819,13,HADENSA,,Pomada,Unguento,Tubo X 15 g,1,6/12/2010,N14378,ALBIS
7759598183826,13,HADENSA,,Supositorio,Supositorio,Caja Sup.,10,12/4/2010,N14489,ALBIS
7759598183833,13,NUCLEO CMP FORTE,,Cápsula,Capsula,Caja Cap.,20,12/11/2012,N14886,ALBIS
7759598183840,13,PSICO SOMA,,Jarabe,Solucion,Fco. X 90 mL,1,7/14/2013,N12335,ALBIS
7759598184502,13,SOMAZINA,500mg,Inyectable,Inyectable,Amp. X 4 mL,2,3/12/2012,N13711,ALBIS
7759598184519,13,SOMAZINA,100mg/mL,Solución Oral,Solucion,Fco. X 30 mL,1,7/27/2013,N13310,ALBIS
7759598184526,13,TRIDENOVAG,,Crema,Crema,Tubo X 15 g,1,8/21/2013,N13342,ALBIS
7759598184533,13,ZALAIN,2%,Crema,Crema,Tubo X 15 g,1,11/15/2013,N17013,ALBIS
7759598185042,13,LEUCOBASAL,10%,Pomada,Unguento,Tubo X 30 g,1,3/19/2012,N23340,ALBIS
7759598185073,13,TRIACANA,0.35mg,Comprimido,Tableta,Caja Comp.,100,3/13/2013,N13172,ALBIS
7759598495363,13,CIPROFTA,0.30%,Solución Oftálmica,Solucion Oftalmica,Fco. Got. X 5 mL,1,12/26/2011,N20060,ALBIS
7759598495370,13,NADIF,0.10%,Solución Oftálmica,Solucion Oftalmica,Fco. Got. X 5 mL,1,3/8/2012,N20159,ALBIS
7759598495387,13,TIMOFTA,0.005,FRASCO,FRASCO,FCO *   1,1,10/7/2015,N0200560001,PHARMA VISION
7759598750844,13,HELMIBEN,150mg,Tableta,Tableta,Caja Tab.,4,5/30/2013,N18921,ALBIS
7759598859035,13,OFTACRIL,2%,Solución,Solucion,Fco. Got. X 5 mL,1,1/11/2013,N24209,ALBIS
7759598867320,13,GRAVITANOL-N,,Tableta Recubierta,Tableta,Caja Tab.,30,6/13/2010,N21814,ALBIS
7759604000017,13,SRILANE,0.05,CREMA,CRM,CREMA,1,,e-18533,MERCK
7759604000062,13,ZITAX,500mg,Tableta,Tableta,Caja Tab.,3,2/6/2013,E20285,MERCK PERUANA
7759604000079,13,GLUCOPHAGE XR,500mg,Comprimido,Tableta,Caja Comp.,30,3/5/2013,E20432,MERCK PERUANA
7759604000093,13,DOLO NEUROBION,,Solución para Inyección,Inyectable,Caja Amp. I X 1 mL + Amp. II X 2 mL,1,4/16/2012,E14548,MERCK PERUANA
7759604000147,13,NEUROBION,100 mg,Cápsula,Capsula,Caja x 100 cap,100,,N040070,MERCK PERUANA
7759604000208,13,DISMAM L,3.3g/5mL,Solución,Solucion,Caja Fco. X 120 mL + Vaso Dosificador,1,6/15/2010,E17418,MERCK PERUANA
7759604000222,13,EUTIROX,200mcg,Tableta,Tableta,Caja Tab.,50,11/22/2010,E17823,MERCK PERUANA
7759604000246,13,HEPABIONTA,,Inyectable,Inyectable,Amp.,3,7/3/2013,N5328,MERCK PERUANA
7759604000253,13,LUTENYL,5MG,TABLETA,TABLETA,CAJA,10,,E21663,MERCK PERUANA
775960400032,13,EUTIROX 200 MCG CAJ X50,200 MCG CAJ X50,EUTIROX,EUTIROX,grageas,1,1/4/2018,e- 17823,EUTIROX 200 MCG CAJ X50(MERK PERUANA)
7759604000369,13,GLUCOPHAGE XR,750mg,Comprimido,Tableta,Caja Comp.,30,4/9/2013,E20561,MERCK PERUANA
7759604000376,13,DEXA NEUROBION,,Solución para Inyección,Inyectable,Caja Amp. I/II X 1 Dosis,1,1/23/2013,E20220,MERCK PERUANA
7759604000406,13,NEUROBION 1000,,Solución para Inyección,Inyectable,Caja Amp. X 3 mL,3,11/21/2011,E14210,MERCK PERUANA
7759604000420,13,NEUROBION 5000,5000,GRAGEAS,GRAGEAS,CAJAX20,20,1/8/2015,BR53623,MERCK PERUANA
7759604000451,13,EUTIROX 175 MCG,175MCG,TABLETA,TAB,CAJA X 50 UNIDADES,50,,E022807,MERCK PERUANA
7759604073066,13,DOLO NEUROBION,,Cápsula,Capsula,Caja Cap.,20,7/11/2009,N17514,MERCK PERUANA
7759604073073,13,ENCEFABOL,600mg,Gragea,Tableta,Caja Grag.,10,6/2/2013,E15570,MERCK PERUANA
7759604073080,13,GLUCOPHAGE,500mg,Comprimido,Tableta,Caja Comp.,50,2/14/2012,E10079,MERCK PERUANA
7759604073097,13,GLUCOPHAGE,850mg,Comprimido,Tableta,Caja Comp.,30,4/9/2011,E9366,MERCK PERUANA
7759604073110,13,HEPABIONTA AMPx2ML x1 C/JER,,,,,1,,,MERCK PERUANA S.A.
7759604073127,13,DOLO NEUROBION,,Cápsula,Capsula,Caja Cap.,100,7/11/2009,N17514,MERCK PERUANA
7759604073141,13,ILIADIN ADULTOS,0.5mg/mL,Spray Nasal,Solucion Nasal,Caja Fco. X 10 mL,1,4/19/2011,N3467,MERCK PERUANA
7759604073172,13,ESCLEROBION,,Gragea,Tableta,Caja Grag.,20,1/9/2012,N23149,MERCK PERUANA
7759604119319,13,PREBICTAL,75 mg,CAPSULA,CAP,Caja x 14,14,,R.S. N° E-20770,Tecnofarma
7759604180948,13,EUTIROX,25mcg,Tableta,Tableta,Caja Tab.,50,4/14/2015,E12814,MERCK PERUANA
7759604181174,13,EUTIROX,50mcg,Tableta,Tableta,Caja Tab.,50,8/9/2010,E8653,MERCK PERUANA
7759604181181,13,EUTIROX,100mcg,Tableta,Tableta,Caja Tab.,50,8/9/2010,E8654,MERCK PERUANA
7759604185516,13,GLUCOPHAGE,1g,Comprimido,Tableta,Caja Comp.,30,7/31/2011,E14061,MERCK PERUANA
7759604193191,13,EUTIROX,75mcg,Tableta,Tableta,Caja Tab.,50,4/24/2013,E10851,MERCK PERUANA
7759604193207,13,EUTIROX,125mcg,Tableta,Tableta,Caja Tab.,50,4/24/2013,E10850,MERCK PERUANA
7759604193214,13,EUTIROX,150mcg,Tableta,Tableta,Caja Tab.,50,4/14/2013,E10822,MERCK PERUANA
7759604193320,13,CONCOR,2.5mg,Comprimido,Tableta,Caja Comp.,28,9/8/2010,E13187,MERCK PERUANA
7759604193344,13,CONCOR,5mg,Comprimido,Tableta,Caja Comp.,28,8/31/2010,E13170,MERCK PERUANA
7759604199247,13,CONCOR,10mg,Comprimido,Tableta,Caja Comp.,28,8/31/2010,E13169,MERCK PERUANA
7759604723824,13,COLPOTROPHINE,1%,Crema Vaginal,Crema Vaginal,15 g,1,1/22/2014,E21469,MEDCO
7759604723831,13,COLPOTROPHINE,10mg,Cápsula Vaginal,Ovulo,Caja Cap.,10,1/26/2014,E21483,MEDCO
7759604723848,13,HEPABIONTA GRAX1,,,,,1,,,MERCK PERUANA S.A.
7759604725880,13,COLPOSEPTINE,,Comprimido Vaginal,Ovulo,Caja Comp.,18,6/12/2011,E18474,MEDCO
7762676300098,13,CYSTISTAT,40 mg,SOLUCION INYECTABLE,INYECTABLE,FRASCO,1,9/21/2020,DM9540E,PHARMARIS
776628100022,13,TOPIVITAE 25 MG TAB CJA X 10,25 MG,TABLETA,TAB,CJA X 10,10,2/22/2023,EE05723,GALENICUM HEALTH PERU S.A.C.
7770101003264,13,QUETOROL AMP X 5,60MG/2ML,AMPOLLA,AMPOLLA,CAJ X 5,1,,1N0076C,INTI
7770101004247,13,HEMORSAN,,Ungüento,Unguento,Tubo X 30 g,1,4/25/2012,E19338,INTI
7770101004377,13,NOXOM,500mg,Tableta,Tableta,Caja Tab.,6,2/18/2013,E20354,INTI
7770101004384,13,NOXOM,100mg/5mL,Suspensión,Suspension,Fco. X 60 mL,1,4/17/2012,E14553,INTI
7770101004438,13,MUXATIL,100mg,Granulos,Granulos,Est. Sobre,10,11/13/2012,E14965,INTI
7770101004841,13,MUXATIL PLV,600 MG,ACETILCISTEINA,SOBRE,CJA,10,11/1/2020,E18953,INTI
7770108040163,13,CEFOTRIX,250mg/5mL,Suspensión,Suspension,Fco. X 60 mL,1,9/25/2013,E15870,TERBOL
7770108040194,13,CEFTRIAXON,1g,Polvo para Inyección,Inyectable,Vial,25,11/10/2010,E17782,TERBOL
7770108040347,13,SUPERMOXIL,250mg/5mL,Suspensión,Suspension,Fco. X 60 mL,1,9/5/2013,E15825,TERBOL
7770108040446,13,TERBODINA II,500 MG,CAPSULAS,CAPSULAS,500 MG CAPS X 100,1,,E-18423,LAB. TREBOL PERU S.A.
7770108040514,13,OPTIGEN 0.3% X 10 ML.  (GOTAS),0.3% x 10 ml,GTS,GTS,FCO X 10 ML,1,,E-18949,TERBOL
7770108040521,13,MICOTRIM CRM VAG 1% 35G,1%,TUBO,TBO,TUBO,1,,E15342,TERBOL
7770108040583,13,TERBOMETASONA,4mg/2mL,Solución para Inyección,Inyectable,Caja Amp. X 2 mL,25,2/27/2012,E19181,TERBOL
7770108040590,13,TERBOMETASONA,8mg/2mL,Solución para Inyección,Inyectable,Caja Amp. X 2 mL,25,4/9/2012,E19297,TERBOL
7770108090014,13,VERRUGUIL,8ML,FRASCO,SOLUCION,Fco. Sol. x 8ml + Pincel Aplic.,1,,E-19899,SIN ESPECIFICAR
7770108090175,13,HIDROCORTISONA 1% POMADA X 10 GR,,,,,1,,,LABORATORIOS CRESPAL SUCURSAL DEL PERU
7770108090199,13,JUVEACNE 3% LOCIÓN X 30 mL,0.03,LOCIÓN,LOCIÓN,FRASCO X 30 mL,1,5/12/2013,E-21312,CRESPAL
7770108090687,13,SOROJCHI PILLS,,CAJA,CAPSULAS,Caps. Caja x 20,,,E-19418,Laboratorios Crespal del Perú
7770108126508,13,AMOXILANICO DUO,AMOXICI. 875 /125 AC. CLAVULANICO,Tableta,Tableta,Tab. x 100,100,,E22000,LAFAR
7770108126843,13,LEFREN,200/5ML,JARABE,SOLUCION,FCO. X 30ML,1,,E022098,LAFAR
7780577000288,13,GENTAMICINA, 160 MG/2 ML,SOLUCION INYECTABLE,SOLUCION INYECTABLE,CAJA X 25 UNIDADES,,,EN02587,LABORATORIOS UNIDOS S.A. (LUSA)
7780936719677,13,ERITROMICINA FMNDTRIA,500 MG,TABLETAS,TABLETAS,500mg Caja Tab. x 100,1,,NG-1784,FARMINDUSTRIA S.A.
7790273000137,13,SEROPHENE,50 MG,CAJA,COMPRIMIDOS,Comp. X 10,1,,EE-01331,Merck Peruana S.A.
7790375000646,13,EUGERIAL,,Comprimido Recubierto,Tableta,Caja Comp.,30,12/28/2012,E20122,BAGO
7790375000776,13,GLIOTEN,10mg,Comprimido,Tableta,Caja Comp.,30,3/6/2013,E20435,BAGO
7790375000868,13,INCORIL AP,90mg,Comprimido,Tableta,Caja Comp.,30,10/13/2008,E7049,BAGO
7790375001124,13,NASTIZOL,,Gotas Bebibles,Solucion,15 mL,1,3/17/2010,E12727,BAGO
7790375002190,13,DIOXAFLEX,180mg,Parche,Parche,Caja Sob.,5,2/1/2013,E20264,BAGO
7790375245245,13,KINABIDE,5mg,Comprimido,Tableta,Caja Comp.,30,6/22/2010,E17439,BAGO
7790375245252,13,NEUROACTIL,500mg,Comprimido,Tableta,Caja Comp.,30,11/23/2012,E19999,BAGO
7790440104019,13,SURVANTA,200MG,AMPOLLA,AMPOLLA,AMPOLLA,1,,BE00866,ABBOTT
7790440200117,13,AVONEX,30mcg,Polvo Liofilizado para Solución Inyectable,Inyectable,Vial + Jer. Prell. Con Disolvente,4,12/3/2008,BE00190,ABBOTT
7790440429952,13,KLARICID U.D.,500mg,Tableta,Tableta,Caja Tab.,5,5/20/2012,E10235,ABBOTT
7790440429969,13,KLARICID-U.D TABX500MGX1,,,,,1,,,ABBOTT LABORATORIOS S.A.
7790440496725,13,BLOPRESS PLUS,12.5mg+16mg,Tableta,Tableta,Caja Tab.,30,4/4/2012,E19291,ABBOTT
7790440497418,13,SIMDAX,2.5MG,AMPOLLA,AMPOLLA,AMPOLLA,1,,EE00051,ABBOTT
7790440699225,13,DAYAMINERAL,240 ML,FRASCO,JARABE,Jbe. x 240ml,1,,DE-0644,ABBOTT LABORATORIO
7790979090209,13,REVLIMID,25 MG,CAJA,CAPSULAS,25mg Caja Caps. x 21,1,,E-21353,TECNOFARMA S.A.
7791848903006,13,NIFED SOL 30 MG TABLETA,30 MG,Tableta,Tableta,Caja x 30 tab,30,,E-21622,PHOENIX
7791864300223,13,DILATREND,12.5mg,Comprimido,Tableta,Caja Comp.,28,2/12/2008,E15281,ROCHE
7792086416563,13,NEVANAC,0.10%,Suspensión,Suspension,5 mL,1,11/20/2012,E19987,ALCON
7792183000955,13,REVIXIL 20MG/ML INY,20MG,INYECTABLE,INY,CAJA X 1,1,,EE-00445,GADORPHARMA
7792183487527,13,SINLIP,10mg,Comprimido,Tableta,Caja Comp.,30,5/25/2015,E17362,MEDIGROUP
7792183487541,13,SINLIP,20mg,Comprimido,Tableta,Caja Comp.,30,5/25/2015,E17361,MEDIGROUP
7792234000347,13,AET,0.01,CAJA,CAJA,CJA *   2,1,8/5/2016,E0146880001,CRAVERI
7792371004628,13,BACTRIM BALSAMICO,800mg+160mg+200mg,Tableta,Tableta,Caja Tab.,10,11/10/2010,E17781,ROCHE
7792371991133,13,VALIUM,10mg,Comprimido,Tableta,Caja Comp.,20,2/22/2015,E12648,ROCHE
7792796475942,13,NILGRIP VACUNA ANTIGRIPAL,,Suspensión para Inyección,Inyectable,Caja Jer. X 0.5 mL,10,3/14/2015,BE00264,ESKE
7792796476048,13,BIASCOR,20MG,VIAL,VIAL,CAJA,10,,E18390,BIOL
7793081017410,13,CELESTAMINE NF,,Jarabe,Solucion,Fco. X 60 mL,1,1/11/2010,E12507,SCHERING PLOUGH
7793081017434,13,CELESTAMINE NF,,Tableta,Tableta,Caja Tab.,10,1/11/2010,E12502,SCHERING PLOUGH
7793081028515,13,CELESTONE,4mg/mL,Solución para Inyección,Inyectable,Amp. X 1 mL,1,11/23/2010,E17839,SCHERING PLOUGH
7793081028546,13,CLARICORT,,Tableta,Tableta,Caja Tab.,10,1/28/2014,E16178,SCHERING PLOUGH
7793081028560,13,CLARICORT,,Jarabe,Solucion,Fco. X 60 mL,1,2/5/2014,E16197,SCHERING PLOUGH
7793081029130,13,CLARITYNE D 24 HORAS,,Comprimido,Tableta,Caja Comp.,5,6/5/2013,E15582,SCHERING PLOUGH
7793081029352,13,CLARITYNE D 12 HORAS REPETABS,,Gragea,Tableta,Caja Grag.,10,9/13/2010,E8733,SCHERING PLOUGH
7793081029468,13,CLARITYNE SP,5mg/5mL,Jarabe,Solucion,Fco. X 60 mL,1,4/24/2009,E11758,SCHERING PLOUGH
7793081033014,13,CORILIN,,Gotas,Solucion,Fco. X 15 mL,1,11/3/2010,E17833,SCHERING PLOUGH
7793081068566,13,OLMETEC,20mg,Comprimido Recubierto,Tableta,Caja Comp.,28,7/25/2013,E20864,SCHERING PLOUGH
7793081068580,13,OLMETEC,40mg,Comprimido Recubierto,Tableta,Caja Comp.,28,7/25/2013,E20867,SCHERING PLOUGH
7793081068603,13,OLMETEC PLUS,20mg+12.5mg,Comprimido Recubierto,Tableta,Caja Comp.,28,7/25/2013,E20868,SCHERING PLOUGH
7793081068627,13,OLMETEC PLUS,40mg+12.5mg,Comprimido Recubierto,Tableta,Caja Comp.,28,6/2/2013,E20714,SCHERING PLOUGH
7793081092943,13,QUADRIDERM EXTRA SP,,Crema,Crema,Tubo X 10 g,1,8/25/2012,E10386,SCHERING PLOUGH
7793081093049,13,METICORTEN SP,5mg,Tableta,Tableta,Caja Tab.,30,9/20/2010,E13228,SCHERING PLOUGH
7793569004208,13,REMIFENTANILO 5MG,5 MG,SOLUCION INYECTABLE PARA INFUSIÓN,SOLUCION INYECTABLE,CAJA X 5 UNIDADES,1,,EG6430,NORTHIA
7793569004215,13,REMIFENTANILO 2MG,2 MG,SOLUCION INYECTABLE PARA INFUSIÓN,SOLUCION INYECTABLE,CAJA X 5 UNIDADES,1,,EG6431,NORTHIA
7793569004499,13,SOBRIUS,5000UI/ML,VIAL,VIAL,CAJA,25,,BE00889,FADA PHARMA
7793569004826,13,PIPERACICLINA+TAZOBACTAM LF,4.5G,VIA,VIA,CAJA,25,1/2/2018,EG6465,LAB INTERNAC ARGENTINO SA
7793569004901,13,BROMURO DE ROCURONIO,50 MG/ ML,Sol inyectable,Vial,Caja vial,5,,EG6507,FARMINDUSTRIA S.A.
7793640117612,13,BENERVA,300mg,Comprimido Laqueado,Tableta,Caja Comp.,30,1/5/2012,E19061,BAYER
7793640216353,13,CARDIOASPIRINA,100mg,Comprimido,Tableta,Caja Comp.,20,12/18/2012,E10538,BAYER
7793640393726,13,SUPRADYN,,CAJA,CAPSULAS,Caps. Blandas x 30,,,DE-0493,Bayer Consumer Care (Ver BAYER S.A.)
7793640474739,13,AROVIT,,GRAGEAS,GRAGEAS,GRAG X 30,1,,E-17579,BAYER CONSUMER
7793640558736,13,SUPRADYN PRONATAL,,SUPLEMENTO VITAMINICO(12 VITAMINAS+7MINERALES+OLIGOELEMENTOS),SUPLEMENTO VITAMINICO(12 VITAMINAS+7MINERALES+OLIGOELEMENTOS),CAJA X 30 COMPRIMIDOS,30,,DE0295,BAYER S.A
7793640575368,13,BEROCCA PLUS COMP LAQ X 30,,,,,30,,,PRODUCTOS ROCHE Q F S A
7793640790716,13,REDOXON DOBEL ACCION,20 MG,CAJA,TUBO,Efer. Caja Tubo x 3 Comp. x 10,,,DE-1146,Bayer Consumer Care (Ver BAYER
7793742001932,13,DERMAGLOS,,Crema,Crema,Tubo X 50 g,1,3/15/2009,E11659,ABL PHARMA
7795302088834,13,XYLOCAINA,10%,SPRAY,SPRAY,FRASCO,1,,E8232,ASTRA - ZENECA
7795304018136,13,BUSCAPINA,20MG,AMPOLLA,AMPOLLA,AMPOLLA,1,,E17674,BOEHRINGER
7795304019133,13,BUSCAPINA COMPOSITUM N Amp. x 1 x 5ml,5 ML,AMPOLLA,AMP,CJA X 1,1,10/11/2015,E17675,BOEHRINGER INGELHEIM LABORATORIO
7795304085695,13,SIFROL,0.25mg,Comprimido,Tableta,Caja Comp.,30,3/22/2011,E18264,BOEHRINGER
7795304085701,13,SIFROL,1mg,Comprimido,Tableta,Caja Comp.,30,3/22/2011,E18268,BOEHRINGER
7795304085954,13,BUSCAPINA,20mg/mL,Inyectable,Inyectable,Amp. X 1 mL,1,10/11/2010,E17674,BOEHRINGER
7795304086005,13,MOBIC,15mg/1.5mL,Solución para Inyección,Inyectable,Amp. X 1.5 mL,1,6/27/2010,E17457,BOEHRINGER
7795304086050,13,BUSCAPINA COMPOSITUM,,Solución para Inyección,Inyectable,Amp. X 5 mL,1,10/11/2010,E17675,BOEHRINGER
7795304866843,13,FLURINOL D,10mg,Comprimido,Tableta,Caja Comp.,10,10/25/2009,E16854,QUILAB
7795304866874,13,INFLAMMIDE,200mcg,Aerosol,Inhalador,Aer. X 15 mL (300 Dosis),1,7/3/2011,E18546,BOEHRINGER
7795305121125,13,CIPROLIN,500mg,Tableta Recubierta,Tableta,Caja Tab.,10,10/12/2009,E12226,ABEEFE BRISTOL
7795305333016,13,VELAMOX CL,250mg+62.5mg/5mL,Suspensión,Suspension,Fco. X 60 mL,1,3/25/2008,E10786,ABEEFE BRISTOL
7795305431682,13,FLEXEN COMPUESTO,,Tableta Recubierta,Tableta,Caja Tab.,10,2/10/2010,E12615,ABEEFE BRISTOL
7795305492768,13,HANALGEZE,60mg/2mL,Inyectable,Inyectable,Amp. X 2 mL,1,3/27/2012,E14505,ABEEFE BRISTOL
7795305963152,13,DOLOCORDRALAN EXTRA RAPID,50mg+300mg,Tableta Recubierta,Tableta,Caja Tab.,10,4/18/2010,E12821,ABEEFE BRISTOL
7795305963602,13,ONGLYZA,5MG,COMPRIMIDO,COMPRIMIDO,CAJA,28,,E22331,ASTRA - ZENECA
7795306502749,13,TRILEPTAL,300mg,Comprimido,Tableta,Caja Comp.,20,6/23/2011,E18523,NOVARTIS BIOSCIENCES
7795312000772,13,AMARYL,4mg,Tableta Recubierta,Tableta,Caja Tab.,15,3/17/2015,E17197,SANOFI
7795312001076,13,AMARYL,2mg,Tableta Recubierta,Tableta,Caja Tab.,15,3/17/2015,E17196,SANOFI
7795312100090,13,ALLEGRA PEDIATRICO,30mg/5mL,Suspensión Oral,Suspension,Caja Fco. X 150 mL,1,1/19/2014,E21449,SANOFI
7795314000022,13,RISPERDAL,2mg,Tableta,Tableta,Caja Tab.,20,7/13/2011,E14014,JOHNSON&JOHNSON
7795314022369,13,STUGERON FORTE,75mg,Comprimido,Tableta,Caja Comp.,60,5/10/2011,E18380,JOHNSON&JOHNSON
7795314022406,13,STUGERON,25mg,Tableta,Tableta,Caja Tab.,60,5/10/2011,E18387,JOHNSON&JOHNSON
7795314022581,13,PANTELMIN,100mg/5mL,Suspensión,Suspension,Fco. X 30 mL,1,8/23/2011,E18688,JOHNSON&JOHNSON
7795314022802,13,MOTILIUM,10mg,Tableta,Tableta,Caja Tab.,20,7/20/2011,E18584,JOHNSON&JOHNSON
7795314022970,13,PANTELMIN,100mg,Tableta,Tableta,Caja Tab.,6,4/24/2011,E13805,JOHNSON&JOHNSON
7795314024479,13,RETIN A,0.05%,Crema,Crema,Tubo X 15 g,1,12/19/2010,E17952,JOHNSON&JOHNSON
7795314024486,13,RETIN A,0.03%,Crema,Crema,Tubo X 15 g,1,2/1/2011,E18120,JOHNSON&JOHNSON
7795314028347,13,SPORANOX-15D  CAPX1,100mg,,,,15,,E18418,JANSSEN-CILAG
7795314029641,13,DAKTARIN,0.02,GEL X 2%,GEL,TUBO,1,7/1/2019,E-18695,JANSSEN-CILAG
7795314029863,13,RISPERDAL,1mg,Tableta,Tableta,Caja Tab.,20,7/13/2011,E14013,JOHNSON&JOHNSON
7795314029900,13,RISPERDAL,3mg,Tableta,Tableta,Caja Tab.,20,7/18/2011,E14027,JOHNSON&JOHNSON
7795314029979,13,TOPAMAC,25mg,Tableta,Tableta,Caja Tab.,28,10/12/2009,E16819,JOHNSON&JOHNSON
7795314029986,13,TOPAMAC,50mg,Tableta,Tableta,Caja Tab.,28,10/12/2009,E16817,JOHNSON&JOHNSON
7795314029993,13,TOPAMAC,100mg,Tableta,Tableta,Caja Tab.,28,10/12/2009,E16818,JOHNSON&JOHNSON
7795317005000,13,ISMIGEN,50mg,Comprimido Sublingual,Tableta,Caja Comp.,10,3/24/2014,BE00595,MERCK PERUANA
7795318000387,13,OVESTIN,0.5mg,Ovulo,Ovulo,Caja Ov.,10,9/17/2013,E15851,SCHERING PLOUGH
7795320000092,13,GADOVIST,1 MMOL/ML,AMPOLLA,AMPOLLA,AMPOLLAX7.5 ML,1,,AD-0095,BAYER
7795320000320,13,EYLIA 40 MG/ML,40 MG,AMPOLLA,AMP,CAJA X 1,1,,BE-00984,BAYER SA
7795320000344,13,XARELTO 15 MG,15MG,TABLETA,TAB,CAJA X 14 UNIDADES,14,,E228370,BAYER
7795320000351,13,XARELTO,15MG,COMPRIMIDO,COMPRIMIDO,CAJA,28,,E22837,BAYER
7795320000368,13,XARELTO 20MG TAB CJA X 14,20 MG,TABLETA,TAB,CJA X 14,14,8/3/2017,E22842,BAYER S.A.
7795320000375,13,XARELTO,20MG,COMPRIMIDO,COMPRIMIDO,CAJA,28,,E22842,BAYER
7795320000450,13,PRIMOVIST JER-PRE 0.25MM0L/ML 10ML,0.25mmol/ml,JERINGA PRELLENADA,JER,JERINGA PRELLENADA,1,,ADE0085,BAYER
7795320000559,13,ADVANTAN,0.10%,Emulsión,Suspension,Tubo X 20 g,1,12/13/2011,E14236,BAYER
7795320001464,13,PROLUTON DEPOT,250mg/mL,Solución para Inyección,Inyectable,Amp. X 1 mL,1,8/28/2012,E6121,BAYER
7795320006414,13,PRIMOSISTON,,Solución para Inyección,Inyectable,Amp. X 1 mL,1,9/2/2012,E6138,BAYER
7795320007718,13,TESTOVIRON DEPOT,250mg/mL,Solución para Inyección,Inyectable,Amp. X 1 mL,1,8/19/2013,E20928,BAYER
7795320050127,13,ADVANTAN,0.10%,Crema,Crema,Tubo X 15 g,1,5/15/2012,E10222,BAYER
7795320050165,13,ADVANTAN,0.10%,Solución,Solucion,Fco. X 20 mL,1,3/9/2013,E10716,BAYER
7795320050325,13,SCHERIDERM,,Crema,Crema,Tubo X 15 g,1,1/18/2014,E11487,BAYER
7795320051018,13,VENTAVIS 10,10mcg/mL,Solución,Solucion,Amp. X 2 mL,30,10/7/2009,E16812,BAYER
7795320051056,13,GYNOTRAN,,Crema Vaginal,Crema Vaginal,Tubo X 40 g,1,5/25/2011,E18419,BAYER
7795320051063,13,GYNOTRAN,,Ovulo,Ovulo,Caja Ov.,7,3/6/2011,E18197,BAYER
7795320051155,13,ULTRAVIST -300MG I/ML X50ML,300 MG,SOLUCIÓN INYECTABLE,INYECTABLE,FRASCO VIAL X 50 ML,1,4/15/2020,ADE-0050,BAYER
7795320051162,13,ULTRAVIST,300 MG,SOLUCIÓN INYECTABLE,INYECTABLE,FRASCO VIAL X 100 ML,1,,ADE-0050,BAYER
7795320051254,13,QLAIRA,,Comprimido,Tableta,Caja Comp.,1,4/29/2015,E22243,BAYER
7795325002817,13,PROTAMINA RIVERO,,AMPOLLA,AMPOLLA,AMPOLLA,1,,EG6110,PL RIVERO
7795335000988,13,ENOXAPARINA SODICA 40 MG/0.4ML (ENOXANORTH),40MG/0.4ML,JERINGA PRELLENADA,JERINGA PRELLENADA,CAJA X 10 UNIDADES,10,,BE00867,NORTHIA
7795335001077,13,ENOXAPARINA SODICA 60 MG/0.6ML (ENOXANORTH),60MG/0.6ML,JERINGA PRELLENADA,JERINGA PRELLENADA,CAJA X 10 UNIDADES,10,,BE00873,NORTHIA
7795335001084,13,MEROPENEM 500 MG (MEROEFECTIL),500MG,FRASCO AMPOLLA,FCO AMPOLLA,CAJA X 5 UNIDADES,5,,E188110,NORTHIA
7795335008076,13,BIOXILINA PLUS,500mg+125mg,Comprimido,Tableta,Caja Comp.,16,7/20/2011,E18586,FARMINDUSTRIA
7795335008083,13,BIOXILINA PLUS,250mg+62.5mg/5mL,Suspensión,Suspension,Fco. X 90 mL,1,12/15/2011,E19030,FARMINDUSTRIA
7795335008465,13,CLOPIDOGREL,75mg,Comprimido Recubierto,Tableta,Caja Comp.,14,2/25/2010,EG4545,MEDIGROUP
7795335009134,13,VALSARTAN,80mg,Cápsula,Capsula,Caja Cap.,30,12/22/2010,EG4863,MEDIGROUP
7795337908923,13,LOSTAPROLOL 10 MG X 1 COMP,,,,,1,,,LUKOLL S.A.C.
7795337908947,13,LOSTAPROLOL 5 MG X 1 COMP,,,,,1,,,LUKOLL S.A.C.
7795338055139,13,CRISTALTEARS,0.005,GOTAS OFTALMICAS,GOTAS OFTALMICAS,FRASCO,,,E-19634,ROEMMERS
7795342002395,13,DOLOCTAPRIN PLUS,200mg+7mg,Tableta Recubierta,Tableta,Caja Tab.,100,4/14/2008,E10820,MEDCO
7795342003590,13,METICIL,2.5mg,Tableta,Tableta,Caja Tab.,20,7/16/2012,E10328,MEDCO
7795342007666,13,COLONIX B,300 MG,CAJA,TABLETAS,B Caja Tab. x 20,1,,E-18045,Corporación Medco S.A.C.
7795342007667,13,COLONIX B,,Tableta,Tableta,Caja Tab.,20,1/13/2011,E18045,MEDCO
7795345000190,13,AB AMOXIDAL,1 G + 4 MG,AMPOLLA,AMP,CAJA X 1 UNIDAD,1,,E021492,ROEMMERS
7795345000251,13,ALERFAST,5/120 MG.,CAPSULAS,CAPSULAS,CAJA,60,,E-22249,ROEMMERS
7795345001999,13,LOSACOR 50,50mg+12.5mg,Comprimido,Tableta,Caja Comp.,30,5/26/2010,E12914,ROEMMERS
7795345002019,13,ELBRUS 1MG X 30 COMP,1 mg,Comprimido,TABLETA,Caja Envase Blíster Comprimidos,30,2/28/2019,E-23193,SIEGFRIED S.A.C
7795345002040,13,PLENICA,150MG,CAPSULAS,CAP,150MG X 30,1,3/1/2019,E-22969,SIEGFRIED
7795345002057,13,PLENICA,75MG X 30,CAPSULAS,CAPSULAS,CAPSULAS,1,8/1/2018,E-22975,SIEGFRIED
7795345002866,13,IRIX 15 MG COMPRIMIDO CAJA X 30,15 MG,COMPRIMIDO,COMPRIMIDO,CAJA,30,,E23029,SIEGFRIED
7795345002873,13,PRAZOLEX,30mg,LANSOPRAZOL,PRAZOLEX,CAJA x 30 CAPSULAS,30,9/1/2019,EE-00790,SIEGFRIED
7795345002903,13,LEXOBRON 500,500 mg,COMPRIMIDO RECUBIERTO,COMPRIMIDO,CAJA COMP,7,8/25/2024,EE07490,SIEGFRIED
7795345002910,13,LEXOBRON,750 mg,COMPRIMIDO RECUBIERTO,TABLETA,CAJA COMP,5,8/26/2024,EE07389,SIEGFRIED
7795345006161,13,LOTRIAL AMPx1.25MGx2ML x1,,,,,1,,,LABORATORIOS ROEMMERS S.A.
7795345010137,13,PLIDAN COMPUESTO NF,,Comprimido Recubierto,Tableta,Caja Comp.,100,6/16/2013,E10971,ROEMMERS
7795345010144,13,PLIDAN COMPST,15/100MG,AMPOLLA,AMPOLLA,AMPOLLA,1,,E10970,ROEMMERS
7795345010229,13,CIRIAX,200mg/100mL,Solución para Inyección,Inyectable,Caja Fco. Amp. X 100 mL,1,12/29/2012,E6364,ROEMMERS
7795345010526,13,ATURAL,50mg/5mL,Inyectable,Inyectable,Amp. X 5 mL,6,12/16/2011,E9985,ROEMMERS
7795345010540,13,AMOXIDAL DUO,750mg/5mL,Polvo para Suspensión,Suspension,Fco. X 70 mL,1,7/25/2015,E13077,ROEMMERS
7795345010601,13,ACI TIP,,Suspensión Oral,Suspension,Fco. X 200 mL,1,11/26/2012,E6299,ROEMMERS
7795345010762,13,CIRIAX OTIC,,Gotas Oticas,Solucion Otica,Fco. Got. X 5 mL,1,6/23/2010,E12995,ROEMMERS
7795345011080,13,AMOXIDAL DUO RESPIRATORIO,750mg+15mg/5mL,Suspensión,Suspension,Fco. X 70 mL,1,1/21/2007,E14311,ROEMMERS
7795345011134,13,AMOXIDAL DUO,500mg/5mL,Polvo para Suspensión,Suspension,Fco. X 60 mL,1,7/11/2015,E13044,ROEMMERS
779534501119,13,AMOXIDAL DUO 750,750mg/5mL,Polvo para Suspensión,Suspension,750mg /5ml Polvo p/ Susp. x 70ml,1,9/1/2019,EE-01658,ROEMMERS
7795345011196,13,AMOXIDAL DUO 750,AMOXICILINA 750MG/5ML X 70ml,POLVO PARA SUSPENSION ORAL X 70 ML.,P/SUSP.,SUSPENSIÓN ORAL,1,9/1/2019,EE-01658,ROEMMERS
7795345011202,13,AMOXIDAL DUO,875mg,Comprimido Recubierto,Tableta,Caja Comp.,14,9/21/2005,E13234,ROEMMERS
7795345011417,13,CORENTEL 5,5mg,Comprimido,Tableta,Caja Comp.,20,8/24/2014,E16693,ROEMMERS
7795345011783,13,PLIDAN COMPUESTO NF,,Comprimido Recubierto,Tableta,Caja Comp.,100,7/13/2009,E16603,ROEMMERS
7795345011998,13,DORIX 125,125mg,Comprimido Recubierto,Tableta,Caja Comp.,100,9/6/2011,N22818,DELFARMA
7795345012407,13,LANZOPRAL MD 15 MG PEDIATRICO,15MG,POLVO,POLVO,CAJA X 15 UNIDADES,15,,E020829,ROEMMERS
7795345012513,13,ALERFAST D,5mg+120mg,Cápsula,Capsula,Caja Cap.,10,12/30/2012,E15102,ROEMMERS
7795345012520,13,ALERFAST D,5mg+60mg/5mL,Jarabe,Solucion,Fco. X 60 mL,1,1/21/2013,E15189,ROEMMERS
7795345012834,13,VIMAX 50,50mg,Comprimido Masticable,Tableta,Caja Comp.,6,4/14/2013,E20571,ROEMMERS
7795345013121,13,VASOTENAL EZ,10mg+10mg,Comprimido,Tableta,Caja Comp.,30,12/22/2010,E17965,ROEMMERS
7795345013312,13,VASOTENAL EZ,20mg+10mg,Comprimido,Tableta,Caja Comp.,30,8/9/2011,E18640,ROEMMERS
7795345013497,13,ILIMIT,15mg,Comprimido,Tableta,Caja Comp.,30,3/29/2011,E18287,ROEMMERS
7795345014012,13,AMOXIDAL DUO,250mg/5mL,Polvo para Suspensión Oral,Suspension,Fco. X 90 mL,1,11/10/2011,E18921,ROEMMERS
7795345120263,13,CHELTIN IV 100 MG,100MG,SOLUCION,SOLUCION,CAJA X 6 UNIDADES,6,,E186890,ROEMMERS
7795345121697,13,ANEMIUS,50 mg/mL,Solución Oral,SOLUCION,Caja Frasco x 20 mL,1,8/9/2022,EE05184,SIEGFRIED
7795354630203,13,SEBOCLEAR 100,100mg,Comprimido Recubierto,Tableta,Caja Comp.,20,10/19/2011,E18867,SGS
7795360000762,13,AMIODARONA 150MG/3 ML AMPOLLA,150 mg/3mL,ampolla,amp,caja x 100 amp,100,,E-14623,KLONAL SRL
7795360005798,13,VANCOMICINA 500 MG,500MG,ampolla,ampolla,caj x 25 ampollas,1,,n°14239,klonal
7795367000055,13,ETOCRIS,,AMPOLLA,AMPOLLA,AMPOLLA,1,,E20647,LKM
7795367000444,13,IFOCRIS,,AMPOLLA,AMPOLLA,AMPOLLA,1,,E22251,LKM
7795367000581,13,FLUOROURACILO QP VIA 500MG 10ML VIA,500MG,VIA,VIA,CAJA,4,3/30/2019,EG5844,MEDROCK
7795367000789,13,ONCOCARBIL,,VIAL,VIAL,VIAL,1,,E20743,LKM
7795367001595,13,CRISAPLA,,VIAL,VIAL,VIAL,1,,E20841,LKM
7795367002029,13,TIMAB 100MG,100 MG.,COMPRIMIDOS,COMPRIMIDOS,CAJA,180,,EE-01567,LKM
7795367002059,13,TIMAB 100MG COMPRIMIDO CJX180 (LKM),100 MG,COMPRIMIDO,COMPRIMIDO,CAJA X 180 COMPRIMIDOS,180,8/7/2020,EE-01567, LKM PERU S.A.
7795367002066,13,TIMAB 400MG,400 MG.,COMPRIMIDOS,COMPRIMIDOS,CAJA,30,,EE-01564,LKM
7795367002172,13,BENDAM 100MG AMPOLLA (LKM),100 MG,POLVO LIOFILIZADO PARA SOLUCION INYECTABLE,AMPOLLA,,1,8/19/2020,EE01659,LKM PERU S.A. 
7795367002721,13,CRISAPLA,,VIAL,VIAL,VIAL,1,,E20840,LKM
7795367002745,13,CARBOPLATINO 150MG PARA ADMINISTRACION VIA I.V,150MG,inyectable i.v,inyectable i.v,FCO ampolla 150MG,1,,EG-4763,LKM S.A.
7795367002752,13,ETOCRIS 100MG.AMP 3004391000,100 MG/5 ML,AMPOLLA,AMP,CAJA X 1,1,,E-20647,LKM
7795367002769,13,CARBOPLATINO 450MG PARA ADMINISTRACION VIA I.V,450MG,inyectable i.v,inyectable i.v,fco ampolla 450mg,1,,EG-5874,LKM S.A.
7795367002776,13,TAXOCRIS,,VIAL,VIAL,VIAL,1,,E20588,LKM
7795367002783,13,TAXOCRIS,30mg,VIAL,VIAL,VIA *   1,1,10/1/2015,E0183280000,LKM
7795367002790,13,DOXOCRIS,,VIAL,VIAL,VIAL,1,,E20757,LKM
7795367002912,13,DOXOCRIS,,VIAL,VIAL,VIAL,1,,E20756,LKM
7795367004367,13,FLUOROURACILO,500mg,CAJA,CAJA,CJA *   4,4,8/3/2016,,QUALITY PHARMA
7795367005173,13,CICLOFOSFAMIDA LKM,,VIAL,VIAL,VIAL,1,,EE00022,LKM
7795367005326,13,ENZASTAR 500,500 MG,AMPOLLA,AMPOLLA,UN,1,5/29/2019,EE-00278,LKM
7795367005340,13,LADEVINA,10MG,CAPSULA,CAPSULA,CAJA,21,,EE00140,LKM
7795367005357,13,LADEVINA,5MG,CAPSULA,CAPSULA,CAJA,21,,EE00139,LKM
7795367005371,13,LADEVINA,25MG,CAPSULA,CAPSULA,CAJA,21,,EE00141,LKM
7795367005845,13,IFOCRIS 1G F.AMP. X 1,1GR,INYECTABLE,INYECTABLE,VIAL,1,5/11/2020,EE-00984,LKM
7795367005852,13,GESTREDOS,200 MG,POLVO LIOFILIZADO PARA SOLUCION INYECTABLE,INY,AMP,,,EE-00229,LABORATORIO LKM S.A.
7795367005869,13,GESTREDOS,1000 MG,POLVO LIOFILIZADO PARA SOLUCION INYECTABLE,INY,AMP,,,EE00228,LABORATORIO LKM S.A.
7795367005951,13,TOCITRAP,100mg,CAJA,CAJA,CJA *   5,1,,,LKM
7795367008723,13,VIRAKAM,300mg,FRASCO,FRASCO,FCO *  30,1,,,LKM
7795367008785,13,BOZOB VIA 3.5MG,3.5mg,VIAL,VIA,VIAL,1,,EE05054,QUALITY PHARMA
7795367008907,13,Capebina 500 mg,500mg,comprimido recubierto,comprimido,frasco,10,,EE-00664,LKM
7795367008914,13,CAPEBINA 500,500 MG,comprimidos,frasco,FRASCO X 90 TABLETAS,90,,EE-00664,LABORATORIO LKM S.A
7795367009577,13,OLVENTRAN 250MG/5ML JGA PRECX5ML(LKM),250MG/5ML,JERINGA PRELLENADA,JERINGA,UN,,,EE-02256,LKM
7795367009690,13,LEPROLID,7.5 mg,POLVO PARA SOLUCION INYECTABLE,INYECTABLE,VIAL + SOLVENTE,1,11/19/2020,EE02259,LKM
7795367009775,13,CAPEBINA,500 MG.,COMPRIMIDOS,COMPRIMIDOS,caja,120,,EE-03742,LKM
7795367009829,13,VOTRYNIB (LKM),400mg,COMPRIMIDO RECUBIERTO,COMPRIMIDO RECUBIERTO,CAJA,30,8/29/2021,EE-03991,LKM PERU S.A
7795367054850,13,TIMAB 400 MG TABLETA (LKM),400mg,Comprimido recubierto,,Caja x 30 Tabletas,1,7/8/2020,EE01564,LABORATORIO LKM S.A.
7795367547581,13,ZYVALIX COM 250MG,250mg,FRASCO,FCO,FRASCO,1,,EE04877,LKM
7795367547697,13,BOZOB 3.5 MG POLVO PARA SOLUCION INYECTABLE VIAL (LKM),3.5 MG,POLVO PARA SOLUCION INYECTABLE,POLVO PARA SOLUCION INYECTABLE,CAJA X 1 VIAL,1,6/26/2022,EE05054,LKM PERU S.A.
7795367548236,13,AMBISOME 50MG VIAL AMP CJA X 1,50 MG,AMPOLLA,AMP,CJA X 1,1,9/24/2023,EE06393,BIOTOSCANA FARMA DEL PERU S.A.C.
7795367548359,13,TRUVADA TAB 200/300MG,200/300mg,FRASCO,FCO,FRASCO,1,,EE00363,FORERUNNER MEDICAL
7795367548581,13,ZYVALIX FCO. COMP. X 120,250mg,COMPRIMIDO,COMPRIMIDO,FRASCO,120,,EE-04877,LKM
7795368000191,13,SURGOT GOTAS,1% / 2.5 ML,SOL OFTALMICA,SOL OFTALMICAS,FRASCO,1,9/1/2018,E-21761,ROEMMERS S.A
7795368000559,13,BRIMOPRESS T 2MG + 5MG FCO X 5 ML,2MG/ML + 5MG/ML,FRASCO,FCO,CJA X 1,1,11/26/2021,EE03787,MEGA LABS LATAM S.A.
7795368000764,13,"GANCIVIR 0,15% GEL OFTALMICO FCO X 5 GRAMOS","0,15%",FRASCO,FCO,CJA X 1,1,12/16/2021,EE04592,MEGA LABS LATAM S.A.
7795368000788,13,GOTABIOTIC COMPUESTO,,Solución,Solucion,5 mL,1,10/20/2010,E13306,ROEMMERS
7795368000924,13,KUARA,0.2%,SOLUCION OFTALMICA,SOLUCION OFTALMICA,FRASCO GOTERO x 3 mL,1,12/19/2023,EE06775,MEGA LABS
7795368001594,13,GLAUCOTENSIL T,,Gotas Oftálmicas,Solucion Oftalmica,Fco. Got. X 5 mL,1,6/7/2011,E13919,ROEMMERS
7795368001808,13,FOTORRETIN SOL.OFT X 5ML,0.5,SOL OFTALMICA,SOL OFTALMICA,FRASCO,1,,E-13398,POEN
7795368001884,13,GOTABIOTIC PLUS,0.03,GOTAS,GOTAS,GOTAS,1,1/1/2020,EE-03115,POEN
7795368001891,13,GOTABIOTIC,5 ML,FCO.,SOLUCION,FCO X 5 ML,1,,E-13306,Roemmers
7795368001983,13,GLAUCOTENSIL D,2%,SOLUCION OFTALMICA,SOLUCION OFTALMICA,FRASCO GOTERO x 5 mL,1,6/18/2021,EE04510,MEGA LABS
7795368001990,13,GLAUCOTENSIL T,5 ml,FRASCO,GOTAS,Fco. Got. x 5ml,,,E-13919,Roemmers S.A.
7795368002003,13,GOTABIOTIC,5 ML,FRASCO,GOTAS,Fco. x 5ml,,11/23/2020,EE-02521,Roemmers S.A.
7795368002027,13,LOTESOFT,0.005,GOTAS OFTALMICAS,GTS OFT,GTAS X 5ML,1,1/1/2018,EE-01962,POEN
7795368002041,13,LOUTEN,Sol. x 2.5ml,FRASCO,FRASCO,FRASCO,1,1/1/2020,EE-02750,POEN
7795368002737,13,GOTABIOTIC PLUS UNG OFT 3.5 G,0.1% 0.3%,TUBO,TBO,TUBO,1,6/30/2018,E22625,ROEMMERS
7795368054019,13,DROPSTAR,0.40%,Solución Oftálmica,Solucion Oftalmica,Fco. X 10 mL,1,12/1/2010,E17881,ROEMMERS
7795368054842,13,POENGATIF,0.003,SOLUCION OFTALMICA,SOLUCION,FRASCO,1,,E-18156,POEN
7795368054859,13,POENBIOTIC,,Suspensión Oftálmica,Suspension Oftalmica,5 mL,1,2/23/2012,E19173,ROEMMERS
7795368054941,13,ATERGIT,SOL X 5ML,GOTAS,GOTAS,CJA X 5ML,1,,E-19656,ROEMMERS
7795368055139,13,CRISTALTEARS,0.005,FRASCO,GOTAS,0.5% Fco. x 10ml,1,,E-19634,Roemmers S.A.
7795368055221,13,CRISTALTEARS,0.001,FRASCO,GOTAS,0.1% Fco. x 10ml,1,,E-22723,Roemmers S.A.
7795368055276,13,BRONAX,0.00009,SOLUCION,SOLUCION,FRASCO,1,,EE-04588,POEN
7795371458392,13,ARTRAIT,,TABLETA,TABLETA,CAJA,20,,E21263,TRB PHARMA
7795371458408,13,ARTRAID,10 MG,COMPRIMIDOS,COMPRIMIDOS,10mg Caja Comp. x 10,1,,E-21460,PERULAB S.A.
7795371458460,13,POLIREUMIN,200 MG,Tableta,Comprimidos,Comp. X 60,60,,21409,Perulab
7795371459047,13,ARTRAIT,15 MG,CAJA,COMPRIMIDOS,15mg Caja Comp. x 4,1,,E-21262,Perulab S.A.
7795371459207,13,BREXELL PLUS,150mg,Comprimido,Tableta,Caja Comp.,1,1/9/2014,E21410,PERULAB
7795373000834,13,IVERCREM,0.01,Crema,CREMA,Caja Tubo x 30 g,1,1/23/2023,EE05631,D&M PHARMA
7795373001831,13,SUAVICORT SPRAY NASAL,,FRASCO X 150 DOSIS,FRASCO X 150 DOSIS,FRASCO,1,1/11/2018,EE-03093,CASSARÄ
7795373001909,13,SUAVICORT,MOMETASONA FUROATO 0.1% CREMA X 15G,CREMA X 15g,CREMA,CREMA,1,10/1/2018,EE-03094,CASSARA
7795373011267,13,CLIDAN B,,Gel,Gel,Tubo X 30 g,1,10/10/2012,E19861,D&M PHARMA
7795373011700,13,RINOSAL B,100mcg/dosis,Spray Nasal,Solucion Nasal,Caja Fco. X 100 Dosis,1,3/1/2012,E19188,D&M PHARMA
7795373011755,13,RINOSAL B,50mcg/dosis,Spray,Solucion,Spray X 200 dosis,1,3/15/2012,E19233,D&M PHARMA
7795373012288,13,SALBUTRAL 100mcg /dosis Inhal. x 1 x 250 Dosis,100 MCG,INHALADOR,INH,CJA X 1,1,1/3/2014,E16282,CASSARA S.R.L
7795373012820,13,RINOSAL,100 MCG,SPRAY,SPRAY,SPRAY X 10 MCG,1,1/6/2017,E-19188,D&M PHARMA
7795373012912,13,NEUMOCORT,200mcg/dosis,Inhalador,Inhalador,Caja Fco. X 270 Dosis,1,7/2/2009,E16574,MEDSTYLE
7795373013087,13,AEROTROP,20mcg/dosis,Aerosol para Inhalación,Inhalador,Caja Fco. X 250 Dosis,1,6/22/2012,E19502,D&M PHARMA
7795373013322,13,MICOPIROX,1%,Crema,Crema,Tubo X 30 g,1,10/2/2012,E19837,D&M PHARMA
7795373013346,13,MICOPIROX,1%,Champú,Champu,Tubo X 100 mL,1,9/10/2012,E19760,D&M PHARMA
7795373013780,13,FUSIMED B,2% + 0.1%,EMULSION TOPICA,EMULSION,TUBO x 50 g,1,5/15/2020,E23321,D&M PHARMA
7795373013797,13,FUSIMED,2%,CREMA,CREMA,TUBO x 15 g,1,5/13/2020,E23320,CASARA
7795373014046,13,FLUTICORT 125 MG X 120 DOSIS,,,,,1,,,SIN LABORATORIO
7795373014640,13,SALBUTRAL AC 14.5G/12.5ML (D&M PHARMA),14.5G/12.5ML,SALBUTRAL AC,SALBUTRAL AC,frasco,1,1/8/2019,E-19232,SALBUTRAL AC 14.5G/12.5ML (D&M PHARMA)
7795373015135,13,SALBUTRAL AC,14.5G/12.5ML,FRASCO,INHAL,1,,,E-19232,D&M PHARMA
7795373015159,13,FLUTIVENT,FLUTICASONA PROPIONATO SALMETEROL 125/25 mcg/DOSIS X7.2g/6ml,AEROSOL PARA INHALACION 6ml,INH.,INHALACION,1,11/1/2018,E-20727,CASSARA
7795373015166,13,FLUTIVENT,250/25 X 120 DOSIS,FRASCO,INHALADOR,FCO X 1,1,11/1/2017,E-20739,PABLO CASARA
7795373016118,13,SALBUTRAL AC,,Inhalador,Inhalador,Caja Fco. X 250 Dosis,1,3/14/2012,E19232,D&M PHARMA
7795373016477,13,XYLISOL,Fco. x 25ml,spray,spray,Fco. x 25ml (170 dosis),1,4/30/2020,,IC
7795373017603,13,FLUTIVENT,125mcg+25mcg/dosis,Inhalador,Inhalador,Caja Fco. X 150 Dosis,1,6/5/2013,E20727,D&M PHARMA
7795373017610,13,FLUTIVENT,250mcg+25mcg/dosis,Inhalador,Inhalador,Caja Fco. X 150 Dosis,1,6/11/2013,E20739,D&M PHARMA
7795373017795,13,MODULCASS 5% CREMA X 3G CJA X 2,5% / 3G,CREMA,CRM,CAJA X 2,2,,EE-03095,D&M PHARMA
7795373019676,13,DESMO C 10UCG SPARY X 50 DOSIS,10UCG,SPRAY,SPY,CAJA X 1,1,1/22/2020,EE-01040,PROMOFARMA
7795373019768,13,MODULCASS,5 g/100 g,Crema,CREMA,Caja Tubo x 10 g,1,5/24/2021,EE03095,D&M PHARMA
7795373022034,13,SALBUTRAL,100mcg/dosis,Inhalador,Inhalador,Caja Fco. X 250 Dosis,1,3/1/2014,E16282,D&M PHARMA
7795373022126,13,BUTOCORT,100mcg+50mcg/dosis,Inhalador,Inhalador,Caja Fco. X 250 Dosis,1,6/24/2009,E16546,MEDSTYLE
7795373024458,13,NEUMOCORTPLUS INH,,FRASCO X 150 DOSIS,FRASCO X 150 DOSIS,FRASCO,1,1/9/2018,EE-03819,CASSARÄ
7795373030602,13,RINOKID,3%,SPRAY,SPRAY,FRASCO,1,,E21604,CASARA
7795373030671,13,SALBUTRAL 100MCG+ AEROMED,14.5G/12.5ML/250 DOSIS,AEROSOL PARA INHALADOR + AEROCAMARA,INH,FRASCO,1,5/1/2020,E-16282//EDM4426E,(D&M PHARMA)
7795378004493,13,T4 BAGO 100,100mcg,Comprimido Recubierto,Tableta,Caja Comp.,50,3/24/2014,E21630,BAGO
7795378004509,13,BAGOFLOX,500mg,Comprimido,Tableta,Caja Comp.,14,6/4/2014,E21745,BAGO
7795378004516,13,BAGOFLOX,750mg,Comprimido,Tableta,Caja Comp.,5,6/17/2014,E21765,BAGO
7795378004523,13,T4 BAGO 150,150mcg,Comprimido,Tableta,Caja Comp.,50,10/16/2014,E21986,BAGO
7795378005384,13,FLUCOMIX,,FRASCO,SPRAY,Fco. Spray x 120 Dosis,,,EE-04435,Lab. Bagó del Perú S.A.
7795380000766,13,ASTARTE COM 0.030/3MG,0.030MG,CAJA,CAJA,CAJA,28,4/30/2019,E19733,ROEMMERS
7795380000988,13,ACNECLIN AP CAP 100MG,100mg,CAPSULA,CAP,CAJA,30,,EE04462,SIEGFRIED
7795380000995,13,CLOBESOL,0.0005,UNGUENTO,UNGUENTO,TUBO,1,,E22648,SIEGFRIED
7795380001015,13,ISIS MINI-24 COM 0.020/3MG,0.020/3MG,COMPRIMIDO,COM,CAJA,28,6/30/2018,EE03697,CRAVERI
7795380001534,13,ACEMUK L,,CAJA,COMPRIMIDOS,Caja Comp. Dis. bucal x 4,,,E-22584,Labotarorios Siegfried S.A.C.
7795380001725,13,MUPIRODAL UNG,2% 15G,TUBO,TBO,CJA,1,4/30/2018,E-22677,SIEGFRIED
7795380001794,13,FERINSOL,20 ML,FRASCO,GOTAS,Fco. Gotero x 20ml,,,DE-1851,Labotarorios Siegfried S.A.C.
7795380001800,13,TRI-VI-SOL GOTAS,30 ML,FRASCO,GOTAS,Fco. Gotas x 30ml,,,DE-1798,Mead Johnson Nutrition
7795380002371,13,MESAMES MINI CJA X 28 TAB (24+4),-,TABLETA,TAB,CJA X 28,28,,EE-03697,SIEGFRIED S.A.C
7795380004542,13,OVUDATE,,CAJA,OVULOS,Vag. Caja Ov. x 12,1,9/1/2024,E-19218,Roemmers S.A.
7795380042926,13,MOMETAX-N SPR 0.05% 120 DOSIS,0.05%,FRASCO,FCO,FRASCO,1,6/27/2022,EE05065,SIEGFRIED
7795381411103,13,CHAMPIX,0.5mg+1mg,Tableta,Tableta,Caja Tab. (0.5 mg ) X 11 + (1 mg ) X 14,1,1/28/2013,E20236,PFIZER
7795381411165,13,ECALTA 100 MG VIAL X 1 UNID.,100MG,CAJA,CAJA,AMPOLLA,1,,,PFIZER
7795990000279,13,REOPRO,10mg,VIAL,VIAL,VIA *   1,1,3/30/2017,BE000650001,LILLY
7795990000859,13,TRULICITY 1.5MG/0.5ML,DULAGLUTIDA,TRULICITY 1.5 MG/0.5ML,TRULICITY 1.5 MG/0.5ML,CAJA X 2 AMP,2,9/2/2021,BE01053,LILLY
7795990000873,13,ZYPREXA,5mg,Tableta,Tableta,Caja Tab.,14,9/17/2009,E16764,ELI LILLY
7795990000910,13,BASAGLAR 100 UI/ML AMP CJA X 5,100 UI/ML,AMPOLLA,AMP,CJA X 5,5,7/7/2022,BE01085,ELI LILLY INTERAMERICA INC.
7795990000941,13,CYRAMZA VIA 100MG 10ML,100mg,VIAL,VIA,VIAL,1,,BE01045,LILLY
7795990000958,13,HUMALOG U-100,100UI/ML,VIAL,VIAL,VIAL,1,,BE00442,LILLY
7795990001016,13,HUMULIN N,100UI/mL,Suspensión para Inyección,Inyectable,Cartucho X 3 mL,5,5/16/2015,BE00272,ELI LILLY
7795990001238,13,ZYPREXA IM,10mg,Polvo Liofilizado para Solución Inyectable,Inyectable,Vial,1,8/2/2009,E16639,ELI LILLY
7795990001313,13,CIALIS,20mg,Tableta,Tableta,Caja Tab.,1,9/22/2010,E17639,ELI LILLY
7795990001332,13,STRATTERA,25mg,Cápsula,Capsula,Caja Cap.,14,2/26/2015,E22188,ELI LILLY
7795990001337,13,CIALIS,20mg,Tableta,Tableta,Caja Tab.,4,9/22/2010,E17639,ELI LILLY
7795990001351,13,FORTEO,250mcg/mL,Solución para Inyección,Inyectable,Caja Inyector Prell. X 2.4 mL,1,10/3/2012,BE00438,ELI LILLY
7795990001368,13,STRATTERA,10mg,Cápsula,Capsula,Caja Cap.,7,3/15/2015,E22200,ELI LILLY
7795990001375,13,STRATTERA,18mg,Cápsula,Capsula,Caja Cap.,7,2/25/2015,E22184,ELI LILLY
7795990001399,13,STRATTERA,40mg,Cápsula,Capsula,Caja Cap.,14,3/15/2015,E22202,ELI LILLY
7795990001405,13,STRATTERA,60mg,Cápsula,Capsula,Caja Cap.,14,3/22/2015,E22215,ELI LILLY
7795990001412,13,CYMBALTA,30MG,TABLETAS,TABLETAS,CAJA,7,,EE-00290,LILLY
7795990001429,13,CYMBALTA,30mg,Cápsula,Capsula,Caja Cap.,14,4/7/2010,E17234,ELI LILLY
7795990001436,13,CYMBALTA  CAP 30MG,30mg,CAJA,CJA,CAJA,1,,EE00290,LILLY
7795990001450,13,CYMBALTA,60mg,Cápsula,Capsula,Caja Cap.,14,4/7/2010,E17232,ELI LILLY
7795990001467,13,CYMBALTA,60mg,Cápsula,Capsula,Caja Cap.,28,4/7/2010,E17232,ELI LILLY
7795990001597,13,BYETTA,5mcg/dosis,Solución para Inyección,Inyectable,Caja Cart. Prell. X 1.2 mL,1,8/23/2012,E19698,ELI LILLY
7795990001603,13,BYETTA,10mcg/dosis,Solución para Inyección,Inyectable,Caja Cart. Prell. X 2.4 mL,1,7/22/2013,E20853,ELI LILLY
7795990001757,13,HUMALOG KWIKPEN,100UI/mL,Solución para Inyección,Inyectable,Cartucho X 3 mL,5,10/15/2015,BE00753,ELI LILLY
7795990001764,13,HUMALOG MIX 25 KWIKPEN,100UI/ML,LAPICERO,PEN,CAJA,5,,BE00714,LILLY
7795990001771,13,HUMALOG MIX 50 KWIKPEN 100UI/ML 3ML,100ui/ml,LAPICERO,PEN,CAJA,5,,BE00749,LILLY
7795990001795,13,EFFIENT,5MG,COMPRIMIDOS,,CAJA TAB,14,,E22254,E LLILY INTERAMERICANA
779599001238,13,ZYPREXA,10mg,CAJA,CAJA,CJA *   1,1,7/26/2016,,LILLY
7796930001325,13,ZINNAT,250mg,Tableta,Tableta,Caja Tab.,10,4/15/2013,E15455,GSK
7797416000023,13,PIOMAT,40MG,COMPRIMIDO,COM,CJA,30,,EE01951,ECZANE PHARMA
7797416000900,13,NUMAL COM 500MG,500mg,COMPRIMIDO,COM,CAJA,30,,EE01949,ECZANE PHARMA
7798006872389,13,CICLOFOSFAMIDA GP PHARM VIA 1G,1g,VIAL,VIA,VIAL,1,2/6/2013,EE05692,GP PHARM
7798007730367,13,DIFFERIN,0.001,GEL,TUB,GEL X30G,,,E-20698,GALDERMA
7798007730428,13,ROZEX CREMA,0.75 G,CREMA,CREMA,Tubo x 30g,1,2/1/2020,E-18339,GALDERMA
7798008272101,13,Opdivo,10mg/mL,Solución inyectable,Inj. Sol.,1 vial x 4 mL,1,11/18/2020,BE-01028,Bristol-Myers Squibb
7798008272118,13,OPDIVO 10MG/ML,10mg/ml,Solucion inyectable,Solución,frasco,10,,BE-01028,BRYSTRL MYERS SQUIBB PERÚ SA
7798011832606,13,CRESEMBA,200 mg,POLVO PARA CONCENTRADO PARA SOLUCION PARA PERFUSION,INYECTABLE,VIAL,1,6/7/2023,EE06060,BIOTOSCANA
7798016550154,13,NITROGRAY (NITROGLICERINA) 25MG/5ML INY CJA X 25 (DR GRAY),25 MG/5 ML,AMPOLLA,AMP,CJA X 25,25,6/5/2022,EE05006,SARMIENTO CCOSCCO AGRIPINO
7798016551113,13,BUPIVACAINA HIPERBARICA CAINA -G HIPERBARICA,4 ml,Ampolla,Inyectable,Caja Amp x 25,1,,EE02732,LAB. PRODUCTOS FARMACEUTICOS DR. GRAY S.A.C.
7798016920261,13,SUCRALMAX,1g/5mL,Suspensión,Suspension,Fco. X 200 mL,1,3/23/2011,E18276,PERULAB
7798016921176,13,LOPERATOP,2mg,Comprimido,Tableta,Caja Comp.,50,3/6/2012,E19206,PERULAB
7798016921237,13,MONONIT 20 MG X 1 COMPRIMIDO,,,,,1,,,PERULAB S.A.
7798016921367,13,ESOPROTON,20 MG,CAJA,CAPSULAS,20 MG CJ CAPSULAS X 20,1,,E-19285,PERULAB
7798016921398,13,ESOPROTON,40 MG%,CAJA,CAPSULAS,40 MG CJ CAP. X 28,1,,E-19284,LAB. CARRION S.A.C.
7798016921473,13,FOSFACLIN,45 ML%,FRASCO,SOLUCION,Oral Sol. x 45ml,1,,E-19644,Perulab S.A.
7798021440082,13,SINRESOR 4 MG AMPOLLA,4 MG,Ampolla,Amp,Amp,1,,E-22453,BAGO
7798021440631,13,FLUTRAX,250mg,Comprimido,Tableta,Caja Comp.,60,3/3/2009,E16293,BAGO
7798021442253,13,OXALTIE,50 MG.,SOLUCIN INYECTABLE,INYECTABLE,FRASCO,1,,EE-00079,BAGO
7798021442260,13,OXALTIE 100MG AMPOLLA,100 mg,ampolla,amp,FRASCO AMPOLLA,1,,EE-00078,BAGO
7798021442345,13,TISOGEN,4mg,Polvo Liofilizado para Solución Inyectable,Inyectable,Caja Vial,1,1/23/2009,E16169,BAGO
7798021443120,13,MITOXGEN,2mg/mL,Solución para Inyección,Inyectable,Caja Fco. Amp.,1,5/4/2010,E17301,BAGO
7798025130248,13,GONAPEPTYL DEPOT,3.75MG,JERINGA PRELLENADA,JERINGA PRELLENADA,JERINGA PRELLENADA,1,,E17308,FERRING
7798025130538,13,PENTASA,500MG,COMPRIMIDO,COMPRIMIDO,CAJA,50,,E21739,FERRING
7798025130545,13,PENTASA SUPOSITORIO 1G,1G,SUPOSITORIO,SUPOSITORIO,SUPOSITORIO,1,,E21583,BIOPAS
7798025130569,13,DURATOCIN,,AMPOLLA,AMPOLLA,CAJA,5,,E16284,FERRING
7798025130576,13,MINIRIN,10MCG,SPRAY,SPRAY,FRASCO,1,,E21594,FERRING
7798025130583,13,GLYPRESSIN,1MG,VIAL,VIAL,VIAL,1,,E21150,FERRING
7798029230012,13,PLETAAL,50mg,Comprimido,Tableta,Caja Comp.,20,4/23/2012,E19330,JOHNSON&JOHNSON
7798029230036,13,PLETAAL,100mg,Comprimido,Tableta,Caja Comp.,20,4/20/2012,E19325,JOHNSON&JOHNSON
7798035310814,13,BENDAVAR 100MG,100 MG,AMPOLLA,AMP,CAJA X 1,1,,EE-04941,GADHORPHARMA SAC
7798035313778,13,HIDROXIUREA 500MG TAB CJA X 100,500 MG,TABLETA,TAB,CJA X 100,100,2/4/2023,EE01164,GADORPHARMA S.A.C.
7798040164099,13,MICROSER,16mg,Tableta,Tableta,Caja Tab.,40,1/12/2011,E18041,GRUNENTHAL PERUANA
7798040850398,13,MICROSER,8mg,Tableta,Tableta,Caja Tab.,20,1/12/2011,E18042,GRUNENTHAL PERUANA
7798040850404,13,MICROSER,8mg,Tableta,Tableta,Caja Tab.,50,1/12/2011,E18042,GRUNENTHAL PERUANA
7798072511724,13,DOBUTAMINA VEINFAR,250MG,VIAL,VIAL,VIAL,1,,EG4825,LABORATORIOS VEINFAR
7798088120064,13,CISPLATINO,50mg,Polvo Liofilizado para Solución Inyectable,Inyectable,Amp.,1,6/15/2010,EG4628,PERULAB
7798088120071,13,DOCETAXEL,20mg/0.5mL,Solución para Inyección,Inyectable,Caja Vial + Diluy.,1,6/24/2009,EG4384,PERULAB
7798088120088,13,DOCETAXEL,80mg/2mL,Inyectable,Inyectable,Amp.,1,6/24/2009,EG4383,PERULAB
7798088120095,13,CISPLATINO,10mg,Polvo Liofilizado para Solución Inyectable,Inyectable,Amp.,1,5/30/2010,EG4613,PERULAB
7798088120149,13,PACLITAXEL,30mg,Solución para Inyección,Inyectable,Caja Amp.,1,8/1/2013,EG4029,PERULAB
7798088120262,13,IRINOTECAN 100 MG/5 ML AMPOLLA X 5 ML(GLE),100MG/5ML,INYECTABLE,INYECTABLE,UNIDAD,1,,EE-02429,GLENMARK
7798088128893,13,GEMCITABINA 200MG X 1AMP,,,,,1,,,GLENMARK PHARMACEUTICALS PERU S.A.
7798097890248,13,LATLAS,0.25%,Gel Oftálmico,Gel Oftalmico,Fco. X 5 mL,1,12/28/2012,E20118,FARMINDUSTRIA
7798097891559,13,AIRCOSALM HFA,SALBUTAMOL 100 MG,SALBUTAMOL,AEROSOL,200 dosis,1,8/1/2019,E-23247,ATLAS FARMACÉUTICA S.A.
7798098720032,13,ALBUMINA BEHRING,20%,SOLUCION,SOLUCION,VIAL,1,,BE00342,CSL BEHRING
7798098720513,13,TETANOGAMMA-P,250UI,JERINGA PRELLENADA,JERINGA PRELLENADA,CAJA,1,,BE00579,BIOTOSCANA
7798098720667,13,RHOPHYLAC,300MCG,JERINGA PRELLENADA,JERINGA PRELLENADA,JERINGA PRELLENADA,1,,BE00572,BIOTOSCANA
7798122340090,13,OMNIC OCAS,0.4mg,Tableta,Tableta,Caja Tab.,30,10/4/2010,E17655,ALBIS
7798122840149,13,COLISTINA,,VIAL,VIAL,VIAL,1,,EG6010,PERMATEC
7798129413117,13,DROXILAR,500MG,COMPRIMIDO,COM,CJA,48,,E22576,SIEGFRIED
7800004231324,13,BB DENT,7.50%,Gel,Gel,Tubo X 10 g,1,12/14/2009,E12389,MAVER
7800004261529,13,DISFRUTA,,Polvo Efervescente,Polvo,Caja Sob.,72,2/13/2012,E19146,MAVER
7800004348008,13,PROCTOGEL,30,CREMA,CREMA,TUBO,30,,E-11779,MAVER
7800004369614,13,TAPSIN,,Comprimido,Tableta,Caja Comp.,200,7/5/2010,E13026,MAVER
7800004369683,13,TAPSIN INFANTIL,100mg/mL,Gotas,Solucion,Fco. Got. X 15 mL,1,8/28/2013,E20964,MAVER
7800004369744,13,TAPSIN COMPUESTO D.N.,,Solución,Solucion,Caja Sob.,6,12/22/2009,E16962,MAVER
7800004399536,13,TAPSIN COMPUESTO,,Polvo para Solución Oral,Solucion,Caja Sob.,60,3/21/2010,E12740,MAVER
7800004399567,13,TAPSIN COMPUESTO CON CLORFENAMINA,,Polvo para Solución Oral,Solucion,Caja Sob.,60,4/4/2010,E12785,MAVER
7800004501946,13,TAPSIN,,Comprimido,Tableta,Caja Comp.,12,7/5/2010,E13026,MAVER
7800004502318,13,TAPSIN DN COMPUESTO DIA Y NOCHE,,Cápsula,Capsula,Caja Cap.,18,6/22/2012,E19504,MAVER
7800004504220,13,DISFRUTA CITRUS,,Polvo Efervescente,Polvo,Caja Sob.,72,2/19/2012,E19160,MAVER
7800004504299,13,DISFRUTA CITRUS,,Polvo Efervescente,Polvo,Caja Sob.,12,2/19/2012,E19160,MAVER
7800004504428,13,TAPSIN COMPUESTO CALIENTE DIA CITRUS,,Polvo para Solución Oral,Solucion,Sobre X 5 g,60,4/17/2012,E19321,MAVER
7800004504442,13,TAPSIN COMPUESTO CALIENTE DIA CITRUS,,Polvo para Solución Oral,Solucion,Caja Sobre,24,4/17/2012,E19321,MAVER
7800004505883,13,TAPSIN MUJER,,Comprimido,Tableta,Caja Comp.,8,7/2/2013,E20814,MAVER
7800004505937,13,MIGRA TAPSIN,,Comprimido,Tableta,Caja Comp.,8,5/20/2011,E18420,MEDCO
7800004507887,13,PROLONG 1000,9mg/dosis,Spray,Solucion,Fco. Spray X 10 g,1,5/11/2010,E12873,MAVER
7800007143112,13,BETAMETASONA,0.05%,Crema,Crema,Tubo X 15 g,1,7/8/2013,NG1732,IQ FARMA
7800007439581,13,CORTIPREX,20mg,Comprimido,Tableta,Caja Comp.,20,7/5/2010,E8498,MEDCO
7800007440327,13,GINEDAZOL,,Ovulo,Ovulo,Caja Ov.,10,2/17/2010,E8032,MEDCO
7800007441997,13,HEROLAN,,Aerosol para Inhalación,Inhalador,Fco. X 200 Dosis,1,7/22/2010,E17517,MEDCO
7800007446442,13,LEVOTIROXINA,100mcg,Comprimido,Tableta,Caja Comp.,90,4/10/2013,EG5786,MEDCO
7800007449382,13,UNGUENTO DERMICO ANTIBIOTICO,,Ungüento,Unguento,Caja Tbo. X 15 g,1,10/17/2009,E7667,MEDCO
7800007462640,13,GENTAMICINA,0.30%,Solución Oftálmica,Solucion Oftalmica,Fco. Got. X 5 mL,1,3/7/2013,EG5736,NORDIC
7800007466044,13,TURBOGESIC,1%,Crema,Crema,Tubo X 40 g,1,4/12/2010,E8223,MEDCO
7800007466204,13,RED - OFF 0.0125%,0.01%,Colirio,Solucion Oftalmica,Caja Fco. Got. X 15 mL,1,11/7/2010,E8880,MEDCO
7800007509116,13,AZITROMICINA,500mg,Tableta,Tableta,Caja Tab.,3,2/1/2012,NG3142,INFARMASA
7800007521750,13,PREDNISONA,5mg,Tableta,Tableta,Caja Tab.,100,1/5/2011,NG2592,QUILAB
7800007530073,13,FENITOINA MF,100 MG,CAJA,TABLETAS,100 MG  CAJA COMPRIMIDOS X 100,1,,EG-2320,MARFAN S.A.C.
7800007595959,13,CORTIPREX,5mg/5mL,Suspensión,Suspension,Fco. X 100 mL,1,5/10/2012,N23483,MEDCO
7800007596093,13,IPOGRAS,10mg,Cápsula,Capsula,Caja Cap.,30,11/23/2009,N21459,MEDCO
7800007650566,13,GINEDAZOL,,Ovulo,Ovulo,Disp. Ov.,100,2/17/2010,E8032,MEDCO
7800007698841,13,ISOFLOXX,500mg,Tableta Recubierta,Tableta,Caja Tab.,7,7/20/2011,E18590,MEDCO
7800007698926,13,ISOFLOXX,500mg,Tableta,Tableta,Caja Tab.,50,7/20/2011,E18590,MEDCO
7800007746405,13,ISOFLOXX,750mg,Tableta,Tableta,Caja Tab.,7,7/20/2011,E18587,MEDCO
7800007802552,13,CLOROALERGAN 4MG X 200 TAB,4mg,comprimido,caja,,200,,,TEVA
7800008020023,13,BLISTEX CREMA LABIAL,,Crema,Crema,Caja Tbo. X 6 g,1,1/17/2011,E9096,GIANFARMA
7800009745253,13,DEPAKENE 250MG/5ML JARABE,250 mg / 5ml,JARABE,JARABE,FCO X 120 ML,1,,E-21153,ABBOTT
7800017006216,13,ENCEFABOL,100mg,Gragea,Tableta,Caja Grag.,20,3/20/2013,E15375,MERCK PERUANA
7800017045413,13,LUTENYL,5mg,Comprimido,Tableta,Caja Comp.,10,6/12/2011,E18471,MEDCO
7800017046625,13,ESTREVA,0.10%,Gel,Gel,Fco. X 50 g + Dosif.,1,8/11/2011,E18651,MEDCO
7800017065435,13,CONFER,,Cápsula,Capsula,Caja Cap.,30,12/22/2012,E10537,MERCK PERUANA
7800018079578,13,DONECIL,10 mg,Comprimido Recubierto,TABLETA,Caja Envase Blíster Comprimidos,30,5/19/2020,EE01132,GRUNENTHAL
7800018080093,13,DONECIL 10MG TAB CAJA X 30,10MG,TABLETA,TAB,TABLETA,30,,E17341,GRUNENTHAL
7800018080123,13,FAMIDAL OVULO CJX50 (GRU),,OVULO,OVULO,CAJA X 50,50,8/23/2021,EE03944,GRUNENTHAL PERUANA
7800018083650,13,PREGALEX 75MG COMPRIMIDO CAJAX30,75 MG,COMPRIMIDO,COMPRIMIDO,CAJA,30,,EE06340,GRÜNENTHAL
7800018115276,13,FAMIDAL,,Ovulo,Ovulo,Caja Ov.,10,8/23/2011,E9744,ABL PHARMA
7800018115283,13,FAMIDAL DUAL OVULOS Y CREMA,,Ovulo,Ovulo,Caja Ov. + Tbo. X 20 g,10,6/21/2010,E8464,ABL PHARMA
7800018115320,13,TRICONIDAZOL FORTE,1G,COMPRIMIDO,COMPRIMIDO,CAJA,2,,E8900,ABL PHARMA
7800018115337,13,TRICONIDAZOL FORTE,1g,Tableta Recubierta,Tableta,Caja Tab.,4,11/14/2010,E8900,ABL PHARMA
7800018115603,13,NISTAGLOS,,Crema,Crema,Tubo X 15 g,1,10/26/2010,E17733,ABL PHARMA
7800018115788,13,NISTAGLOS,,Crema,Crema,Tubo X 30 g,1,10/26/2010,E17733,ABL PHARMA
7800018115795,13,HIPOGLOS,35G,POMADA,POMADA,TUBO,1,,E17803,ABL PHARMA
7800018115801,13,HIPOGLOS POMx60GR,,,,,1,,,ABL PHARMA PERU S.A.C.
7800018116785,13,FLOGOJET,5%,Gel,Gel,Tubo X 30 g,1,11/24/2010,E8921,ABL PHARMA
7800018118949,13,HIPOGLOS TUB X 20 G,tubo x 20 gr,TUBO,TUBO,TUBO X 20 GR,1,,E-17803,ABL PHARMA
7800018119328,13,AMOLEX BID,875mg+125mg,Tableta Recubierta,Tableta,Caja Tab.,14,4/24/2009,E11767,ABL PHARMA
7800018119335,13,AMOLEX BID,400mg+57mg/5mL,Suspensión,Suspension,Fco. X 35 mL,1,4/22/2009,E11764,ABL PHARMA
7800018119373,13,ELCAL-D FORTE,1125MG/175UI,CAPSULA,CAPSULA,CAJA,60,,DE0567,ABL PHARMA
7800018119793,13,RESPIBRON,Ad. 50mg /5ml,Jarabe,Suspension,Fco. X 100 mL,1,12/5/2013,E11370,ABL PHARMA
7800018119809,13,RESPIBRON PEDI,28/5,JARABE,JARABE,FRASCO,1,,E11534,ABL PHARMA
7800018119816,13,FAMIDAL,,Ovulo,Ovulo,Caja Ov.,50,8/23/2011,E9744,ABL PHARMA
7800018122236,13,AFLAZACORT,30mg,Tableta,Tableta,Caja Tab.,10,4/13/2012,E19311,ABL PHARMA
7800018122250,13,AFLAZACORT,6mg,Tableta,Tableta,Caja Tab.,10,4/13/2012,E19312,ABL PHARMA
7800018122304,13,DEFLAMAT,75mg/3mL,Solución para Inyección,Inyectable,Amp. X 3 mL,25,3/20/2010,E12732,ABL PHARMA
7800018122328,13,MICOSTOP,1%,Crema,Crema,Tubo X 15 g,1,8/31/2010,E13168,ABL PHARMA
7800018123028,13,ABACTEN,200mg/5mL,Polvo para Suspensión Oral,Suspension,30 mL,1,9/12/2010,E13200,ABL PHARMA
7800018123226,13,NIVELAN,1mg,Comprimido Recubierto,Tableta,Caja Comp.,20,3/29/2011,E18293,ABL PHARMA
7800018123233,13,NIVELAN,2mg,Comprimido Recubierto,Tableta,Caja Comp.,20,3/29/2011,E18291,ABL PHARMA
7800018123240,13,NIVELAN,3mg,Comprimido Recubierto,Tableta,Caja Comp.,14,3/29/2011,E18292,ABL PHARMA
7800018125084,13,LEVOQUINOX,500mg,Comprimido Recubierto,Tableta,Caja Comp.,14,6/28/2011,E18540,ABL PHARMA
7800018127231,13,DEFLAMAT,75mg,Cápsula,Capsula,Caja Cap.,50,12/31/2013,E11447,ABL PHARMA
7800018127248,13,DEFLAMAT,100mg,Cápsula,Capsula,Caja Cap.,49,11/24/2013,E11341,ABL PHARMA
7800018127422,13,DEFLAMAT,50mg,Cápsula,Capsula,Caja Cap.,50,1/10/2011,E18027,ABL PHARMA
7800018130163,13,TRAVIATA,20mg,Comprimido,Tableta,Caja Comp.,10,2/3/2014,E16191,ABL PHARMA
7800018130170,13,TRAVIATA,20mg,Comprimido,Tableta,Caja Comp.,30,2/3/2014,E16191,ABL PHARMA
7800018130538,13,ELCAL D SUPRA,3102 mg (1200 mg Ca)+ 800 U.I,POLVO PARA SUSPENSIÓN ORAL,SUSPENSIÓN,CAJA X 30 SOBRES,30,,DE-0511,LABORATORIO ABL PHARMA
7800018130552,13,ELCAL-D PLUS,500 MG.,CAPSULAS,CAPSULAS,CAJA,30,,DE-0516,ANDROMACO
7800018130996,13,LEUMONT 50MG  X 1 COMP.,,,,,1,,,ABL PHARMA PERU S.A.C.
7800018131016,13,DONECIL,5mg,Comprimido,Tableta,Caja Comp.,30,5/19/2010,E17342,ABL PHARMA
7800018131023,13,DONECIL,10mg,Comprimido,Tableta,Caja Comp.,30,5/19/2010,E17341,ABL PHARMA
7800018131078,13,DIABESTAT 30MG X 1COMP,,,,,1,,,ABL PHARMA PERU S.A.C.
7800018131092,13,GLUCOFOR G,500mg+5mg,Comprimido,Tableta,Caja Comp.,30,7/15/2014,E16613,ABL PHARMA
7800018131108,13,GLUCOFOR G,500mg+2.5mg,Comprimido,Tableta,Caja Comp.,30,7/15/2014,E16612,ABL PHARMA
7800018131115,13,GLUCOFOR,850mg,Comprimido,Tableta,Caja Comp.,30,7/15/2009,E16609,ABL PHARMA
7800018131153,13,ATEROCLAR,20mg,Tableta Recubierta,Tableta,Caja Tab.,30,3/25/2014,E16355,ABL PHARMA
7800018131207,13,SUMIPRAL,40mg,Comprimido,Tableta,Caja Comp.,14,7/23/2009,E16632,ABL PHARMA
7800018131214,13,ARATAN,50mg,Tableta Recubierta,Tableta,Caja Tab.,30,8/13/2009,E16667,ABL PHARMA
7800018131221,13,ARATAN D,50mg+12.5mg,Comprimido Recubierto,Tableta,Caja Comp.,30,2/18/2015,E17125,ABL PHARMA
7800018131269,13,FENAX,120mg,Tableta,Tableta,Caja Tab.,10,7/15/2014,E16608,ABL PHARMA
7800018131382,13,AMOLEX BID,400mg+57mg/5mL,Suspensión,Suspension,Fco. X 70 mL,1,4/22/2009,E11764,ABL PHARMA
7800018131498,13,ELCAL-D CAPX1,,,,,1,,,ABL PHARMA PERU S.A.C.
7800018131641,13,ELCAL FORTE,1125MG,CAPSULA,CAPSULA,CAJA,30,,DE0568,ABL PHARMA
7800018131696,13,INMUNOKAST,4mg,Comprimido Masticable,Tableta,Caja Comp.,30,4/1/2010,E17228,ABL PHARMA
7800018131719,13,INMUNOKAST,10mg,Comprimido Masticable,Tableta,Caja Comp.,30,4/7/2010,E17233,ABL PHARMA
7800018131733,13,INMUNOKAST,5mg,Comprimido Masticable,Tableta,Caja Comp.,30,4/1/2010,E17229,ABL PHARMA
7800018151489,13,VENARTEL,500mg,Comprimido,Tableta,Caja Comp.,10,5/25/2009,E16476,ABL PHARMA
7800018158280,13,FENAX,180mg,Comprimido Recubierto,Tableta,Caja Comp.,10,3/7/2011,E18198,ABL PHARMA
7800018158334,13,MINIDOL PLUS,,Comprimido,Tableta,Caja Comp.,10,6/5/2011,E18449,ABL PHARMA
7800018160634,13,TRAVIATA,20MG,COMPRIMIDO,COMPRIMIDO,CAJA,30,,E16191,ABL PHARMA
7800018161099,13,LEVOQUINOX,750mg,Comprimido Recubierto,Tableta,Caja Comp.,7,4/9/2012,E19296,ABL PHARMA
7800018161105,13,NIVELAN FT,2mg,Comprimido de Disolución Bucal,Tableta,Caja Comp.,20,7/17/2012,E19572,ABL PHARMA
7800018161228,13,ANULETTE CD,,Tableta,Tableta,Caja Tab.,1,12/2/2010,E17889,ABL PHARMA
7800018161242,13,MIBLOC,15mg,Comprimido,Tableta,Caja Comp.,10,10/16/2012,E19879,ABL PHARMA
7800018161297,13,CAREZA,,Tableta Recubierta,Tableta,Caja Tab.,1,11/27/2012,E14991,ABL PHARMA
7800018161310,13,LACTAFEM,75mcg,Comprimido,Tableta,Caja Comp.,1,11/29/2010,E17872,ABL PHARMA
7800018161488,13,MIDALET,,Comprimido Recubierto,Tableta,Caja Comp.,1,2/16/2011,E13637,ABL PHARMA
7800018161884,13,FEMIPLUS-CD,0.030/3MG,COMPRIMIDO,COMPRIMIDO,CAJA,28,,E19990,ABL PHARMA
7800018161891,13,FEMIPLUS-20,0.020/3MG,COMPRIMIDO,COMPRIMIDO,CAJA,28,,E19752,ABL PHARMA
7800018162386,13,FAMIDAL,,Crema Vaginal,Crema Vaginal,Tubo X 60 g,1,8/23/2011,E9745,ABL PHARMA
7800018162393,13,DEFLAMAT,1%,Gel,Gel,Tubo X 30 g,1,7/25/2010,E13080,ABL PHARMA
7800018162911,13,POVIN,,Pomada,Unguento,Tubo X 20 g,1,5/27/2009,E16479,ABL PHARMA
7800018162928,13,POVIN,,Pomada,Unguento,Tubo X 35 g,1,5/27/2009,E16479,ABL PHARMA
7800018164083,13,SYMFONA,120mg,Cápsula,Capsula,Caja Cap.,21,11/22/2012,E19991,ABL PHARMA
7800018165103,13,HEDILAR FORTE 70 MG/5ML,70MG/5ML,JARABE,JBE,FRASCO X 100 ML,1,,PNE1112,ABL PHARMA
7800018170244,13,MICOSTOP,250 MG,CAJA,COMPRIMIDOS,250mg Comp. x 28,1,,E-13084,ABL Pharma Perú S.A.C.
7800018172330,13,PREGALEX 150MG X 1TB,,,,,1,,,ABL PHARMA PERU S.A.C.
7800018172361,13,PREGALEX 75 MG,75mg,Tableta,Tableta,Caja Tab.,30,6/8/2016,E22501,ABL PHARMA
7800018175959,13,HEDILAR 35MGX100ML(ABL),35 mg / 100 mL,jarabe,jbe,jarabe,1,,Reg.N°PNE-0600,ABL Pharma
7800018175980,13,OLZAPIN-FT,10mg,CAJA,CAJA,CJA *  15,15,2/21/2017,E0202000000,ABL PHARMA
7800018182841,13,D-HIPOGLOS,,UNIDAD,UNIDAD,FRASCO X 100 G,,,369C71,GRUNENTHAL
7800018185590,13,FAMIDAL OVULOS X 50 UND.,,OVULOS,,CAJA,50,,,ABL
7800018185637,13,HEDILAR JBE 35/5 100ML,35/5,FRASCO,FCO,FRASCO,1,1/5/2006,PNE0600,ABL PHARMA
7800018185675,13,LEUMONT,100MG X 30 COMP,LAMOTRIGINA,LAMOTRIGINA,COMPRIMIDO,1,2/12/2018,E-22785,ABL PHARMA
7800018185682,13,LEUMONT 50MG,50 mg,Comprimidos,Comp.,Comprimidos,30,1/1/2018,E-20428,ABL PHARMA
7800018185699,13,LISACNE CAP 10MG,10MG,CAPSULA,CAP,CAJA,30,,E16325,GRUNENTHAL
7800018185705,13,LISACNE CAP 20MG,20MG,CAPSULA,CAP,CAJA,30,,E16356,GRUNENTHAL
7800018185712,13,NISTAGLOS,15 GR,TUBO,CREMA,Ped. Crema x 15g,1,,E-17733,ABL Pharma Perú S.A.C.
7800018185767,13,PREGALEX,75 MG.,COMPRIMIDOS,COMPRIMIDOS,FRASCO,30,,E-22501,ABL PHARMA
7800018185774,13,RESPIBRON 50MG/5ML JBE X 100ML,50mg,Frasco,,solucion,1,,,abl
7800018185781,13,RESPIBRON 28MG/5ML JBE X 100ML,28mg,Frasco,,solucion,1,,,abl
7800018185811,13,TRICONIDAZOL FORTE COMx1GRx4,1GR,TABLETAS,TAB,CAJA X 4 COM,4,5/1/2019,EE-04451,ABL PHARMA PERU
7800018188522,13,NIVELAN,1mg/ml,FRASCO,FRASCO,FCO *   1,1,1/20/2017,,ABL PHARMA
7800018188607,13,D-HIPOGLOS,,UNG,UNG,TUBO X 120 G,,,NSOC265,GRUNENTHAL
7800018188638,13,D´HIPOGLOS UNGTO x 60 g,60 GR,CREMA,CRM,CJA X 1,1,2/22/2017,NSOC2659516PE,GRUNENTHAL PERUANA S.A.
7800018188645,13,D HIPOGLOS UNG X 35GR,35G,UNGÜENTO,UNGÜENTO,UNGÜENTO,1,8/1/2019,NSOC26595-16PE,GRUNENTHAL
7800018188652,13,D´HIPOGLOS UNGTO x 20 g,20 GR,CREMA,CRM,CJA X 1,1,2/22/2017,NSOC2659516PE,GRUNENTHAL PERUANA S.A.
7800018622514,13,MALTOFER,100mg/2mL,Solución para Inyección,Inyectable,Amp. X 2 mL,1,3/10/2008,E15338,ABL PHARMA
7800018622569,13,MALTOFER,100mg,Tableta Masticable,Tableta,Caja Tab.,30,5/21/2012,E14647,OM PHARMA
7800018623146,13,MALTOFER,50mg,Solución Oral,Solucion,Fco. X 30 mL,1,9/18/2012,E14869,ABL PHARMA
7800018623153,13,MALTOFER,50mg/5mL,Jarabe,Solucion,Fco. X 150 mL,1,10/22/2012,E14925,ABL PHARMA
7800019022153,13,METICORTEN SP,20mg,Tableta,Tableta,Caja Tab.,20,4/28/2014,E11784,SCHERING PLOUGH
7800020017841,13,PANDEL,0.10%,Crema,Crema,Tubo X 10 g,1,5/17/2009,E11820,ABL PHARMA
7800020017919,13,PANDEL,,Pomada,Unguento,15 g,1,5/17/2009,E11819,ABL PHARMA
7800020020964,13,FLAPEX E,,Cápsula,Capsula,Caja Cap.,120,11/4/2009,E16872,ABL PHARMA
7800020024917,13,ESTRARONA,0.625mg,Comprimido,Tableta,Caja Comp.,1,5/26/2008,E10918,ABL PHARMA
7800020025617,13,SULCRAN,500mg/5mL,Suspensión,Suspension,Fco. X 200 mL,1,11/9/2013,E11291,ABL PHARMA
7800020030956,13,ANULETTE,0.15mg+0.03mg,Comprimido,Tableta,Caja Comp.,1,2/25/2015,E17150,ABL PHARMA
7800020033216,13,FLUANXOL DEPOT,200mg/mL,Solución para Inyección,Inyectable,Amp.,1,9/22/2008,E11180,SILESIA PERU
7800020034015,13,CIPRAMIL,20mg,Tableta,Tableta,Caja Tab.,14,5/23/2013,E20673,AXON
7800020037214,13,NALERONA,50mg,Comprimido,Tableta,Caja Comp.,30,8/4/2013,E11064,ABL PHARMA
7800020043413,13,DRINA,,Comprimido,Tableta,Caja Comp.,1,6/6/2011,E18456,ABL PHARMA
7800020155598,13,PANDEL,0.001,Crema,Crema,Tubo X 15 g,1,5/17/2009,E11820,ABL PHARMA
7800020156885,13,CYCLOFEMINA,,Suspensión para Inyección,Inyectable,Caja Amp. X 0.5 mL,1,12/27/2010,E17981,ABL PHARMA
7800020172441,13,TINELLE,2 MG./0.03 MG.,COMPRIMIDOS RECUBIERTOS,COMPRIMIDOS,CAJA,28,,E-23116,ABL PHARMA
7800020185793,13,TINELLE 2mg /0.03mg,2mg /0.03mg,DIENESTROL,DIENESTROL,COMPRIMIDO,1,1/12/2017,E-23116,ABL PHARMA
7800020187032,13,EDUAL,2 MG.,CAJA,CAJA,CAJA,30,,EE-00431,GRUNENTHAL
7800020188176,13,EDUAL,2mg,COMPRIMIDOS,COMP,CAJA,30,,EE-00431,Grünenthal Peruana S.A.
7800022012875,13,SOLU-MEDROL,500MG,VIAL,VIAL,VIAL,1,,E22517,PFIZER
7800025190013,13,SOLU MEDROL,125mg/2mL,Polvo para Solución Inyectable,Inyectable,Amp. X 2 mL,1,1/31/2013,E15245,PFIZER
7800026001080,13,ANFIBOL,5 MG,COMPRIMIDOS,COMPRIMIDOS,CAJA X 30,30,,E-23156,CARDIOPHARM
7800026001622,13,CICLOMEX 20,,Comprimido Recubierto,Tableta,Caja Comp.,1,10/6/2010,E17664,FARMINDUSTRIA
7800026002520,13,TOPREL,50 MG.,COMPRIMIDOS,COMPRIMIDOS,CAJA,,,EE-01897,FARMINDUSTRIA
7800026002742,13,CARDIOPLUS COM 20MG,20MG,COMPRIMIDO,COM,CAJA,30,11/1/2018,E21628,FARMINDUSTRIA
7800026002759,13,CARDIOPLUS 40 MG X 1 TABLETA,,,,,1,,,FARMINDUSTRIA S.A.
7800026002780,13,CARDIOPLUS D 40/12.5 X 1 TABLETA,,,,,1,,,FARMINDUSTRIA S.A.
7800026003763,13,CARDIOPLUS AM,40/5,COMPRIMIDO RECUBIERTO,COMPRIMIDOS,COMPRIMIDOS,1,1/9/2018,I151154,CARDIOPHARM
7800026003794,13,CARDIOPLUS,40/10mg,CAJA,CAJA,CJA *  30,30,6/24/2017,,FARMINDUSTRIA
7800026003831,13,VADIRAL 500MG COMP. REC. X 10,500MG,TABLETAS,TABELTAS,CAJA,10,,EE-04700,FARMINDUSTRIA
7800026004579,13,PITACOL 2 MG,PITAVASTATINA,CAJA X 30 COMPRIMIDOS,CAJA X 30 COMPRIMIDOS,CAJA,30,10/1/2018,EE-00677,CARDIOPHARM
7800026004593,13,PITACOL 4 MG,PITAVASTATINA,CAJA X 30 COMPRIMIDOS,CAJA X 30 COMPRIMIDOS,CAJA,30,3/1/2021,EE-00168,CARDIOPHARM
7800026005033,13,AZYMOL,15mg,Comprimido,Tableta,Caja Comp.,30,2/15/2011,E18155,FARMINDUSTRIA
7800026005149,13,AZYMOL 15MG TAB CJA X 10,15 MG,TABLETA,TAB,CJA X 10,10,10/16/2020,EE02015,FARMINDUSTRIA S.A.
7800026005989,13,FEMELLE 20,,Comprimido Recubierto,Tableta,Caja Comp.,1,5/2/2011,E18336,FARMINDUSTRIA
7800026006429,13,GESTAGRAMIN,10mg,DOXILAMINA/PIRIDOXINA,GESTAGRAMIN,COMPRIMIDOS RECUBIERTOS,30,5/1/2019,EE-03954,GYNOPHARM
7800026007228,13,PIPLEX,5mg,Cápsula Blanda,Capsula,Caja Cap.,30,8/21/2013,E20939,FARMINDUSTRIA
7800026008812,13,CIBLEX,30mg,Comprimido,Tableta,Caja Comp.,30,1/23/2013,E15206,FARMINDUSTRIA
7800026009130,13,LAFIGIN,25mg,Comprimido,Tableta,Caja Comp.,30,8/2/2012,E14809,FARMINDUSTRIA
7800026009178,13,LAFIGIN,50mg,Comprimido,Tableta,Caja Comp.,30,8/2/2012,E19620,FARMINDUSTRIA
7800026009192,13,LAFIGIN,100mg,Comprimido,Tableta,Caja Comp.,30,3/21/2012,E14483,FARMINDUSTRIA
7800026009222,13,DIXI 35,,Comprimido Recubierto,Tableta,Caja Comp.,1,5/27/2013,E15559,FARMINDUSTRIA
7800026009741,13,PIPLEX,20mg,Cápsula Blanda,Capsula,Caja Cap.,30,9/27/2011,E14168,FARMINDUSTRIA
7800026009987,13,TINOX,2.5mg,Comprimido,Tableta,Caja Comp.,1,11/16/2010,E13364,FARMINDUSTRIA
7800026010006,13,TENSODOX,10mg,Comprimido,Tableta,Caja Comp.,20,11/23/2013,N17025,FARMINDUSTRIA
7800026010341,13,CRESADEX,10mg,Comprimido,Tableta,Caja Comp.,30,10/12/2010,E17686,FARMINDUSTRIA
7800026010365,13,CRESADEX,20mg,Comprimido Recubierto,Tableta,Caja Comp.,30,5/5/2011,E18360,FARMINDUSTRIA
7800026010860,13,KOPODEX,100mg/mL,Solución Oral,Solucion,Fco. X 120 mL,1,11/6/2013,E21208,FARMINDUSTRIA
7800026010877,13,KOPODEX,500mg,Comprimido Recubierto,Tableta,Caja Comp.,30,12/14/2009,E16944,FARMINDUSTRIA
7800026010891,13,KOPODEX,100MG,COMPRIMIDO,COMP,CAJ X 30,,,EE-01111,DRUGTECH
7800026010914,13,PREGOBIN,150mg,Cápsula,Capsula,Caja Cap.,30,2/28/2013,E20410,FARMINDUSTRIA
7800026010945,13,PREGOBIN,75mg,Cápsula,Capsula,Caja Cap.,30,2/26/2013,E20389,FARMINDUSTRIA
7800026012147,13,ELEVAL DRUGTECH,50mg,Comprimido,Tableta,Caja Comp.,30,5/25/2013,E10913,FARMINDUSTRIA
7800026012536,13,RINOFILAX,2.5mg/5mL,Jarabe,Solucion,Caja Fco. X 60 mL,1,12/13/2012,E20076,FARMINDUSTRIA
7800026012543,13,BACTEROL,200mg+40mg/5mL,Suspensión,Suspension,Fco. X 60 mL,1,9/1/2013,E20980,FARMINDUSTRIA
7800026012710,13,RINOMEX,2.5mg/15mg,Jarabe,Solucion,Fco. X 120 mL,1,2/25/2013,E20387,FARMINDUSTRIA
7800026012734,13,RINOFILAX,5mg,Comprimido Recubierto,Tableta,Caja Comp.,10,10/31/2013,E15965,FARMINDUSTRIA
7800026012741,13,MIMETIX,10mg,Tableta,Tableta,Caja Tab.,60,10/13/2010,E17688,FARMINDUSTRIA
7800026012949,13,TERFEX,1%,Crema,Crema,Tubo X 15 g,1,8/29/2013,E20970,FARMINDUSTRIA
7800026013090,13,TENSODOX,5mg,Comprimido,Tableta,Caja Comp.,20,1/7/2014,E21397,FARMINDUSTRIA
7800026013106,13,CORDIAX D FORTE,80 /12.5mg Caja Comp. x 30,COMPRIMIDO,COMPRIMIDO,CAJA,1,1/1/2021,E-20674,CARDIOPHARM
7800026013120,13,CORDIAX 40 MG,TELMISARTAN 40 MG,CAJA X 30 TABLETAS,CAHA X 30 TABLETAS,CAJA,,,E-20690,CARDIOPHAM
7800026013137,13,CORDIAX 80 MG,TELMISARTAN 480 MG,CAJA X 30 TABLETAS,CAJA X 30 TABLETAS,CAJA,30,12/1/2018,E-20692,CARDIOPHAM
7800026013472,13,PROGENDO,200mg,Cápsula Blanda,Capsula,Caja Cap.,30,1/3/2011,E18002,FARMINDUSTRIA
7800026013489,13,PROGENDO,400mg,Cápsula Blanda,Capsula,Caja Cap.,30,12/9/2010,E17914,FARMINDUSTRIA
7800026013977,13,CARDIOPLUS AM,40/10 MG,COMPRIMIDOS,COMPRIMIDOS,CAJA X 30,30,,E-23111,CARDIOPHARM
7800026013984,13,CARDIOPLUS AM 20mg/5mg,20 MG/5 MG,CAJA,COMPRIMIDOS,20mg / 5 mg Caja Comp. Rec. x 30,1,,E-23107,Farmindustria S.A. (Planta)
7800026014134,13,NASILEX,,Gotas,Solucion,Fco. X 20 mL,1,10/21/2004,E12268,PHARMALAB
7800026015162,13,ARLETTE 28,75mcg,Comprimido Recubierto,Tableta,Caja Comp.,1,1/14/2014,E16135,FARMINDUSTRIA
7800026015261,13,ACERDIL,10mg,Tableta Recubierta,Tableta,Caja Tab.,30,6/23/2013,E20782,FARMINDUSTRIA
7800026015650,13,BACTEROL FORTE,400mg+80mg/5mL,Suspensión Oral,Suspension,Caja Fco. X 100 mL,1,3/6/2013,E20436,FARMINDUSTRIA
7800026016183,13,CORODIN D,50mg+12.5mg,Comprimido,Tableta,Caja Comp.,30,5/31/2010,N19670,FARMINDUSTRIA
7800026016190,13,CORODIN,50mg,Comprimido,Tableta,Caja Comp.,30,6/25/2011,N19956,FARMINDUSTRIA
7800026016329,13,BIOPSOL,1mg,Comprimido,Tableta,Caja Comp.,30,7/24/2012,E19591,FARMINDUSTRIA
7800026016336,13,BIOPSOL,0.25MG,COMPRIMIDO,COMPRIMIDO,CAJA,30,,E19612,FARMINDUSTRIA
7800026016558,13,LEROGIN COMP X 30,2.5 MG / 5MG,COMPRIMIDO,COMPRIMIDO,CAJA X30,30,8/15/2018,EE-03816,FARMINDUSTRIA
7800026017401,13,ZIMAQUIN,50mg,Comprimido,Tableta,Caja Comp.,10,8/8/2011,E9705,FARMINDUSTRIA
7800026017616,13,CICLIDON 20,,Comprimido Recubierto,Tableta,Caja Comp.,1,10/3/2010,E17652,FARMINDUSTRIA
7800026019184,13,ACERDIL,20mg,Tableta Recubierta,Tableta,Caja Tab.,30,6/23/2013,E20786,FARMINDUSTRIA
7800026020470,13,T - INMUN 0.03% UNTO 15 GR,,,,,1,,,FARMINDUSTRIA S.A.
7800026021293,13,OXICODAL,600MG,COMPRIMIDO,COMPRIMIDO,CAJA,30,,E15717,PHARMALAB
7800026021309,13,OXICODAL,300mg,Comprimido,Tableta,Caja Comp.,30,8/20/2013,E15787,FARMINDUSTRIA
7800026024966,13,ARADIX,10mg,CAJA,CAJA,CJA *  30,1,8/31/2015,E0167020000,PHARMALAB
7800026025345,13,DINEURIN,300mg,Cápsula,Capsula,Caja Cap.,30,1/29/2013,E20249,FARMINDUSTRIA
7800026025925,13,OXICODAL,600mg,Comprimido,Tableta,Caja Comp.,30,7/18/2013,E15717,FARMINDUSTRIA
7800026026052,13,RITMOCOR 150 MG,150MG,COMPRIMIDO,COMPRIMIDO RECUBIERTO,CAJA X 20 UNIDADES,20,,E021323,RECALCINE
7800026026465,13,T - INMUN 0.1%UNGTO 15GR,,,,,1,,,FARMINDUSTRIA S.A.
7800026026564,13,GINODERM GEL,0.06%,Gel,Gel,Caja Sachet X 2.5 g,32,12/6/2012,E15020,FARMINDUSTRIA
7800026026595,13,VADIRAL,500mg,Comprimido Recubierto,Tableta,Caja Comp.,10,8/27/2012,E14833,FARMINDUSTRIA
7800026026663,13,VACIDOX,0.5mg,Ovulo,Ovulo,Caja Ov.,15,8/7/2012,E19625,FARMINDUSTRIA
7800026028216,13,QUETIDIN,25mg,Comprimido Recubierto,Tableta,Caja Comp.,30,11/23/2009,E16914,FARMINDUSTRIA
7800026028223,13,QUETIDIN,100mg,Comprimido Recubierto,Tableta,Caja Comp.,30,11/11/2009,E16890,FARMINDUSTRIA
7800026028230,13,QUETIDIN,200mg,Tableta Recubierta,Tableta,Caja Tab.,30,11/12/2009,E16895,FARMINDUSTRIA
7800026028377,13,LIPOTROPIC,20mg,Comprimido Recubierto,Tableta,Caja Comp.,30,3/23/2010,E12749,FARMINDUSTRIA
7800026028384,13,LIPOTROPIC,40mg,Comprimido Recubierto,Tableta,Caja Comp.,30,2/24/2009,E16268,FARMINDUSTRIA
7800026029565,13,HELPIN,50mg,Comprimido Recubierto,Tableta,Caja Tab.,4,10/17/2013,E21135,FARMINDUSTRIA
7800026029688,13,PROGENDO,100mg,Cápsula Blanda,Capsula,Caja Cap.,30,5/19/2013,E15528,FARMINDUSTRIA
7800026050019,13,FEMELLE,,Comprimido Recubierto,Tableta,Caja Comp.,1,3/5/2014,E16300,FARMINDUSTRIA
7800026050033,13,FLOVACIL,400mg,Comprimido Recubierto,Tableta,Caja Comp.,7,1/25/2011,E19110,FARMINDUSTRIA
7800026056783,13,VACIDOX CRM VAG 0.1% 30G,0.001,CREMA VAGINAL,CREMA VAGINAL,TUBO,1,,E22629,PHARMALAB
7800026062197,13,PIPLEX,10mg,Cápsula Blanda,Capsula,Caja Cap.,30,8/26/2013,E20956,FARMINDUSTRIA
7800026070116,13,CLIMATROL - E SIN MEDROXIPROGESTERONA,0.300mg,Comprimido Recubierto,Tableta,Caja Comp.,1,3/30/2012,E19277,FARMINDUSTRIA
7800026085127,13,CARDIOPLUS- D 20/12.5 CAJ X 30 COMP,20/12.5,COMPRIMIDOS,COMP,CAJA X 30 COMPR,30,1/1/2016,E-21462,CARDIOPHARM
7800026089743,13,CLINOMAT,2mg+1mg,Comprimido Recubierto,Tableta,Caja Comp.,1,8/28/2011,E18700,FARMINDUSTRIA
7800026125649,13,PIPLEX,30mg,Cápsula Blanda,Capsula,Caja Cap.,30,1/26/2012,E19113,FARMINDUSTRIA
7800026159866,13,CORODIN,100mg,Comprimido,Tableta,Caja Comp.,30,6/30/2013,E20802,FARMINDUSTRIA
7800026159873,13,CORODIN D FORTE,,Comprimido Recubierto,Tableta,Caja Comp.,30,11/14/2010,E17789,FARMINDUSTRIA
7800026211014,13,CICLOMEX 15,,Comprimido Recubierto,Tableta,Caja Comp.,1,2/17/2014,E16240,FARMINDUSTRIA
7800026254004,13,BACTEROL FORTE,800mg+160mg,Tableta Recubierta,Tableta,Caja Tab.,100,9/20/2013,N14975,FARMINDUSTRIA
7800026356470,13,EMOLAN BIOCUART,TUBO X 30 GR,TUBO X 30 GR,TUBO X 30 GR,TUBO,1,,NSOCO3990-12ECG,MEDIDERM
7800026456781,13,KAONOL,3 MG,COMPRIMIDOS,COMPRIMIDOS,CAJA X 2,2,1/3/2016,E-21845,MEDIDERM
7800026457818,13,GESER 60MG TAB CJA X 30,60 MG,TABLETA,TAB,CJA X 30,30,11/13/2019,EE00500,FARMINDUSTRIA S.A.
7800026457825,13,GESER 30MG TAB CJA X 30,30MG,TABLETA,TAB,CAJA X 30,30,11/13/2019,EE-00501,FARMINDUSTRIA SA
7800026547816,13,AZYMOL 5MG TAB CJA X 15,5 MG,TABLETA,TAB,CJA X 15,15,7/23/2020,EE01513,FARMINDUSTRIA S.A.
7800026685457,13,CORDIAX AM 80/10,TELMISARTAN 80 MG/ AMLODIPINO 10 MG,CAJA X 30 TABLETAS,CAJA X 30 TABLETAS,CAJA,30,5/1/2018,EE-01322,CARDIOPHAM
7800026685464,13,CORDIAX AM 40/5,TELMISARTAN 40MG/ AMLODIPINO 5 MG,CAJA X 30 TABLETAS,CAJA X 30 TABLETAS,CAJA,30,5/1/2018,EE-01318,CARDIOPHAM
7800026685471,13,CORDIAX AM 80/5,TELMISARTAN 80 MG/AMLODIPINO 5 MG,CAJA X 30 TABLETAS,CAJA X 30 TABLETAS,CAJA,30,5/1/2018,EE-01320,CARDIOPHAM
7800028000777,13,GLICENEX,500mg,Comprimido,Tableta,Caja Comp.,30,2/24/2010,E17144,BAGO
7800028001286,13,DEGRALER,2.5mg/5mL,Jarabe,Solucion,Fco. X 100 mL,1,5/26/2011,E18425,BAGO
7800028001439,13,FLUCOMIX,50mcg/dosis,Suspensión Nasal,Suspension Nasal,Fco. Spray X 120 Dosis,1,12/12/2011,E19002,BAGO
7800028001750,13,ACNOTIN,10mg,Comprimido,Tableta,Caja Comp.,30,7/26/2009,E16635,BAGO
7800028001767,13,ACNOTIN,20mg,Comprimido,Tableta,Caja Comp.,30,8/11/2009,E16657,BAGO
7800028001972,13,FLOGOCORT,0.10%,Crema,Crema,Tubo X 10 g,1,1/22/2013,E20209,BAGO
7800028002740,13,ACNOTIN 10MG X 1 TAB,,,,,1,,,LABORATORIO BAGO DEL PERU S.A.
7800028002757,13,ACNOTIN,20mg,Cápsula Blanda,Capsula,Caja Cap.,30,8/11/2009,E16657,BAGO
7800028003501,13,METAGESIC ODT,325 mg + 37.5 mg,Comprimido Bucodispersable,TABLETA,Caja Envase Blíster Comprimidos Bucodispersables,20,2/6/2023,EE05694,BAGO
7800028841141,13,NIFURAT,,Suspensión,Suspension,Fco. X 100 mL,1,10/27/2010,E8849,BAGO
7800029003906,13,KEPRA 500 GR X 30 TABLETAS,500gr,caja,,tabletas,30,,,glaxo
7800029003920,13,KEPPRA,1000 MG,TABLETA,TAB,CAJA,1,9/30/2021,EE-03439,GLAXOSMITHLINE
7800029003937,13,KEPPRA SOL/ORAL 100MG X 300ML,,,,,1,,,GLAXOSMITHKLINE PERU S.A.
7800039225466,13,FLUIBRON,30mg/5mL,Jarabe,Solucion,Fco. X 100 mL,1,3/23/2006,E13738,ABL PHARMA
7800048260090,13,RETACNYL,0.05%,Crema,Crema,Tubo X 30 g,1,8/28/2011,E14095,QUILAB
7800048260106,13,RETACNYL,0.03%,Crema,Crema,Tubo X 30 g,1,8/21/2011,E14096,QUILAB
7800056001388,13,TOUJEO300U/ML,INSULINA,SOLUCION INY 1.5 ML X 1,SOLUCION INY 1.5 ML X 1,AMPOLLA,1,1/5/2018,BE-01034,SANOFI
7800060001848,13,CIPROVAL,0.3%,Solución Oftálmica,SOLUCION OFTALMICA,Caja Frasco x 5 mL,1,3/20/2021,EE02863,FARMAVAL
7800060003064,13,CLORANFENICOL,1%,Ungüento,Unguento,Tubo X 3.5 g,1,6/15/2013,EG826,FARMAVAL
7800060003071,13,CLORANFENICOL,0.50%,Colirio,Solucion Oftalmica,Fco. X 10 mL,1,1/16/2014,EG4239,FARMAVAL
7800060003132,13,OFTASONA P,1mg/mL,Colirio,Solucion Oftalmica,Fco. X 10 mL,1,10/25/2013,E7072,FARMAVAL
7800060003156,13,OFTASONA N,,Solución Oftálmica,Solucion Oftalmica,Fco. Got. X 10 mL,1,1/23/2011,E18083,FARMAVAL
7800060003217,13,OFTABIOTICO COLI/GOTx10ML x1*,,CAJA,CAJA,GOTAS,1,,,SAVAL
7800060003248,13,TIOF,0.50%,Colirio,Solucion Oftalmica,Fco. X 10 mL,1,6/7/2013,E6770,FARMAVAL
7800060003309,13,OFTAGEN,0.30%,Solución Oftálmica,Solucion Oftalmica,Fco. X 5 mL,1,6/4/2013,E6767,FARMAVAL
7800060003408,13,NICOTEARS,,Colirio,Solucion Oftalmica,Fco. X 120 mL,1,6/10/2013,E6786,FARMAVAL
7800060003606,13,OFTALIRIO,,Solución Oftálmica,Solucion Oftalmica,Fco. X 10 mL,1,6/10/2013,E6787,FARMAVAL
7800060003651,13,AERO-ITAN,,Cápsula,Capsula,Caja Cap.,20,2/9/2011,E9180,FARMAVAL
7800060004979,13,AMOVAL,250mg/5mL,Polvo para Suspensión Oral,Suspension,Fco. X 100 mL,1,7/6/2010,E8527,FARMAVAL
7800060004986,13,AMOVAL,500mg/5mL,Polvo para Suspensión Oral,Suspension,Fco. X 100 mL,1,7/6/2010,E8526,FARMAVAL
7800060005648,13,ANTIAX,480mg+100mg,Comprimido,Tableta,Caja Comp.,24,1/23/2011,E9121,FARMAVAL
7800060007277,13,CLAVINEX,250mg+62.5mg/5mL,Polvo para Suspensión Oral,Suspension,Fco. X 60 mL,1,2/8/2011,E9178,FARMAVAL
7800060007635,13,DIAREN,,Tableta,Tableta,Caja Tab.,20,1/29/2011,E9146,FARMAVAL
7800060007642,13,DIAREN,,Suspensión,Suspension,Fco. X 100 mL,1,1/29/2011,E9147,FARMAVAL
7800060009363,13,IDON,10mg/mL,Gotas,Solucion,Fco. X 15 mL,1,1/17/2011,E13547,FARMAVAL
7800060009653,13,MUXOL,15mg/2mL,Inyectable,Inyectable,Amp. X 2 mL,5,12/5/2010,E17902,FARMAVAL
7800060009684,13,MUXOL,30mg/5mL,Jarabe,Solucion,Fco. X 100 mL,1,6/16/2010,E8440,FARMAVAL
7800060009721,13,MUXOL,30mg,Tableta,Tableta,Caja Tab.,20,1/18/2011,E18064,FARMAVAL
7800060009738,13,MUXOL,15mg/5mL,Jarabe,Solucion,Fco. X 100 mL,1,6/16/2010,E8442,FARMAVAL
7800060011656,13,OTICUM,,Solución Otica,Solucion Otica,5 mL,1,2/3/2010,E12592,FARMAVAL
7800060011816,13,BEQUIUM,,Jarabe,Solucion,Fco. X 120 mL,1,6/5/2012,E14677,FARMAVAL
7800060014497,13,ANTIAX,,Suspensión,Suspension,Fco. X 180 mL,1,5/3/2011,E13826,FARMAVAL
7800060014817,13,DUO VAL,,Jarabe,Solucion,Fco. X 120 mL,1,7/21/2010,E13070,FARMAVAL
7800060015548,13,DUO VAL,,Gotas,Solucion,Fco. X 15 mL,1,5/16/2010,E12886,FARMAVAL
7800060015678,13,TRIOVAL,,Gotas Oral,Solucion,Fco. X 15 mL,1,5/18/2010,E8312,FARMAVAL
7800060015685,13,TRIOVAL,,Suspensión,Suspension,Fco. X 100 mL,1,2/15/2011,E9195,FARMAVAL
7800060015746,13,TRIO-VAL NF,500mg+2mg+5mg,Comprimido Recubierto,Tableta,Caja Comp.,80,10/15/2014,E21982,FARMAVAL
7800060017245,13,AMOVAL,500mg,Tableta,Tableta,Caja Tab.,21,6/5/2010,E12942,FARMAVAL
7800060017405,13,AMOVAL,750mg,Tableta,Tableta,Caja Tab.,21,6/3/2010,E12940,FARMINDUSTRIA
7800060017610,13,CLAVINEX,500mg+125mg,Comprimido,Tableta,Caja Comp.,21,6/6/2010,E12946,FARMAVAL
7800060030183,13,CIPRODEX,,Gotas Oftálmicas,Solucion Oftalmica,Fco. X 5 mL,1,5/31/2010,E12936,FARMAVAL
7800060032637,13,OFTIC,0.10%,Colirio,Solucion Oftalmica,Fco. X 10 mL,1,2/27/2011,E18182,FARMAVAL
7800060034174,13,NICOTEARS,,Gel Oftálmico,Gel Oftalmico,Tubo X 5 g,1,9/27/2011,E9820,FARMAVAL
7800060035140,13,NOVOTEARS,10ml,FRASCO,SOLUCION,Oft. Sol. x 10ml,,8/14/2020,NEE-04834,Laboratorios Saval ( Ver FARMAVAL)
7800060035911,13,OFTALER,0.05%,Solución Oftálmica,Solucion Oftalmica,Fco. X 10 mL,1,5/7/2012,E14607,FARMAVAL
7800060036628,13,LATOF,0.01%,Solución Oftálmica,Solucion Oftalmica,2.5 mL,1,5/19/2009,E16463,FARMAVAL
7800060036703,13,LATOF T GTS OFT 0.005%/0.5% 2.5ML,0.005%/0.5%,FRASCO,FCO,FRASCO,1,3/1/2019,E23287,SAVAL
7800060036895,13,TIOF PLUS,,Solución Oftálmica,Solucion Oftalmica,Fco. X 10 mL,1,4/11/2012,E19305,FARMAVAL
7800060036970,13,MOXOF,0.50%,Gotas,Solucion,Fco. Got. X 5 mL,1,2/12/2013,E20317,FARMAVAL
7800060037007,13,CIPRODEX,,Ungüento Oftálmico,Unguento Oftalmico,Tubo X 3.5 g,1,1/9/2013,E20155,FARMAVAL
7800060037274,13,OFTOL FORTE,0.5%,SUSPENSION OFTALMICA,SUSPENSION OFTALMICA,FRASCO GOTERO x 5 mL,1,8/20/2023,EE03362,FARMAVAL
7800060039643,13,OFTAFILM FCO. X 10 ML,,SOL. OFTALMICA,SOL. OFTALMICO,FRASCO,10,,EE-00375,SAVAL
7800060040229,13,OLOF COL X 5ML,5MG,FRASCO,FCO,CJA X 1,1,10/2/2022,EE-05346,NICOLICH S.A
7800060040571,13,OFTAFILM SP,,FRASCO,GOTAS,GOTAS,,,EE-05870,Laboratorios Saval ( Ver FARMAVAL)
7800060110106,13,CIPROVAL,0.30%,Ungüento,Unguento,Tubo X 3.5 g,1,12/30/2012,E15108,FARMAVAL
7800060110786,13,TRIOVAL DIA Y NOCHE,,Comprimido,Tableta,Caja Comp.,80,12/28/2010,E17997,FARMAVAL
7800060110885,13,CLAVINEX DUO,400mg+57mg/5mL,Polvo para Suspensión,Suspension,Fco. X 35 mL,1,8/13/2011,E14082,FARMAVAL
7800060111189,13,AMOVAL,1g,Tableta,Tableta,Caja Tab.,14,11/6/2011,E18896,FARMAVAL
7800060111691,13,CLAVINEX DUO,400mg+57mg/5mL,Polvo para Suspensión,Suspension,Fco. X 70 mL,1,8/13/2011,E14082,FARMAVAL
7800060111776,13,CIPROVAL SOL OFT FCOX5ML,"0,30%",FRASCO,FCO,CJA X 1,1,8/28/2022,EE03320,FARMAVAL PERU S.A.
7800060112315,13,ALEXIA,120mg,Tableta Recubierta,Tableta,Caja Tab.,10,9/14/2011,E18763,FARMAVAL
7800060112902,13,DERMOSONA,100mg,Crema,Crema,Tubo X 15 g,1,7/5/2011,E13995,FARMAVAL
7800060113206,13,DEPRAX,50mg,Comprimido Recubierto,Tableta,Caja Comp.,30,1/19/2011,E18068,FARMAVAL
7800060113985,13,RINOVAL,50mcg/dosis,Suspensión para Nebulizar,Suspension Inhalatoria,Fco. Nebuliz. X 120 Dosis,1,10/9/2013,E21110,FARMAVAL
7800060114876,13,FOSVAL,70mg,Comprimido,Tableta,Caja Comp. Blst.calendario,4,1/13/2014,E16126,FARMAVAL
7800060114951,13,DIGENIL,230mg+80mg,Cápsula,Capsula,Caja Cap.,10,4/15/2014,E16395,FARMAVAL
7800060115415,13,MIGRAX,,Comprimido Recubierto,Tableta,Caja Comp.,10,1/14/2014,E16132,FARMAVAL
7800060115767,13,DEPRAX,100mg,Comprimido Recubierto,Tableta,Caja Comp.,30,1/19/2011,E18071,FARMAVAL
7800060115927,13,AMOVAL DUO,800mg/5mL,Polvo para Suspensión,Suspension,Fco. X 70 mL,1,5/15/2013,E15511,FARMAVAL
7800060116221,13,CLAVINEX DUO FORTE,800mg+57mg/5mL,Suspensión,Suspension,Fco. X 35 mL,1,12/18/2011,E19028,FARMAVAL
7800060116306,13,CLAVINEX DUO FORTE,800mg+57mg/5mL,Suspensión,Suspension,Fco. X 70 mL,1,12/18/2011,E19028,FARMAVAL
7800060118260,13,CEFIRAX 200MG,200 MG,COMPRIMIDO,COMPRIMIDO,CAJA,10,,E-19234,SAVAL
7800060118270,13,CEFIRAX,200mg,Tableta Recubierta,Tableta,Caja Tab.,10,3/15/2012,E19234,FARMAVAL
7800060118355,13,CEFIRAX,100 MG,FRASCO,SUSPENSIÓN,100mg Susp. x 75ml,1,,E-19272,LAB. SAVAL
7800060118782,13,ALEXIA FORTE,180mg,Comprimido,Tableta,Caja Comp.,10,2/28/2011,E18185,FARMAVAL
7800060119406,13,CELTIUM,10mg,Tableta Recubierta,Tableta,Caja Tab.,30,3/7/2011,E18200,FARMAVAL
7800060120099,13,AMOVAL DUO,1000mg/5mL,Polvo para Suspensión,Suspension,Fco. X 50 mL,1,1/5/2012,E19081,FARMAVAL
7800060120419,13,CELTIUM,20mg,Tableta Recubierta,Tableta,Caja Tab.,30,3/27/2013,E20519,FARMAVAL
7800060120846,13,DRONAVAL,150mg,Comprimido,Tableta,Caja Comp.,1,1/31/2013,E20256,FARMAVAL
7800060121065,13,NEURUM,75mg,Cápsula,Capsula,Caja Cap.,30,2/12/2013,E20310,FARMAVAL
7800060121140,13,NEURUM,150mg,Cápsula,Capsula,Caja Cap.,30,2/12/2013,E20311,FARMAVAL
7800060122895,13,VALAXAM COM  80/5MG,80/5MG,COMPRIMIDO,COM,CAJA,35,,EE00914,SAVAL
7800060122970,13,VALAXAM COM 160/5MG,160/5MG,COMPRIMIDO,COM,CAJA,35,,EE02131,SAVAL
7800060123007,13,VALAXAM COM 160/10MG,160/10MG,COMPRIMIDO,COM,CAJA,35,,EE02177,SAVAL
7800060123199,13,AMOVAL,500mg,Tableta,Tableta,Caja Tab.,70,6/5/2010,E12942,FARMAVAL
7800060123274,13,DIGENIL,230mg+80mg,Cápsula,Capsula,Caja Cap.,100,4/15/2014,E16395,FARMAVAL
7800060123359,13,MIGRAX COMP REC X,,TABLETAS,TABLETAS,CAJA,100,,E-16132,SAVAL
7800060123861,13,TRIOVAL,,Tableta,Tableta,Caja Tab.,80,2/15/2011,E9196,FARMAVAL
7800060124400,13,PERTIUM,5mg,Nebivolol,PERTIUM,Comprimidos,42,1/1/2019,EE-01417,SAVAL
7800060130135,13,VALAXAM D COM 160/5/12.5MG,160/5/12.5M,COMPRIMIDO,COM,CAJA,35,,EE01173,SAVAL
7800060130210,13,VALAXAM D COM 160/10/12.5MG,160/10/12.5,COMPRIMIDO,COM,CAJA,35,,EE02514,SAVAL
7800060132429,13,RUX COMP 10MG X 30,10MG,tableta,tableta,Caja Tab.,30,,E-023324,SAVAL
7800060142497,13,EVOCAZ CD 5MG CAJA X30,5 MG,COMPRIMIDO,COM,CJA X 30,30,5/10/2022,EE04923,SAVAL PERU LABORATORIO
7800060142572,13,EVOCAZ CD,10 mg,COMPRIMIDO DISPERSABLE,TABLETA,CAJA COMP,30,5/10/2022,EE04924,FARMAVAL
7800060149151,13,VALAXAM D,160 mg + 5 mg + 12.5 mg,COMPRIMIDO RECUBIERTO,TABLETA,CAJA COMPRIMIDO,30,5/27/2020,EE01173,FARMAVAL
7800060150164,13,EUROPRES 160 MG TAB CJA X 30,160 MG,TABLETA,TAB,CJA X 30,30,10/24/2023,EE06478,FARMAVAL PERU S.A.
7800060150409,13,EUROPRES D 160/12.5 MG CJA X 30,160 MG + 12.5 MG,TABLETA,TAB,CJA X 30,30,11/23/2022,EE05451,FARMAVAL PERU S.A.
7800060150591,13,EUROPRES D 160/25 MG CJA X 30,160 MG + 25 MG,TABLETA,TAB,CJA X 30,30,11/23/2022,EE05450,FARMAVAL PERU S.A.
7800060407466,13,TREX,500mg,Comprimido,Tableta,Caja Comp.,3,10/2/2006,E9831,FARMAVAL
7800060407954,13,TREX,200mg/5mL,Suspensión,Suspension,Fco. X 15 mL,1,1/14/2010,E16998,FARMAVAL
7800060408272,13,DIAREN,,Tableta,Tableta,Caja Tab.,100,1/29/2011,E9146,FARMAVAL
7800060408432,13,DIAREN,,Tableta,Tableta,Caja Tab.,200,1/29/2011,E9146,FARMAVAL
7800060409248,13,TREX,200mg/5mL,Suspensión,Suspension,Fco. X 30 mL,1,1/14/2010,E16998,FARMAVAL
7800060409408,13,UNDERAN,2%,Ungüento,Unguento,Tubo X 15 g,1,11/13/2011,E18932,FARMAVAL
7800060410688,13,LOWDEN,10mg,Comprimido Recubierto,Tableta,Caja Comp.,30,11/26/2012,E14986,FARMAVAL
7800060410848,13,LOWDEN,20mg,Comprimido Recubierto,Tableta,Caja Comp.,30,10/29/2009,E16866,FARMAVAL
7800060411142,13,FINEX,1%,Crema,Crema,Tubo X 15 g,1,5/3/2011,E13830,FARMAVAL
7800060411814,13,BLOX,16mg,Tableta,Tableta,Caja Tab.,30,1/12/2015,E16993,FARMAVAL
7800060411920,13,BLOX D,16mg+12.5mg,Comprimido,Tableta,Caja Comp.,30,12/27/2009,E16967,FARMAVAL
7800060412033,13,BLOX,8mg,Tableta,Tableta,Caja Tab.,30,12/20/2009,E16957,FARMAVAL
7800060412118,13,BLOX,32mg,Tableta,Tableta,Caja Tab.,30,1/18/2010,E17016,FARMAVAL
7800060412385,13,BLOX D,8mg+12.5mg,Comprimido,Tableta,Caja Comp.,30,1/6/2010,E16974,FARMAVAL
7800060412460,13,BLOX D,32mg+12.5mg,Comprimido,Tableta,Caja Comp.,30,2/7/2010,E17081,FARMAVAL
7800060412897,13,CLONEX,0.5mg,Tableta Dispersable,Tableta,Caja Tab.,30,2/14/2011,E18154,FARMAVAL
7800060412972,13,CLONEX,2mg,Tableta Dispersable,Tableta,Caja Tab.,30,4/11/2011,E18320,FARMAVAL
7800060413351,13,LOWDEN,40mg,Comprimido Recubierto,Tableta,Caja Comp.,30,3/18/2013,E20493,FARMAVAL
7800060413436,13,SOMNO,5mg,Comprimido,Tableta,Caja Comp.,30,6/27/2010,E8470,FARMAVAL
7800060413511,13,SOMNO,10mg,Comprimido,Tableta,Caja Comp.,30,6/27/2010,E8469,FARMAVAL
7800060413610,13,ISOX,15mg,Comprimido,Tableta,Caja Comp.,30,5/31/2010,E17377,FARMAVAL
7800060413948,13,EUROFLEX 1500/1200,,Polvo para Solución Oral,Solucion,Sobre X 5 g,30,7/3/2012,E19525,FARMAVAL
7800060414242,13,MUXELIX 120 ML JBE,120ML,JARABE,JBE,JARABE,1,,PNE-0951,SAVAL
7800060414402,13,IDON,10mg,Cápsula,Capsula,Caja Cap.,60,1/8/2011,E9053,FARMAVAL
7800060416376,13,EUROCOR COM  2.5MG,2.5MG,COMPRIMIDO,COM,CAJA,35,,EE01692,SAVAL
7800060416451,13,EUROCOR COM  5MG,5MG,COMPRIMIDO,COM,CAJA,35,,EE02042,SAVAL
7800060416536,13,EUROCOR COM 10MG,10MG,COMPRIMIDO,COM,CAJA,35,,EE02103,SAVAL
7800060416710,13,PLANTAGO PSYLLIUM POLVO (EUROMUCIL X 400 G),,POLVO,POLVO,FRASCO,1,,PNE-1327,EUROLAB
7800060416963,13,EUROMUCIL,200G,POLVO,POLVO,FRASCO,1,,PNE1327,SAVAL
7800060418073,13,EUROCOR-D 2.5/6.25 TAB CJA X 35,2.5 MG + 6.25 MG,TABLETA,TAB,CJA X 35,35,9/30/2021,EE04320,FARMAVAL PERU S.A.
7800060770706,13,CIPROVAL UNG OFT 0.3% 3.5G,0.3%,UNGUENTO OFTALMICO,UNGUENTO OFTALMICO,TUBO,1,,E15108,NICOLICH
7800061001038,13,FENTANILO 0.5 MG /10 ML,0.5 mg,Solución para inyección,Inyectable,Caja x 20,1,,EE01358,BIOSANO S.A.
7800061075107,13,HIOSCINA BUTIL BROMURO 20MG/ML CJA X100 - INY (BIOSANO),20 MG/ML,AMPOLLA,AMP,CJA X 100,100,9/28/2022,EE05332,J&M ESPECIALIDAD FARMACEUTICA S.A.C.
7800061140287,13,DIAZEPAM ,  10MG/2ML,SOLUCION INYECTABLE,SOLUCION INYECTABLE,CAJA X 100,,,EE01183,BIOSANO S.A.
7800061160186,13,DOPAMINA,200 mg/5 mL,Solución Inyectable,INYECTABLE,Caja Vial,100,4/20/2021,EE02931,J&M
7800061180184,13,ERGOMETRINA,0.2MG,AMPOLLA,AMPOLLA,AMP,1,,EG4543,BIOSANO
7800061205283,13,FENTANILO 0.5MG/10 ML,0.5MG/10 ML,INYECTABLE,INYECTABLE,0.5MG/10 ML,1,1/1/2021,EE-01358,BIOSANO
7800061210201,13,FITOMENADIONA IM/IV BIOSAN AMP 10MG,10mg,AMPOLLA,AMP,CAJA,100,,EE04431,BIOSANO
7800061250108,13,HALOPERIDOL,5mg,CAJA,CAJA,CJA * 100,100,,EG045140000,BIOSANO
7800061325103,13,METOCLOPRAMIDA 10MG/2MLX100AMP,10MG,CAJA,CAJA,AMPOLLA,100,,,GENFAR
7800061327183,13,MIDAZOLAM,50 MG/10 ML,AMPOLLA,AMP.,AMPOLLA,1,1/5/2019,EG-4491, AC. FARMA
7800061327404,13,MIDAZOLAM,5 mg/5 mL,SOLUCION INYECTABLE,INYECTABLE,AMPOLLA x 5 mL,100,12/20/2019,EE00737,J&M ESPECIALIDAD FARMACEUTICA
7800061328357,13,MIDAZOLAM BIOS,50 MG,VIA,VIA,CAJA * 10,10,,EE00571,BIOSANO
7800061340106,13,NEOSTIGMINA BIOSANO AMP 0.5MG,05mg,AMPOLLA,AMP,CAJA,100,,EE02425,BIOSANO
7800061345217,13,NITROGLICERINA BIOS,50MG,VIAL,VIAL,CAJA,50,,EG4952,BIOSANO
7800062000054,13,CLORFENAMINA,10mg/mL,Solución para Inyección,Inyectable,Caja Amp.,1,12/2/2013,EG893,SANDERSON
7800062000061,13,CLORPROMAZINA,25mg/2mL,Solución para Inyección,Inyectable,Caja Amp. X 2 mL,1,7/6/2010,EG1312,SANDERSON
7800062000122,13,ERGOMETRINA,0.2mg/mL,Solución para Inyección,Inyectable,Caja Amp. X 1 mL,1,11/22/2012,EG675,SANDERSON
7800062000160,13,FUROSEMIDA,20mg/mL,Solución para Inyección,Inyectable,Caja Amp. X 1 mL,1,12/30/2009,EG1082,SANDERSON
7800062000214,13,LANATOSIDO C,0.4mg/mL,Solución para Inyección,Inyectable,Caja Amp. X 2 mL,1,10/4/2014,EG1029,SANDERSON
7800062000238,13,NEOSTIGMINA METIL SULFATO,0.5mg/mL,Solución para Inyección,Inyectable,Caja Amp.,1,3/4/2014,EG957,SANDERSON
7800062000320,13,VERAPAMILO SANDR,5MG,AMPOLLA,AMPOLLA,CAJA,5,,EG949,SANDERSON
7800062000757,13,CLORURO DE SODIO,,Solución para Inyección,Inyectable,Caja Amp. X 5 mL,1,12/2/2013,EG891,SANDERSON
7800062000832,13,AMINOFILINA,250mg/10mL,Solución para Inyección,Inyectable,Caja Amp.,1,12/16/2012,EG2061,SANDERSON
7800062000849,13,GLUCONATO DE CALCIO,10%,Solución para Inyección,Inyectable,Caja Amp. X 10 mL,1,3/4/2014,EG958,SANDERSON
7800062000917,13,BICARBONATO DE SODIO,8.40%,Solución para Inyección,Inyectable,Amp. X 20 mL,1,8/9/2011,EG1807,SANDERSON
7800062001136,13,METRONIDAZOL,500mg/100mL,Solución para Inyección,Inyectable,Caja Bolsa X 100 mL,25,4/23/2013,EG2264,SANDERSON
7800062001211,13,OXITOCINA,10UI/mL,Solución para Inyección,Inyectable,Caja Amp.,1,8/24/2010,EG1363,SANDERSON
7800062001235,13,CLORURO DE POTASIO,20%,Solución para Inyección,Inyectable,Caja Amp. X 10 mL,1,12/2/2013,EG892,SANDERSON
7800062001266,13,NITROGLICERINA 25MG/5ML AMP (SA),,,,,1,,,SANDERSON S.A. (PERU)
7800062001501,13,HEPARINA SODICA,25000UI,Solución para Inyección,Inyectable,Caja Fco. Amp. X 5 mL,50,12/2/2008,EG894,SANDERSON
7800062001914,13,AGUA DESTILADA,10ML,INYECTABLE,INYECTABLE,AMP. X 10 ML APIROFLEX,100,,EE01457,SANDERSON
7800062002123,13,MIDAZOLAM,5 MG.,INYECTABLE,INYECTABLE,CAJA,20,,EG-4837,SANDERSON
7800062002529,13,FITOMENADIONA,10mg,CAJA,CAJA,CJA * 100,100,8/22/2016,EG008970000,SANDERSON
7800062002567,13,AGUA BIDESTILADA 10 ML,-,Solucion inyectable,Solución,frasco,10,,E-1162-G,SANDERSON
7800062002611,13,HALOPERIDOL SANDERS,5MG,AMPOLLA,AMPOLLA,CAJA,100,,EG674,SANDERSON
7800062002987,13,CLORFENAMINA,10 MG.,SOL. INYECTABLE,SOL. INYECTABLE,CAJA,100,,EG-893,SANDERSON
7800062003144,13,DOPAMINA SANDERS,200MG,AMPOLLA,AMPOLLA,CAJA,20,,EG898,SANDERSON
7800062003208,13,FLUMAZENIL,0.5MG,AMPOLLA,AMPOLLA,CAJA,5,,EG5814,SANDERSON
7800062003250,13,METOCLOPRAMIDA SANDERS,10MG 2 ML,METOCLOPRAMIDA,AMP,CJA,100,12/2/2018,EE-03692,SANDERSON
7800062003366,13,FENTANILO SANDERS AMP 0.5MG 10ML,,AMPOLLA,AMP,CAJA,20,,EE01186,SANDERSON
7800062003380,13,FUROSEMIDA 20 MG,20 MG,INYECTABLE,INY,INY,100,,,LABORATORIO SANDERSON S.A.
7800062003758,13,CLORURO DE SODIO 0.9% BOLSA X 100 ML (FRE),0.009,SOLUCION INYECTABLE,SOL.,BOLSA,1,,EE-00062,SANDERSON S.A.
7800062003789,13,CLORURO DE SODIO 0.9% BOLSA X 500 ML (FRE),0.009,SOLUCION INYECTABLE,SOL.,BOLSA,1,,EE-00062,SANDERSON S.A.
7800067006235,13,GEMZAR,,VIAL,VIAL,VIAL,1,,E10427,LILLY
7800067006242,13,GEMZAR,,VIAL,VIAL,VIAL,1,,E20888,LILLY
7800067007195,13,HUMALOG,100UI/mL,Solución para Inyección,Inyectable,Fco. Vial X 10 mL,1,10/25/2012,BE00442,ELI LILLY
7800070000046,13,BLADURIL,200mg,Comprimido Recubierto,Tableta,Caja Comp.,20,2/14/2013,E15286,TECNOFARMA
780026016558,13,LEROGIN COMP X 30,CLORODIAZEPOXIDO CLORHIDRATO 5 MG   BROMURO DE CLIDINIO 2.5 MG,COMPRIMIDO,COMPRMIDO,Caja x 30,30,8/15/2018,EE-03816,FARMINDUSTRIA
780060123861,13,TRIOVAL NF,,Comprimido recubierto,Tableta,Caja x 80,1,,E-21982,SAVAL S.A.
780061250108,13,HALOPERIDOL 5 MG/ML,5 mg/ml,SOLUCION INYECTABLE,SOLUCION INYECTABLE,CAJA X 100,,,EE02334,BIOSANO S.A.
7800620031441,13,DOPAMINA AMPX200MGX1 (SA),,,,,1,,,SANDERSON S.A. (PERU)
7801268150056,13,TERRAMICINA,,Ungüento Oftálmico,Unguento Oftalmico,Tubo X 6 g,1,7/19/2010,E17508,PFIZER
7803504001169,13,PALTOMIEL ADULTO JARABE FRASCO X 200ML,,JARABE,JARABE,FRASCO,1,,PNE1219,TEVA
7803504001305,13,DHA MATHERN,,TABLETA,TAB,CAJA X 30 UNIDADES,30,,PNE1137,TEVA THERAMEX
7803504001336,13,NOTOSIL-E JARABE,120 ML,solucion,frasco,frasco x 1,1,1/6/2015,1206025,GRUNENTHAL
7803510001344,13,CIRUELAX,120 ML,FRASCO,LIQUIDO,Fco. Liq. x 120ml,,,PN-2012-0776,Lab. Garden House S.A.
7803510001399,13,CIRUELAX X 100 TAB,480 MG + 89.88 MG,TABLETA,TAB,CAJA X 100 UNIDADES,100,,PNE0382,GARDEN HOUSE
7804606510412,13,STRESAM,50MG,TABLETAS,,CAJA TAB,50,,E22391,AXOM PHARMA S.A.C
7804606590155,13,FRESOFOL FRESEN VIA 1% 0.5G 50ML,1%,VIA,VIA,VIA,1,8/1/2019,EE02443,FRESENIUS
7804606590162,13,PROPOFOL 2%,2%,Solución Inyectable,Inyectable,Vial x 50 ml,1,,EG00000,SIN ESPECIFICAR
7804606590391,13,PARACETAMOL,10 mg/mL,SOLUCION PARA PERFUSION,INYECTABLE,VIAL x 100 mL,1,4/27/2020,EE01023,FRESENIUS KABI
7804617090187,13,NAT 100 STANDARD SABOR VAINILLA,900G,POLVO,POLVO,LATA,1,12/1/2028,E-2533,CIENPHARMA SAC
7804619380033,13,HYDRAGEL FCO,,,,,1,,,DISPOLAB FARMACEUTICA PERU S.A.
7804619380040,13,PHYTO SPOT,,UNIDAD,UNIDAD,FRASCO X 15 ML,,,NSOC328,DISPOLAB
7804619380606,13,URBIO AR CREMA TOPICA TUBO X 40 ML,40 ML,CREMA,CREMA,TUBO X 40 ML,1,,NSOC30326-17PE,DISPROLAB FARMACEUTICA PERU S.A.
7804619380613,13,URBIO AR SPF 50 CREMA TUBO X 40 ML (DISPROLAB),40 ML,CREMA,CREMA,TUBO X 40 ML,1,,NSOC31605-17PE,DISPROLAB FARMACEUTICA PERU S.A.
7804625980005,13,MED-BLOCK CREMA TUBOX 80 GR.,,,,,1,,,MEDSTYLE PERUANA S.A.C.
7804625980333,13,MEDBLOCK SPF50+ POLVO COMPACTO X 10 G (MST),SPF50,POLVO,POLVO,COMPACTO X 10G,1,,NSOC25166-15PE,MEDSTYLE S.A.
7804625980371,13,MEDBLOCK SPF50 CREMA FRASCO X 80G (MEDSTYLE),SPF50,CREMA,CREMA,FRASCO X80ML,,,NSOC24716-15PE,MEDSTYLE
7804653720024,13,ESCITAVITAE COM 10MG,10MG,COM,COM,CAJA,28,1/1/2018,EE00455,GALENICUM HEALTH
7804653720048,13,MEMANVITAE,10MG,COMPRIMIDO,COM,CAJA,28,,EE00560,GALENICUM HEALTH
7804653720055,13,CILOSVITAE COM 100MG,100MG,COMPRIMIDO,COM,CAJA,28,1/2/2018,EE01870,GALENICUM HEALTH
7804653720109,13,Valsarvitae Plus 80+12.5mg,80mg+12.5mg,comprimido recubierto,comprimido,caja,28,,EE-01583,GHP
7804653720116,13,Valsarvitae PLus 160+25mg,160mg +25mg,comprimido recubierto,comprimido,caja,28,,EE-01585,GHP
7804653720123,13,IRBEVITAE COM 150MG,150MG,COMPRIMIDO,COM,CAJA,28,1/1/2018,EE01548,GALENICUM HEALTH
7804653720130,13,IRBEVITAE COM 300MG,300MG,COMPRIMIDO,COM,CAJA,28,1/1/2018,EE01553,GALENICUM HEALTH
7804653720147,13,VALSARVITAE PLUS,160mg /12.5mg,CAJA,TABLETAS,160mg /12.5mg Env. x 28,,,EE-01580,SIN ESPECIFICAR
7804918400531,13,INFOR,,Cápsula,Capsula,Caja Cap.,30,3/8/2004,E11643,QUALIPHARM
7804918400920,13,ALLEDRYL,10mg,Tableta,Tableta,Caja Tab.,10,9/5/2010,E13177,QUALIPHARM
7804918401149,13,ALLEDRYL,5mg/5mL,Jarabe,Solucion,Fco. X 60 mL,1,9/5/2010,E13176,QUALIPHARM
7804918401927,13,NATURALIST,20MG,TABLETA,TABLETA,CAJA,100,,EE00002,QUALIPHARM
7804918402054,13,CLARAGINE,,Tableta,Tableta,Caja Tab.,16,4/24/2013,E15469,QUALIPHARM
7804918402702,13,RIGOTAX,10mg,Cápsula Blanda,Capsula,Caja Cap.,30,3/9/2014,E16311,QUALIPHARM
7804918402740,13,NATURALIST,20mg,CAJA,CAJA,CJA * 150,1,6/20/2017,EE000020000,QUALIPHARM
7804918402948,13,RIGOTAX,10mg/mL,Gotas,Solucion,Fco. Got. X 15 mL,1,6/4/2013,E15577,QUALIPHARM
7804918403013,13,CARIAMYL,,Solución Spray,Solucion,Spray X 130 mL,1,9/4/2013,E15818,QUALIPHARM
7804918410271,13,ESCAR T C/NEOMICINA,,Crema,Crema,Tubo X 20 g,1,6/12/2012,E19481,QUALIPHARM
7804918421307,13,DUCETTEN TAB 8MG,8mg,CAJA,CJA,CAJA,1,,EDE0013,QUALIPHARM
7804955038216,13,EUCERIN PH5 SKIN PROT. LOCION FRASCO X 250ML(EUC),PH5,LOCION,LOCION,FCO X 250,,,NSCOC08962-03CO,BEIERSDORF S.A
7804955990286,13,EUCERIN PH5 SYNDET GEL CORPORAL-FACIAS FRASCO X 400ML,400ML,GEL,GEL,FCOX 400ML,,,NSCOC44403-11CO,BEIERSDORF
7805156010018,13,FLEET ENEMA ADULTO,,Enema,Enema,Fco. X 133 mL,1,2/9/2015,E17085,DANY
7809591400175,13,FOTOCREM P FPS 50,100 ml,CREMA,CRM,POMO,1,,690C-2/10,LABOMED
7840213254318,13,TEMISAR PLUS,80 MG/12.5 MG,COMPRIMIDO,COMP.,CAJA X 30 COMP.,30,,E-22046,QUIMFA
7840213256817,13,LERCATEN,10mg,CAJA,COMPRIMIDOS,10mg Caja Comp. Rec. x 30,,6/23/2021,EE-03338,QUIMFA
7840213256824,13,LERCATEN 20mg,20mg,CAJA,COMPRIMIDOS,20mg Caja Comp. Rec. x 30,,6/22/2021,EE-03334,SIN ESPECIFICAR
7840213259641,13,ROXID,75 MG,CAJA,TABLETAS,75mg x 10 Tabletas,1,,EE-01363,SIN ESPECIFICAR
7840653000124,13,GRIFANTIL,,JARABE,JARABE,FRASCO,1,,E20557,LABORATORIOS INDUFAR
7840653000193,13,MEMOVITAL B12,,Jarabe,Solucion,Fco. X 120 mL,1,5/28/2013,E20693,DROG. UNIDAS DEL PERU
7840653000513,13,ODONTOL BIOTIC,AMOXICILINA DICLOFENACO PARACETAMOL,CAJA X 100 COMPRIMIDOS,CAJA X 100 COMPRIMIDOS,COMPRIMIDOS,100,1/3/2019,E-20687,INDUFAR C.I.S.A
7840653000568,13,Z MOL,100 mg/mL,Solución Oral,SOLUCION,Caja Frasco Gotero x 15 mL,1,2/11/2018,EE01349,UNIDAS DEL PERU
7840653000742,13,CLINOMIN,,Solución para Inyección,Inyectable,Vial Amp. X 1 mL,1,6/20/2013,E20775,DROG. UNIDAS DEL PERU
7840653000926,13,JUSTUM 500,500 mg/5 mL,Polvo para Suspensión Oral,SUSPENSION,Frasco X 75 mL,1,2/19/2019,EE00204,UNIDAS DEL PERU
7840653001275,13,ZCAL 1000 GEL 2 %,DICLOFENACO 2 %,TUBO X 35 GR,TUBO X 35 GR,TUBO X 35 GR,1,1/3/2019,E-21140,DROGUERIA UNIDAS DEL PERU S.A.C.
7840653001398,13,APIRON,1g/2mL,Solución para Inyección,Inyectable,Caja Amp. X 2 mL,5,8/4/2013,E20883,DROG. UNIDAS DEL PERU
7840653001589,13,CECAN,1 GR,VIAL,INY,AMP X  5 ML,1,5/1/2018,EE-00548,DUPERU-INDUFAR
7840653001855,13,OTOMICIN,,Solución Otica,Solucion Otica,Fco. Got. X 10 mL,1,3/19/2013,E20495,DROG. UNIDAS DEL PERU
7840653001961,13,TRINALER,200 mg/5mL,SUSPENSIÓN ORAL,SUSP. OR.,SUSPENSIÓN ORAL,1,1/2/2021,EE-00208,DROGUERIA UNIDAS DEL PERU S.A.C
7840653002081,13,VINIL,75mg/3mL,Solución para Inyección,Inyectable,Amp. X 3 mL,6,10/13/2013,E21117,DROG. UNIDAS DEL PERU
7840653002609,13,TAUROMIZOL,50mg /5ml,FRASCO,AMPOLLA,50mg /5ml Amp. x 5,5,9/17/2019,EE-00404,UNIDAS DEL PERU
7840653002616,13,BANES (IBUPROFENO),100mg /5ml,FRASCO,SUSPENSIÓN,100mg /5ml Fco. Susp. x 100ml,,,EE-00405,Droguerías Unidas del Perú S.A.C.
7840653002920,13,PROCOPS 50,50mg,Comprimido,Tableta,Caja Comp.,10,7/25/2013,E20869,DROG. UNIDAS DEL PERU
7840653003088,13,AZIMUT,500 mg,COMPRIMIDO RECUBIERTO,TABLETA,CAJA COMP,12,6/25/2023,EE02980,INDUFAR
7840653003644,13,MERIFAR,4 MG /  ML,SOLUCIÓN ORAL,SOLUCIÓN ORAL,4mg Gotas x 15ml,1,4/1/2021,EE - 00389,DUPERU-INDUFAR
7840653004467,13,Z-MOL,1 g,COMPRIMIDO,COMPRIMIDO,CAJA COMP,20,9/23/2024,EE00413,DUPERU INDUFAR
7840653004856,13,PENBRONK 20mg,20mg,CAJA,COMPRIMIDOS,20mg Caja Comp. x 20,,,EE-02779,SIN ESPECIFICAR
7840653005068,13,MERIFAR,10mg/2ml,SoluciÃ³n Inyectable,SoluciÃ³n Inyectable,AMPOLLAS,5,2/1/2019,EE-01043,INDUFAR
7840653005228,13,GENTAOFTAL,0.003,GOTAS,GOTAS,FRASCO,1,,E-22337,INDUFAR
7840653005624,13,DEXAOFTAL,1 mg/mL,Solución Oftálmica,SOLUCION OFTALMICA,Frasco Gotero X 10 mL,1,4/20/2017,E22715,UNIDAS DEL PERU
7840653006300,13,BANES FORTE,200 mg/5 ml,IBUPROFENO,SUSPENSION ORAL,60 ML,1,4/1/2021,N-20827,DROGUERIAS UNIDAS DEL PERU S.A.C.
7840653006973,13,BRAXFAR 1g,1g IM/IV,FRASCO,AMPOLLA,1g IM/IV F.Amp. Disol. x 2,,10/14/2019,EE-00441,SIN ESPECIFICAR
7840653006997,13,ACTERIL,5 mg/mL,SOLUCION PARA NEBULIZACION,AEROSOL,FRASCO GOTERO x 10 mL,1,1/12/2021,EE02643,DUPERU-INDUFAR
7840653007314,13,ACELIN,,CAJA,COMPRIMIDOS,Caja Comp. x 100,,,EE-04931,SIN ESPECIFICAR
7841134000190,13,CITOL BRIM GTS OFT 0.2% 5ML,0.2%,FRASCO,FCO,FRASCO,1,,EE05499,OCULAB
7841134007403,13,CITOL MOXIFLOX GTS OFT 0.5% 10ML,0.005,FRASCO,FCO,FRASCO,1,,EE06096,OCULAB
784114002774,13,ILTUX HCT,40 mg / 25 mg,COMPRIMIDOS VIA ORAL,COMPRIMIDOS,40mg /25mg Comp. Rec. x 28,1,10/1/2019,E - 21564,TECNOFARMA
7841141000046,13,COLMIBE,10/10MG,COMPRIMIDO,COMPRIMIDO,CAJA,30,,E19583,TECNOFARMA
7841141000053,13,COLMIBE 20,20mg+10mg,Comprimido,Tableta,Caja Comp.,30,7/19/2012,E19584,TECNOFARMA
7841141001067,13,DOXOPEG,20 MG.,SUSPENSION INYECTABLE,INYECTABLE,CAJA,1,,E-17920,TECNOFARMA
7841141001340,13,FLODIN,15mg,Comprimido,Tableta,Caja Comp.,100,5/15/2012,E19400,TECNOFARMA
7841141002033,13,SUPRACALM DUO X60 CAPS,,TABLETA,TAB,CJA X 60,60,10/6/2020,EE01505,TECNOFARMA S.A.
7841141002699,13,ILTUX 20MG.X 28COMP.,20 MG,TABLETA,TAB,CJA X 28,28,2/23/2024,EE03767,TECNOFARMA S.A.
7841141002712,13,ILTUX 40MG X 28 TAB,40 MG,TABLETA,TAB,CJA X 28,28,2/23/2024,EE04342,TECNOFARMA S.A.
7841141002736,13,ILTUX HCT 20MG/12.5MG,20MG/12.5MG,TABLETA,TAB,CAJA X 28 UNIDADES,28,,E021541,TECNOFARMA
7841141002750,13,ILTUX HCT 40/12.5MGX28COMP.REC,40/12.5 MG,TABLETA,TAB,CJA X 28,28,2/23/2014,E21564,TECNOFARMA S.A.
7841141002774,13,ILTUX HCT 40 MG + 25 MG X 1 CMP.,,,,,1,,,TECNOFARMA S.A.
7841141002811,13,IRRIGOR,30mg,Comprimido Recubierto,Tableta,Caja Comp.,100,4/10/2012,E19304,TECNOFARMA
7841141002842,13,IRRIGOR,10mg,Solución para Inyección,Inyectable,Fco. Amp. X 50 mL,1,12/29/2015,E13505,TECNOFARMA
7841141003443,13,ILTUXAM 20/5,20 MG,CAJA,TABLETAS,20mg /5mg Env. x 28,,,EE-00231,Tecnofarma S.A.
7841141003450,13,ILTUXAM,40 MG/5MG,CAJA,CAPSULAS,40 MG / 5 MG X 28,1,,EE-00251,TECNOFARMA S.A.
7841141003474,13,ILTUXAM 40/10MG COMP,10MG,COMPRIMIDO,COMPRIMIDO,COMPRIMIDO,1,,,TECNOFARMA LABORATORIO
7841141003580,13,PREBICTAL,50 mg,Cápsula,CAPSULA,Caja Envase Blíster Cápsulas,14,10/7/2020,EE01992,TECNOFARMA
7841141004211,13,REPENTIL,100 MG,CAJA,COMPRIMIDOS,10mg Caja Comp. x 30,,,EE-04781,Tecnofarma S.A.
784653004573,13,CIMAFIX,,CAJA,COMPRIMIDOS,CAJA POR 10 COMPRIMIDOS,,,EE-01678,SIN ESPECIFICAR
7852260000562,13,EPI -DERM,1115/3.6,PARCHES,PARCHES,CAJA,1,,e-27256,DISPOLAB
7861000226226,13,ACI-TIP COMX1,,,,,1,,,LABORATORIOS ROEMMERS S.A.
7861002400051,13,GINGIVIT,,Pasta Dental,Crema,Tubo X 56 g,1,9/9/2009,E16728,CONTINENTAL
7861002400174,13,TOPIDENT,10ML,SOLUCION,SOLUCION,FCO,1,,E-16658,LAMOSAN
7861003601501,13,LASIX,20mg/2mL,Solución para Inyección,Inyectable,Amp. X 2 mL,5,2/15/2012,E14385,SANOFI
7861003601594,13,NOVALGINA,500mg/mL,Gotas,Solucion,Fco. X 10 mL,1,11/7/2010,E8874,SANOFI
7861003645895,13,BATRAFEN,1%,Crema,Crema,Tubo X 20 g,1,12/4/2012,E10497,SANOFI
7861003685525,13,NOVALGINA,500mg,Tableta,Tableta,Caja Tab.,100,7/17/2014,E21807,SANOFI
7861004500124,13,DONAFAN FORTE,2mg,Tableta,Tableta,Caja Tab.,12,10/21/2009,E12251,ABEEFE BRISTOL
7861004500148,13,DONAFAN FORTE,2mg,Tableta,Tableta,Caja Tab.,100,10/21/2009,E12251,ABEEFE BRISTOL
7861004500858,13,ANATENSOL,25mg/mL,Solución para Inyección,Inyectable,Fco. Amp. X 1 mL,1,11/12/2011,E9908,ABEEFE BRISTOL
7861004500865,13,KENACORT A,50mg/5mL,Suspensión para Inyección,Inyectable,Amp. X 5 mL,1,11/12/2011,E9911,ABEEFE BRISTOL
7861004500872,13,KENACORT,40mg/mL,Suspensión para Inyección,Inyectable,Vial,1,11/12/2011,E9907,ABEEFE BRISTOL
7861004500971,13,VELOCEF,500mg,Inyectable,Inyectable,Amp. X 1 Dosis,1,5/14/2012,E10214,ABEEFE BRISTOL
7861004501473,13,CINADIL,75mg,Cápsula,Capsula,Caja Cap.,20,8/31/2009,E12129,ABEEFE BRISTOL
7861004501770,13,DIGESTASE,,Cápsula,Capsula,Caja Cap.,100,2/14/2010,E12624,ABEEFE BRISTOL
7861004501961,13,KENACORT E,0.03%,Crema,Crema,Tubo X 60 g,1,8/16/2009,E12077,ABEEFE BRISTOL
7861004502197,13,CALMAFTA,,Gel,Gel,Fco. X 10 g,1,6/2/2009,E11876,ABEEFE BRISTOL
7861004502302,13,CORTIXYL DEPOT,7mg/mL,Suspensión para Inyección,Inyectable,Caja Amp. X 1 mL,1,8/19/2009,E12096,ABEEFE BRISTOL
7861004504023,13,OJO SAN,0.03%,Colirio,Solucion Oftalmica,8 mL,1,8/2/2010,E13094,ABEEFE BRISTOL
7861004504047,13,RINTAL,0.10%,Gotas Nasal,Solucion Nasal,Fco. Got. X 15 mL,1,5/29/2010,E12918,ABEEFE BRISTOL
7861004504054,13,FRAMYCORT,,Gotas Oftálmicas,Solucion Oftalmica,Fco. Got. X 2.5 mL,1,4/19/2010,E12830,ABEEFE BRISTOL
7861004505365,13,DOLOCORDRALAN,75mg/3mL,Solución para Inyección,Inyectable,Amp. X 3 mL,25,4/26/2009,E11770,ABEEFE BRISTOL
7861004505709,13,EXCEDRIN MIGRAÑA,,Tableta Recubierta,Tableta,Caja Tab.,150,4/27/2009,E16415,NOVARTIS BIOSCIENCES
7861004505891,13,EXCEDRIN MIGRAÑA,,Tableta Recubierta,Tableta,Caja Tab.,10,4/27/2009,E16415,NOVARTIS BIOSCIENCES
7861004506249,13,DIGESTASE,,Cápsula,Capsula,Caja Cap.,200,2/14/2010,E12624,ABEEFE BRISTOL
7861004511045,13,UROPOL FORTE N,,Cápsula,Capsula,Caja Cap.,300,11/26/2009,E12339,ABEEFE BRISTOL
7861004511601,13,ACICLOVIR,5%,Crema,Crema,Caja Tbo. X 5 g,1,11/27/2011,NG1521,MEDCO
7861004512219,13,EXCEDRIN MIGRAÑA,250mg+250mg+65mg,Comprimido Recubierto,Tableta,Caja Comp.,20,10/16/2014,E21987,NOVARTIS BIOSCIENCES
7861004512318,13,COMTREX JUNIOR,,Tableta,Tableta,Caja Tab.,150,11/17/2009,E12305,NOVARTIS BIOSCIENCES
7861004513056,13,D.H.F.,"0,02%",Polvo,Polvo,Caja Sobre,60,12/1/2009,E12351,ABEEFE BRISTOL
7861004513063,13,NOTIL,,Crema,Crema,Tubo X 20 g,1,10/18/2009,E12239,ABEEFE BRISTOL
7861004513797,13,DOLOCORDRALAN,1%,Gel,Gel,Tubo X 20 g,1,6/7/2009,E11889,ABEEFE BRISTOL
7861004579137,13,UROPOL FORTE N,,Cápsula,Capsula,Caja Cap.,100,11/26/2009,E12339,ABEEFE BRISTOL
7861028101079,13,FLIXOTIDE,50mcg/dosis,Aerosol,Inhalador,Aer. X 120 Dosis,1,4/16/2013,E20585,GSK
7861028101086,13,FLIXOTIDE INHALADOR,125 MCG,CAJA,INHALADOR,152 MCG AER X 120 DOSIS,1,,E-20586,GLAXO SMITH KLINE
7861028101093,13,FLIXOTIDE,125 µg/Dosis,Aerosol para Inhalación,AEROSOL,Envase X 60 Dosis,1,4/16/2013,E20586,GSK
7861028101109,13,FLIXOTIDE,250MCG,INHALACION,INHALACION,FRASCO,1,,E20060,GLAXO
7861028101116,13,FLIXOTIDE,250mcg/dosis,Aerosol para Inhalación,Inhalador,Env. X 60 Dosis,1,12/11/2012,E20060,GSK
7861028101208,13,WELLBUTRIN XL,150mg,Tableta,Tableta,Caja Tab.,30,4/4/2013,E20548,GSK
7861028101215,13,WELLBUTRIN XL,300mg,Tableta,Tableta,Caja Tab.,30,11/6/2013,E21207,GSK
7861028101246,13,VENTOLIN,100MCG,INHALACION,INHALACION,FRASCO,1,,E14878,GLAXO
7861028101352,13,AUGMENTIN,500mg /125mg,CAJA,TABLETAS,500mg /125mg Tab. x 10,,4/25/2021,EE-02800,GlaxoSmithKline Perú S.A.
7861051613846,13,CELESTONE CRONODOSE SP,,Inyectable,Inyectable,Amp. X 1 mL,1,4/15/2010,E17257,SCHERING PLOUGH
7861051637750,13,DIPROSPAN SP,,Inyectable,Inyectable,Amp. X 1 mL,1,4/25/2010,E17285,SCHERING PLOUGH
7861073900207,13,CODIPRONT,,Cápsula,Capsula,Caja Cap.,10,10/7/2009,E16809,GRUNENTHAL PERUANA
7861073900481,13,FEMSTAT,100mg,Ovulo,Ovulo,Caja Ov.,3,10/11/2010,E17679,GRUNENTHAL PERUANA
7861073901532,13,NIZORAL,2%,Crema Tópica,Crema,Tubo X 15 g,1,6/13/2011,E13942,JOHNSON&JOHNSON
7861073901549,13,NIZORAL,200mg,Tableta,Tableta,Caja Tab.,10,7/18/2011,E18579,JOHNSON&JOHNSON
7861073901952,13,AFLAMAX,275mg,Tableta,Tableta,Caja Tab.,120,2/17/2009,N21066,GRUNENTHAL PERUANA
7861073902232,13,AFLAMAX,125mg/5mL,Suspensión,Suspension,Fco. X 60 mL,1,3/2/2014,E16285,GRUNENTHAL PERUANA
7861073902263,13,CODIPRONT EXPECTORANTE,,Cápsula,Capsula,Caja Cap.,10,10/13/2009,E16821,GRUNENTHAL PERUANA
7861073902287,13,TRAMAL GOTAS,100 mg/mL,Solución Oral,SOLUCION,Caja Frasco x 10 mL,1,4/26/2021,EE02869,GRUNENTHAL
7861073902294,13,ZALDIAR,37.5 MG.,COMPRIMIDOS RECUBIERTOS,COMPRIMIDOS,CAJA,10,,E-17534,GRUNENTHAL
7861073903079,13,SUPRACYCLIN FORTE,200mg,Tableta,Tableta,Caja Tab.,10,3/31/2007,E5913,GRUNENTHAL PERUANA
7861073903130,13,BELARA,,Comprimido Recubierto,Tableta,Caja Comp.,1,1/18/2011,E13553,GRUNENTHAL PERUANA
7861073903277,13,DAKTARIN,20mg/g,Gel,Gel,Tubo X 40 g,1,8/24/2011,E18695,JOHNSON&JOHNSON
7861073903284,13,IMODIUM,2mg,Comprimido,Tableta,Caja Comp.,10,7/5/2011,E18551,JOHNSON&JOHNSON
7861073903468,13,AFLAMAX,550mg,Tableta,Tableta,Caja Tab.,90,1/30/2014,E21501,GRUNENTHAL PERUANA
7861073903550,13,CODIPRONT,30MG,CAPSULA,CAPSULA,CAJA,10,,E16809,GRUNENTHAL
7861073903567,13,DICETEL,100mg,Tableta,Tableta,Caja Tab.,10,7/4/2010,N19695,GRUNENTHAL PERUANA
7861073903574,13,DICETEL 50 MG X 20 TAB.,50MG,CAJA,CAJA,TABLETAS,20,,,GRUNENTHAL
7861073903604,13,CINAGERON,20/1.5MG,CAPSULA,CAPSULA,CAJA,60,,E16901,GRUNENTHAL
7861073903611,13,CODIPRONT,,Suspensión,Suspension,Caja Fco. X 60 mL,1,10/7/2009,E16810,GRUNENTHAL PERUANA
7861073903666,13,SEDAREST,2mg,Tableta,Tableta,Caja Tab.,10,8/18/2010,E17557,GRUNENTHAL PERUANA
7861073903697,13,FEMSTAT,100MG,OVULO,OVULO,CAJA,3,,E17679,GRUNENTHAL
7861073903710,13,TRAMAL LONG,200mg,Tableta Recubierta,Tableta,Caja Tab.,10,12/19/2010,E17955,GRUNENTHAL PERUANA
7861073903796,13,ZALDIAR Comp. x 60,37.5 MG + 325 MG,TABLETA,TAB,CJA X 60,60,8/8/2020,EE01571,GRUNENTHAL PERUANA S.A.
7861073904106,13,TRAMAL LONG 50MG X1TAB,,,,,1,,,GRUNENTHAL PERUANA S.A.
7861073904250,13,MICROSER,8 MG.,TABLETAS,TABLETAS,CAJA,50,,EE-02297,GRUNENTHAL
7861073963370,13,TRAMAL-LONG,100MG,TABLETA,TABLETA,CAJA,10,,E18258,GRUNENTHAL
7861073963462,13,TRAMAL LONG,50mg,Tableta Recubierta,Tableta,Caja Tab.,10,11/22/2010,E17821,GRUNENTHAL PERUANA
7861073967606,13,FEBRAX,,Tableta,Tableta,Caja Tab.,60,9/29/2013,E15876,GRUNENTHAL PERUANA
7861073967651,13,TOPSYM POLIVALENTE CREMA TU X 5G,,CREMA,CREMA,TUBO,1,,E14464,GRÜNENTHAL
7861073967699,13,TRAMAL,50mg,Cápsula,Capsula,Caja Cap.,10,4/25/2011,E9416,GRUNENTHAL PERUANA
7861073967712,13,FEBRAX,,Suspensión,Suspension,Fco. X 60 mL,1,11/28/2013,E16043,GRUNENTHAL PERUANA
7861073967729,13,TOPSYM POLIVALENTE,,Ungüento,Unguento,Tubo X 5 g,1,4/16/2009,E11744,GRUNENTHAL PERUANA
7861148020267,13,COLUFASE,100mg /5ml,Polvo para Suspensión Oral,Suspension,Fco. X 60 mL,1,5/9/2012,E19379,ROEMMERS
7861148020274,13,COLUFASE,500mg,Tableta,Tableta,Caja Tab.,6,3/10/2011,E18220,ROEMMERS
7861148020311,13,COLUFASE,100 MG/ 5 ML,COLUFASE,COLUFASE,FRASCO X 30 ML,1,1/5/2017,E-19379,ROEMERS
7861148020427,13,LAXALAN,220 ML,FRASCO,JARABE,Fco. x 220ml,,,E-19499,Roemmers S.A.
7861148020786,13,ROVARTAL 20 MG X 30 COMP,ROSUVASTATINA 20 MG,CAJA X 30 COMPRIMIDOS,CAJA X 30 COMPRIMIDOS,CAJA,30,10/1/2021,E-22870,ROEMMERS
7861148020793,13,ROVARTAL 10 MG X 30 COMP,ROSUVASTATINA 10 MG,CAJA X 30 COMPRIMIDOS,CAJA X 30 COMPRIMIDOS,CAJA,30,3/1/2021,E-22875,ROEMMERS
7861148022186,13,DAVINTEX 90,90 mg,Comprimido Recubierto,TABLETA,Caja Envase Blister Comprimidos Recubiertos,10,6/1/2023,EE06043,ROEMMERS
7861148022193,13,DAVINTEX 120,120 mg,Comprimido Recubierto,TABLETA,Caja Envase Blister Comprimidos Recubiertas,10,5/31/2023,EE06036,ROEMMERS
7861149200651,13,BAGOBIOTIC,2%,Ungüento,Unguento,Tubo X 15 g,1,7/19/2012,E14791,BAGO
7861149201269,13,AKINETON,2MG,TABLETA,TABLETA,CAJA,100,,E19828,BAGO
7861149201276,13,AKINETON RETARD 4 MG X 1 TAB,,,,,1,,,LABORATORIO BAGO DEL PERU S.A.
7861150300357,13,MEBO 0.25% CREMA X 30G,30 GR,TUBO,TUB,CJA X 1,1,8/1/2023,PNE-1337,QUALICONT LABORATORIOS S.A.C.
7861152103574,13,PAMIGEN,200 mg,POLVO PARA SOLUCION INYECTABLE,INYECTABLE,VIAL,1,2/23/2022,EE04872,TECNOFARMA
7862111350077,13,ATLANSIL,200 MG,CAJA,COMPRIMIDOS,200mg Comp. x 30,,,E-22983,Roemmers S.A.
7891010963712,13,MYLANTA II,240 ML,FRASCO,FRASCO,Fco. x 240ML,1,,E-22557,Johnson & Johnson del Perú
7891010963729,13,MYLANTA II FRESA / MENTA,8G+8G+0.6G/100ML,JARABE,JBE,FRASCO X 240 ML,1,,E022558,JOHNSON&JOHNSON
7891024179925,13,PERIOGARD,0.12%,SOLUCION,SOLUCION,FRASCO,1,,NSC37705CP,COLGATE
7891045007887,13,ATIVAN,1mg,Tableta,Tableta,Caja Tab.,30,2/13/2014,E16231,PFIZER
7891045007894,13,ATIVAN,2mg,Tableta,Tableta,Caja Tab.,30,2/16/2014,E16233,PFIZER
7891058001100,13,BI PROFENID,150mg,Comprimido,Tableta,Caja Comp.,10,11/25/2010,E17853,SANOFI
7891058003906,13,LACTACYD INFANTIL,200ml,Frasco,Frasco,Fco. x 200ml,1,,,Grupo Sanofi Aventis
7891058008277,13,PROFENID PEDIATRICO,1mg/mL,Jarabe,Solucion,Fco. X 150 mL,1,10/22/2013,E21149,SANOFI
7891058008574,13,CALCORT,30mg,Tableta,Tableta,Caja Tab.,10,6/11/2014,E21757,SANOFI
7891058008581,13,CALCORT,6mg,Tableta,Tableta,Caja Tab.,10,6/8/2014,E21748,SANOFI
7891058008604,13,URBADAN,10MG,TABLETA,TABLETA,CAJA,100,,E21609,SANOFI-AVENTIS
7891058009038,13,LASIX,40MG,COMPRIMIDO,COMPRIMIDO,CAJA,20,,E21647,SANOFI-AVENTIS
7891058009052,13,NOVALGINA,250mg/5mL,Jarabe,Solucion,Fco. X 100 mL,1,8/10/2014,E21853,SANOFI
7891058018702,13,LACTACYD FEMINA,200 ML,FRASCO,FRASCO,FCO. X 200 ML,1,,NSOC1016,GRUPO SANOFI
7891058019891,13,NUCTIS D 200 UI GOTAS,200UI,AMPOLLA,,FRASCO,1,,,SANOFI
7891106904292,13,NATELE EASYGELS,,CAPSULAS,CAPSULAS,CAJA CAP.,28,,DE1261,BAYER
7891268100501,13,AROMASIN,25 MG.,TABLETAS,TABLETAS,CAJA,30,,E-16961,PFIZER
7891268100631,13,SUTENT,12.5mg,CAJA,CAJA,CJA *  28,1,3/30/2017,,PFIZER
7891268100648,13,SUTENT,,CAPSULA,CAPSULA,CAJA,28,,E19095,PFIZER
7891268150056,13,TERRAMICINA UNG OFT 5%/1000UI 6G,5%/1000UI,UNGUENTO OFTALMICO,UNGUENTO OFTALMICO,TUBO,1,,E17508,PFIZER
7891268150278,13,TERRAMICINA,500mg,Cápsula,Capsula,Caja Cap.,100,7/14/2010,E17499,PFIZER
7891268151084,13,FELDENE,40mg/2mL,Solución para Inyección,Inyectable,Amp. X 2 mL,25,2/11/2010,E17099,PFIZER
7891317003012,13,PRAIVA 400 MG CJA X 7,400 MG,TABLETA,TAB,CJA X 7,7,1/17/2023,EE05615,EUROFARMA PERU S.A.C.
7891317100056,13,TADA,5mg,CAJA,COMPRIMIDOS,5mg Comp. x 30,,,EE-04170,Representaciones Farmacéuticas S.A
7891317103873,13,SELENE X 21 COMP,ETILESTRADIOL+ACETATO DE CIPROTERONA,CAJA X 21 COMPRIMIDOS,CAJA X 21 COMPRIMIDOS,CAJA,1,8/1/2019,EE-04863,EUROPHARMA
7891317180484,13,TINIBE 400MG X 30 COMP,400 MG,COMPRIMIDO,COM,CJA X 30,30,,EE-01750,EUROFARMA PERÚ S.A.C
7891317182311,13,GINNA,0.02 g/g,CREMA VAGINAL,TUBO,CAJA x 1 TUBO,,,EE-01602,EUROFARMA
7891317187828,13,ASTROCINA 500 MG TAB CJA X 60,500 MG,TABLETA,TAB,CJA X 60,60,11/24/2020,EE02366,EUROFARMA PERU S.A.C.
7891317187835,13,ASTROCINA,500mg,Azitromicina,ASTROMICINA,Comprimidos recubiertos,60,3/1/2018,EE-02366,EUFARMA
7891317188221,13,GASPAN 40 MG,PANTOPRAZOL 40 MG,CAJA X 28 COMPRIMIDOS,CAJA X 28 COMPRIMIDOS,CAJA,,,EE-01733,EUOFARMA
7891317190668,13,PIEMONTE,4mg,MONTELUKAST,COMPRIMIDOS MASTICABLES,CAJA x 30,30,7/1/2018,EE-02844,EUROFARMA
7891317190682,13,PIEMONTE,5mg,MONTELUKAST,COMPRIMIDOS MASTICABLES,CAJA x 30,30,1/1/2019,EE-02843,EUROFARMA
7891317191924,13,TAMISA 20,20mg,Tableta,Tableta,Caja Comp. Rec. x 21,1,4/1/2020,EE-3073,EUROFARMA
7891317194024,13,BETINA,16mg,DICLORHIDRATO DE BETAHISTINA,BETINA,CAJA x 30 COMPRIMIDOS,30,2/1/2020,EE-04018,EUROFARMA
7891317194048,13,BETINA 16MG TAB CJA X 30,16MG,TABLETA,TAB,CAJA X30,30,,EE-02005,EUROFARMA
7891317195212,13,KOTICO COM 10MG,10mg,COMPRIMIDO,COM,CAJA,30,4/13/2021,EE03149,EUROFARMA
7891317195236,13,ETALPRAM 10 MG CJA X30,10 MG,TABLETA,TAB,CAJA X 30,30,,EE-04272,EUROFARMA
7891317195250,13,ETALPRAM 20MG COMPRIMIDO REC CAJA X 30,20 MG,COMPRIMIDO,COMPRIMIDO,CAJA,30,,EE04274,EUROFARMA
7891317195274,13,TADA,5mg,CAJA,CAJA,CJA *  30,30,,,EUROFARMA
7891543001547,13,METRONIDAZOL,500mg/100mL,Solución para Inyección,Inyectable,Fco. X 100 mL,1,8/2/2015,NG4720,B.BRAUN
7891721020940,13,FLORATIL,200mg,Cápsula,Capsula,Caja Cap.,6,3/27/2012,E19263,MERCK PERUANA
7891721028816,13,GLUCOPHAGE XR 500MG X 30 COMP.,500MG,COMPRIMIDO,,CAJA,30,,,MERCK PERUANA
7891721029097,13,GLUCOPHAGE XR LP 750mg Caja Comp. x 30,750 MG,TABLETA,TAB,CJA X 30,30,6/8/2022,EE00092,MERCK PERUANA S.A.
7891721029189,13,GLUCOPHAGE XR 1000MG X 30 COMP,1000mg,caja,,compremido,30,,,merck
7891721043826,13,FLORATIL,200mg,Polvo,Polvo,Caja Sobre,6,3/22/2012,E14489,MERCK PERUANA
7896015500085,13,EMULSION SCOTT X 400 ML,1g,Emulsion,Emulsion,Fco x 400ml,1,9/14/2014,PNE630,GLAXOSMITHKLINE  BRASIL LTDA
7896015516192,13,SPECTRODERM,2%,UNGUENTO,UNGUENTO,TUBO,1,,E17284,GLAXO
7896015529024,13,NARAMIG TABX2.5MGX1,,,,,1,,,GLAXOSMITHKLINE PERU S.A.
7896015568306,13,SPECTRODERM,,Ungüento,Unguento,Caja Tbo. X 15 g,1,4/22/2015,E17284,GSK
7896016801921,13,MULTILIND,,Ungüento,Unguento,Tubo X 30 g,1,6/12/2011,E9570,ABEEFE BRISTOL
7896026301770,13,BEROTEC AEROSOL,100mcg/dosis,Aerosol,Inhalador,Aer. Dosif. X 1 mL (200 Dosis),1,8/2/2011,E18622,QUILAB
7896070607620,13,DULCOLAX,5 mg,TABLETA DE LIBERACION RETARDADA,TABLETA,CAJA TAB,100,10/31/2018,E23159,BOEHRINGER INGELHEIM
7896116861214,13,PROGYNOVA,1mg,Gragea,Tableta,Caja Grag.,1,9/13/2011,E14159,BAYER
7896116861238,13,PROGYNOVA 2MG GRAGEAS CAJAX28,2 MG/ML,GRAGEAS,GRAGEAS,CAJA,28,,EE02704,BAYER
7896116861498,13,ANDROCUR,100mg,Tableta,Tableta,Caja Tab.,30,1/7/2010,E16984,BAYER
7896116861610,13,YASMIN,,Gragea,Tableta,Caja Grag.,1,4/26/2012,E19343,BAYER
7896116861733,13,YASMINIQ,,Comprimido Recubierto,Tableta,Caja Comp.,1,11/7/2012,E19943,BAYER
7896116862983,13,DIANE 35 GRAG X 21(BAYER),,GRAGEAS,GRAGEAS,CAJA TAB X 21,21,,BS01449,BAYER
7896116862990,13,ANGELIQ,1/2MG,COMPRIMIDO,COMPRIMIDO,CAJA,28,,E22449,BAYER
7896116881014,13,MICROGYNON,0.15mg+0.03mg,Gragea,Tableta,Caja Grag.,1,9/9/2012,E14853,BAYER
7896116881021,13,CLIMENE,11*2+10*2/1MG,GRAGEA,GRAGEA,CAJA,21,,E17608,SCHERING PERUANA
7896116881038,13,DIANE 35,,Gragea,Tableta,Caja Grag.,1,2/28/2010,E17152,BAYER
7896116881045,13,GYNERA,,Gragea,Tableta,Caja Grag.,1,11/13/2011,E18931,BAYER
7896116882554,13,FEMIANE,,Gragea,Tableta,Caja Grag.,1,5/23/2012,E10240,BAYER
7896206403546,13,ATACAND,8mg,Tableta,Tableta,Caja Tab.,30,12/30/2009,E12486,ASTRAZENECA
7896206403553,13,ATACAND 16MG X30TAB.,16 MG,TABLETA,TAB,CJA X 30,30,12/29/2020,E22393,ASTRAZENECA PERU SA
7896206403560,13,ATACAND,32% X 32 mg.,TABLETA,TAB,CAJA,30,,E22933,ASTRA - ZENECA
7896206403577,13,PLENDIL,5mg,Tableta Recubierta,Tableta,Caja Tab.,30,10/7/2015,E22343,ASTRAZENECA
7896206405076,13,BRILINTA,90MG,COMPRIMIDO,COMPRIMIDO,CAJA,30,,E22583,ASTRA - ZENECA
7896226501253,13,RIVOTRIL,2.5mg/mL,Gotas,Solucion,Fco. Got. X 20 mL,1,12/17/2009,E7778,ROCHE
7896226502366,13,LEXOTAN,3mg,Comprimido,Tableta,Caja Comp.,50,3/7/2010,E12671,ROCHE
7896226502380,13,ROHYPNOL,1mg,Comprimido,Tableta,Caja Comp.,30,5/24/2010,E12905,ROCHE
7896226502403,13,BACTRIM FORTE,800mg+160mg,Comprimido,Tableta,Caja Comp.,100,4/14/2010,E12808,ROCHE
7896226502472,13,DORMONID,15MG,COMPRIMIDO,COMPRIMIDO,CAJA,10,,E7798,ROCHE
7896226502489,13,BACTRIM,400/80 MG.,COMPRIMIDOS,COMPRIMIDOS,CAJA,20,,EE-00955,ROCHE
7896226502649,13,AURORIX,150mg,Comprimido Laqueado,Tableta,Caja Comp.,20,2/24/2009,E12655,ROCHE
7896226502762,13,BACTRIM FORTE,400mg+80mg/5mL,Suspensión,Suspension,Fco. X 100 mL,1,12/22/2014,E7786,ROCHE
7896226503318,13,LEXOTAN,6mg,Comprimido,Tableta,Caja Comp.,50,3/9/2010,E12680,ROCHE
7896226503394,13,RIVOTRIL,2.5 MG/ML,SOLUCION,SOL,FRASCO GOTERO x 20 ml,1,,E-7778,PRODUCTOS ROCHE Q.F.S.A
7896226503479,13,MADOPAR,200/50MG,COMPRIMIDO,COMPRIMIDO,FRASCO,30,,E13938,ROCHE
7896226503530,13,RIVOTRIL,0.5mg,Comprimido,Tableta,Caja Comp.,20,1/26/2010,E12558,ROCHE
7896226503547,13,DORMONID,50 MG/ 10 Ml,inyectable,iny,fco,1,,R.S.N° E-7716,PRODUCTOS ROCHE Q.F.S.A.
7896226503554,13,DORMONID,15MG,AMPOLLA,AMPOLLA,CAJA,5,,E7715,ROCHE
7896226503561,13,DORMONID,5mg/5mL,Solución para Inyección,Inyectable,Amp.,5,11/28/2009,E7710,ROCHE
7896226503639,13,RIVOTRIL,2 mg,Comprimido,TABLETA,Caja Envase Blister Comprimidos,20,12/16/2019,E7770,ROCHE
7896226503646,13,MADOPAR-HBS,,CAPSULA,CAPSULA,FRASCO,30,,E22976,ROCHE
7896226503745,13,INHIBACE,2.5mg,Comprimido,Tableta,Caja Comp.,14,11/30/2009,E7719,ROCHE
7896226503752,13,INHIBACE,5mg,Comprimido,Tableta,Caja Comp.,14,11/30/2009,E7720,ROCHE
7896226503899,13,INHIBACE PLUS,,Comprimido,Tableta,Caja Comp.,14,7/15/2012,E14784,ROEMMERS
7896226504315,13,DILATREND,12.5MG,TABLETA,TABLETA,CAJA,28,,E15281,ROCHE
7896226504322,13,DILATREND,25MG,Comprimido,Tableta,Caja Comp.,28,2/6/2013,E15267,ROCHE
7896226504339,13,DILATREND,6.25MG,TABLETA,TABLETA,CAJA,28,,E15264,ROCHE
7896226505091,13,PROTOPIC,0.03%,Ungüento,Unguento,Tubo X 10 g,1,9/1/2014,E21908,ROCHE
7896226505114,13,PROTOPIC,0.10%,Ungüento,Unguento,Tubo X 10 g,1,3/19/2015,E22212,ROCHE
7896226505374,13,TAMIFLU,75mg,CAJA,TABLETAS,75mg Tab. x 10,,,EE-02169,Productos Roche Q.F. S.A.
7896226505459,13,BONVIVA,150mg,Comprimido,Tableta,Caja Comp.,1,9/21/2010,E17635,ROCHE
7896226506500,13,BACTRIM,200/40,JARABE,JARABE,FRASCO,1,,E-7747,ROCHE
7896255701013,13,ISOPTIN-SR,240mg,CAJA,CAJA,CJA *  10,10,5/23/2017,E0150690000,ABBOTT
7896255703109,13,ISOPTIN SR,240mg,Tableta,Tableta,Caja Tab.,10,12/19/2012,E15069,ABBOTT
7896255764124,13,ISOPTIN,,TABLETA,TABLETA,CAJA,30,,E19925,ABBOTT
7896261001299,13,TRILEPTAL,60mg/mL,Suspensión Oral,Suspension,Fco. X 100 mL,1,2/25/2012,E14410,NOVARTIS BIOSCIENCES
7896261003798,13,METHERGIN,0.2mg/mL,Solución para Inyección,Inyectable,Amp. X 1 mL,5,1/18/2010,E17018,NOVARTIS BIOSCIENCES
7896261003880,13,FLOTAC,140mg,Cápsula,Capsula,Caja Cap.,10,5/12/2009,E11806,NOVARTIS BIOSCIENCES
7896261004504,13,GLYVENOL,200mg,Gragea,Tableta,Caja Grag.,30,11/18/2009,E12308,NOVARTIS BIOSCIENCES
7896261004634,13,LAMISIL 1,1%,Solución,Solucion,Fco. X 30 mL,1,11/27/2013,E16036,NOVARTIS BIOSCIENCES
7896261005099,13,VOLTAREN,75MG,Solución para Inyección,Inyectable,Amp. X 3 mL,50,3/26/2014,E16361,NOVARTIS BIOSCIENCES
7896261005396,13,PROCTO GLYVENOL,,Crema,Crema,Tubo X 30 g,1,7/27/2009,E12033,NOVARTIS BIOSCIENCES
7896261006287,13,VOLTAREN EMULGEL,1%,Gel,Gel,Tubo X 30 g,1,11/23/2010,E17831,NOVARTIS BIOSCIENCES
7896261006720,13,DIOVAN,80MG,COMPRIMIDO,COMPRIMIDO,CAJA,28,,E22499,NOVARTIS
7896261006744,13,DIOVAN HCT,160mg+12.5mg,Comprimido,Tableta,Caja Comp.,28,5/17/2011,E13867,NOVARTIS BIOSCIENCES
7896261008717,13,VOLTAREN AEROSOL,1.16%,Solución Tópica,Solucion,Fco. X 85 mL,1,12/18/2013,E21341,NOVARTIS BIOSCIENCES
7896261011564,13,DIOVAN,320mg,Tableta,Tableta,Caja Tab.,14,9/13/2012,E19781,NOVARTIS BIOSCIENCES
7896261015050,13,TEGRETOL,200mg,Comprimido,Tableta,Caja Comp.,20,8/1/2013,E20882,NOVARTIS BIOSCIENCES
7896269903014,13,BETNOVATE,0.10%,Crema,Crema,Tubo X 30 g,1,5/24/2012,E14658,GSK
7896269903021,13,DERMOVATE,0.05%,Crema,Crema,Tubo X 30 g,1,4/10/2012,E14531,GSK
7896269903298,13,DERMOVATE,0.05%,Ungüento,Unguento,Tubo X 30 g,1,8/7/2011,E14073,GSK
7896269903694,13,VALTREX,500mg,Tableta,Tableta,Caja Tab.,42,3/19/2012,E14470,GSK
7896269904370,13,CUTIVATE,0.05%,Crema,Crema,Tubo X 15 g,1,2/13/2012,E14378,GSK
7896269904417,13,ZOVIRAX,5%,Crema,Crema,Tubo X 2 g,1,3/1/2012,E14423,GSK
7896269904424,13,ZOVIRAX,5%,Crema,Crema,Tubo X 10 g,1,3/1/2012,E14423,GSK
7896269904592,13,CICATRIN,,Crema,Crema,Tubo X 15 g,1,7/13/2012,E19555,GSK
7896269904813,13,VALTREX,500mg,Tableta,Tableta,Caja Tab.,10,3/19/2012,E14470,GSK
7896269905520,13,CUTIVATE CREx15GR,,,,,1,,,GLAXOSMITHKLINE PERU S.A.
7896269905810,13,VENTOLIN,4mg,Tableta,Tableta,Caja Tab.,30,6/11/2012,E14697,GSK
7896548136454,13,PATANOL 0.1% SOLUC. OFT X 5 ML,0.001,SOLUCION,SOLUCION,frasco,1,,,ALCON
7896548137550,13,CILODEX,,Suspensión Oftálmica,Suspension Oftalmica,Fco. X 5 mL,1,11/19/2011,E14205,ALCON
7896548139004,13,NAPHTEARS,0.01%,Solución Oftálmica,Solucion Oftalmica,Fco. X 15 mL,1,5/27/2012,E14659,ALCON
7896548139103,13,AFLAREX,0.001,FRASCO,FRASCO,FCO *   1,1,10/21/2016,E0145620003,ALCON
7896548139110,13,ALCAINE,0.50%,Solución,Solucion,Fco. Got. X 15 mL,1,4/15/2012,E14542,ALCON
7896548139172,13,CILOXAN,0.30%,Solución Oftálmica,Solucion Oftalmica,Fco. X 5 mL,1,2/23/2014,E21565,ALCON
7896548139196,13,CETAPRED,,Ungüento Oftálmico,Unguento Oftalmico,Tubo X 3.5 g,1,4/30/2007,E14592,ALCON
7896548139226,13,MAXITROL,,Solución Oftálmica,Solucion Oftalmica,Fco. Got. X 5 mL,1,8/4/2014,E21835,ALCON
7896548139240,13,TEARS NATURALE II,,Solución Oftálmica,Solucion Oftalmica,Fco. Got. X 15 mL,1,1/12/2014,E21427,ALCON
7896548139264,13,TOBREX,0.30%,Solución Oftálmica,Solucion Oftalmica,Fco. X 5 mL,1,2/27/2014,E21577,ALCON
7896548139288,13,TOBRADEX,,Suspensión Oftálmica,Suspension Oftalmica,Fco. Got. X 5 mL,1,2/25/2014,E21568,ALCON
7896548140147,13,AZOPT,1%,Suspensión Oftálmica,Suspension Oftalmica,Fco. Got. X 5 mL,1,11/28/2011,E18963,ALCON
7896548140246,13,LAGRIMAS NATURALES,,Solución Oftálmica,Solucion Oftalmica,Caja Fco. X 15 mL,1,2/11/2013,E20302,ALCON
7896548140277,13,NAPHCON A,,Solución,Solucion,Caja Fco. X 15 mL,1,6/17/2012,E14704,ALCON
7896548140628,13,CILOXAN,0.30%,Ungüento Oftálmico,Unguento Oftalmico,Tubo X 3.5 g,1,5/26/2007,E10242,ALCON
7896548140789,13,MYDRIACYL GTS OFT 1% 15ML,1%,GOTAS OFTALMICAS,GOTAS OFTALMICAS,FRASCO,1,,E14737,ALCON
7896548140819,13,ISOPTO ATROPINA,1%,Solución Oftálmica,Solucion Oftalmica,5 mL,1,11/28/2011,E18962,ALCON
7896548158838,13,PATANOL,0.10%,Solución,Solucion,5 mL,1,10/17/2011,E14184,ALCON
7896548193549,13,CILODEX,,Ungüento,Unguento,Tubo X 3.5 g,1,5/25/2009,E16477,ALCON
7896548197486,13,PATANOL S,0.20%,Solución,Solucion,2.5 mL,1,7/11/2012,E19549,ALCON
7896548197714,13,VIGADEXA,,Solución Oftálmica,Solucion Oftalmica,Fco. X 5 mL,1,9/11/2013,E21018,ALCON
7896685300183,13,FLORAX,250millones/5mL,Suspensión,Suspension,Caja Vial X 5 mL,5,3/6/2013,BE00492,CONTINENTAL
7896685300190,13,FLORAX,500millones/5mL,Suspensión,Suspension,Caja Vial X 5 mL,5,2/22/2013,BE00486,CONTINENTAL
7897316800256,13,OFLOX,0.30%,Colirio,Solucion Oftalmica,Env. X 5 mL,1,7/3/2011,E13987,QUILAB
7897337712286,13,RISTABEN MET,50mg/1000mg,SITAELIPTINA/METFORMINA 50/1000,RISTABEN MET,COMPRIMIDOS x 28,1,1/3/2016,EE-00102,BOEHRINGER INGELHEIM
7897337712538,13,SINGULAIR 4mg Mast. Comp. x 30,4 MG,TABLETA,TAB,CJA X 30,30,5/16/2018,E23033,MERCK SHARP & DOHME PERU S.R.L.
7897337713221,13,COZAAR TABX50MGX1,,,,,1,,,MERCK SHARP & DOHME PERU S.R.L.
7897337713344,13,EMEND CAPX125/80MGX3,80 MG/125 MG,CAPSULA,CAPS,CAJA X 3,3,,EE-00314,MSD
7897337713665,13,JANUVIA 100 MG X 14 COMP.,100mg,CAJA,CAJA,COMPRIMIDO,14,,,MERCK
7897337713887,13,JANUVIA,50MG,TABLETAS,TABLETAS,CAJA,14,,EE-01055,MSD
7897337714037,13,SINGULAIR 10 MG x 30 COMP.,10MG,COMPRIMIDO,,CAJA,30,,,MERCK SHARD DOME
7897337714044,13,SINGULAIR 5mg Mast. Comp. x 30,5 MG,TABLETA,TAB,CJA X 30,30,1/31/2019,E23177,MERCK SHARP & DOHME PERU S.R.L.
7897337714358,13,COZAAR,100MG,CAJA,CAJA,CAJA,30,,EE-02497,MSD
7897337714655,13,JANUMET 50/850MG X 28COMP. RE,50/850mg,comprimido,caja,,30,,,MERCK
7897337714662,13,JANUMET 50/1000MG X 28 COMP.RE,50/1000MG,COMPRIMIDOS,COMPRIMIDOS,caja,28,,,MERCK
7897337714785,13,VYTORIN,10MG/20MG,COMPRIMIDOS,COMP,COMPRIMIDOS,1,7/1/2018,E-23088,MSD
7897473203679,13,UREATIV 10%,0.1,LOCION,LOCION,FRASCO X 150 ML,1,,NS0C319,GLENMARK
7897473203686,13,UREATIV 10%,0.1,CREMA,CRM,TUBO X 50 G,1,,N50C003,GLENMARK
7897473205215,13,FISIOATIV LOCION LAMELAR,150 ML,LOCION,LOCION,FRASCO X 150,1,,837425-1,GLENMARK
7897473205246,13,CELAMINA ZINCO,150 ml,Frasco,Fco,Frasco x 150 ml,1,,NSOC174,GLENMARK
7897473205253,13,CELAMINA ULTRA,DICLOPIROX OLAMINA+PIRIDIONATO,FRASCO X 150 ML,FRASCO X 150 ML,FRASCO,1,11/11/2016,NSOC17064-14B,GLENMARK
7897473205260,13,DEMELAN,15G,CREMA,CRM,TUBO X 15 G,1,,N50C031,GLENMARK
7897473206632,13,ACNIPOP,ACIDO SALICILICO  1.5 %,JABON X 90 GR,JABON X 90 GR,CAJA X 1,1,1/12/2017,NSOCO7045-11P,GLENMARK
7897572001473,13,DECA DURABOLIN,50mg/mL,Solución para Inyección,Inyectable,Caja Amp. + Jer. Prell.,1,8/16/2010,E13133,SCHERING PLOUGH
7897572001497,13,MERCILON,,Comprimido,Tableta,Caja Comp.,1,6/27/2010,E8491,SCHERING PLOUGH
7897572001503,13,MARVELON,,Comprimido,Tableta,Caja Comp.,1,8/22/2010,E8670,SCHERING PLOUGH
7897572001510,13,OVESTIN,1mg,Comprimido,Tableta,Caja Comp.,20,8/22/2010,E8669,SCHERING PLOUGH
7897572001527,13,OVESTIN,2mg,Comprimido,Tableta,Caja Comp.,10,8/22/2010,E8671,SCHERING PLOUGH
7897572001572,13,LIVIAL,2.5mg,Comprimido,Tableta,Caja Comp.,1,1/26/2011,E13578,SCHERING PLOUGH
7897572001664,13,OVESTIN,0.10%,Crema Vaginal,Crema Vaginal,Tubo X 15 g,1,8/22/2010,E8672,SCHERING PLOUGH
7897572001909,13,LIVIAL,2.5mg,Comprimido,Tableta,Caja Comp.,1,1/26/2011,E13578,SCHERING PLOUGH
7897572002708,13,GRACIAL,7*40/25 + 1,CAJA,CAJA,CJA *  22,1,4/30/2015,,SCHERING-PLOUGH
7897572002756,13,GRACIAL,,Comprimido,Tableta,Caja Comp.,22,5/27/2009,E11857,SCHERING PLOUGH
7897854900685,13,HEXABRIX 320MG/ML,320MG/ML,AMPOLLA,AMPOLLA,CAJA X 100ML,1,,ADE-0053,GUERBET
7897854900777,13,XENETIX-300,300,VIAL,VIAL,VIAL,1,,ADE0064,GUERBET
7897854900806,13,XENETIX 300 FCO X 50 ML,300MG/ML,FCO,FCO,FCO,1,2/1/2021,ADE-0064,CARDIO PERFUS
7897854900807,13,XENETIX-350,350mg/ml,CAJA,CAJA,CJA *  25,25,5/12/2017,ADE00130001,GUERBET
7897854900838,13,XENETIX-350,350,VIAL,VIAL,VIAL,1,,ADE0013,GUERBET
7897854900876,13,DOTAREM,0.5 MMOL/ML,VIAL,VIAL,VIAL,1,,ADE0088,GUERBET
7897854901354,13,DOTAREM,,VIAL,VIA,CJA,25,,ADE0088,GUERBET
7897930760981,13,CLOB X,0.05%,Crema,Crema,Tubo X 30 g,1,5/5/2013,E15499,QUILAB
7897930761674,13,CETAPHIL LOCION ULTRA HUMECTANTE FRASCO X 226 G (GDM),226ML,LOCION,LOCION,TUBO X 226ML,,,NDC2007CO25993,GALDERMA
7897930765078,13,ARCOLANE,2%,Champú,Champu,Fco. X 100 mL,1,5/21/2009,E11841,QUILAB
7898074617537,13,FLUIMUCIL,100mg/5mL,Jarabe,Solucion,Fco. X 120 mL,1,6/8/2014,E21747,LUKOLL
7898074618237,13,FLUTOX,10mg/5mL,Jarabe,Solucion,Fco. X 120 mL,1,9/8/2010,E17613,LUKOLL
7898328480313,13,SYNVISC ONE 8MLX6ML,8MG,AMPOLLA,AMP,AMP,1,,,G&R S.R.L.
7898586630994,13,OXYCONTIN,10 mg,Comprimido de liberación prolongada,TABLETA,Frasco Comprimidos de Liberación Prolongada,30,3/4/2018,EE04386,REP. DECO
7898586631007,13,OXYCONTIN,20mg,CAJA,CAJA,CJA *  30,30,6/20/2017,E0104890000,TECNOFARMA
7898587631014,13,OXICODONA 20MG X 30,20MG,COMPRIMIDOS,COMPRIMIDOS,FRASCO,30,,EE-10489,PHARMARIS PERU S.A.C.
7898909174907,13,CATETER ENDOVENOSO # 24 X 3/4 (N),,,,,1,,,NIPRO MEDICAL CORPORATION SUCURSAL DEL P
7898926572908,13,ONICIT,0.25 MG.%,SOLUCION INYECTABLE,SOLUCION INYECTABLE,FRASCO,1,,E-23189,SCHERING PLOUGH
794688184854,13,HYFIBER 946ML,946ML,FRASCO,FCO,FRASCO,1,,,MEDTRITION
795376001043,13,GOBBIFOL VIA 200MG 20ML,200MG,AMPOLLA,AMPOLLA,CAJA,5,,E18712,GOBBI NOVAG
8002660028327,13,CREON,25000 300mg,CAPSULAS,CAPS,CAJA,50,,BE-00947,Abbott Laboratorios S.A.
8008510930574,13,FEQOXIL PLUS,,TABLETAS,TABLETAS,CAJA,30,,DE2002,VITALY V
8012992000199,13,SPASMOMEN,40mg,Tableta Recubierta,Tableta,Caja Tab.,30,2/24/2010,E17143,BIOTOSCANA
8012992000229,13,RILATEN AMP 20MG 2ML,20MG,AMPOLLA,AMP,AMPOLLA,1,5/31/2019,E14454,BIOTOSCANA
8012992000366,13,RILATEN,10mg,Gragea,Tableta,Caja Grag.,90,12/11/2013,E21329,BIOTOSCANA
8012992000410,13,KETESSE,25mg,Tableta Recubierta,Tableta,Caja Tab.,20,12/30/2013,E21371,BIOTOSCANA
8012992000434,13,NEBILET,5mg,Comprimido,Tableta,Caja Comp.,28,3/4/2014,E21586,BIOTOSCANA
8020030053311,13,NORMIX 200 MG,200MG,TABLETA,TAB CON CUBIERTA ENTERICA,CAJA X 12 UNIDADES,12,,E023095,FARMAKONSUMA
8021118000005,13,R-S Blue azul de tripan,0.05% X 1.5 ml,vial,vial,caja,6,,DM1892E,ALCHIMIA
8021961011364,13,ZINNAT,500mg,Tableta,Tableta,Caja Tab.,10,5/26/2013,E20679,GSK
8021961011388,13,ZINNAT,750MG,VIAL,VIAL,VIAL,1,,E19255,GLAXO
8021961011395,13,ZINNAT VIALx1.5GRx1,,,,,1,,,GLAXOSMITHKLINE PERU S.A.
8021961011401,13,FORTUM,1g,Polvo para Solución Inyectable,Inyectable,Fco. Amp.,1,3/12/2012,E14450,GSK
8021961012071,13,ZINNAT,500 MG,CAJA,TABLETAS,500 MG TAB. X 10,1,,E-20679,GlaxoSmithKline Perú S.A.
8021961012095,13,ZINNAT,250MG,TABLETA,TABLETA,CAJA,10,,E15455,GLAXO
8021961013917,13,NIMBEX,,AMPOLLA,AMPOLLA,CAJA,5,,E18055,GLAXO
8023813091166,13,CHIROCAINE 50MG/10ML,50mg,CAJA,CAJA,AMPOLLA,1,,,ABBOTT
8027950130030,13,TAXOL,30 MG X 5 ML,FRASCO,FRASCO,30 MG X 5 ML,1,,E-20880,LAB ABEEFE BRISTOL
8027950150038,13,IXEMPRA,15mg,Polvo Liofilizado para Solución Inyectable,Inyectable,Caja Vial,1,2/14/2013,E20326,ABEEFE BRISTOL
8027950150045,13,IXEMPRA,45mg,Polvo Liofilizado para Solución Inyectable,Inyectable,Caja Vial,1,2/14/2013,E20324,ABEEFE BRISTOL
8027950150052,13,TAXOL,100 MG X 16.7 ML,FRASCO,FRASCO,100 MG X 16.7 ML,1,,E-20878,LAB ABEEFE BRISTOL
8027950220113,13,DURACEF,500MG,CAPSULA,CAPSULA,CAJA CAP.,48,8/3/2011,E022942,BRISTOL-MYERS SQUIBB
8027950220120,13,DURACEF,250mg/5ml x 60ml,Suspension oral,Susp. Oral,60ml,1,,E-22567,BRISTOL-MYERS SQUIBB
8027950220144,13,VELAMOX,500mg,Cápsula,Capsula,Caja Cap.,100,3/31/2017,E22694,ABEEFE BRISTOL
8027950220175,13,VELAMOX,250MG/5ML,Polvo para Suspensión Oral,Suspension,Fco. X 60 mL,1,10/5/2017,E22738,ABEEFE BRISTOL
8027950220212,13,KENACORT-IM,40MG,AMPOLLA,AMPOLLA,AMPOLLA,1,,E22887,BRISTOL-MYERS
8027950220229,13,KENACORT-A,50MG,VIAL,VIAL,VIAL,1,,E22888,BRISTOL-MYERS
8033622630210,13,FERRO FOLIC 800,,Tableta,Tableta,Caja Tab.,30,12/21/2011,E19037,TEOFARMA PERU
8033661802951,13,HYALONE,60 MG / 4 ML,SOLUCIÓN INYECTABLE,SOLUCIÓN INYECTABLE,CAJA JERINGA PRELLENADA,1,,DM13756E,PERULAB S.A
805367761191,13,ADCETRIS 50MG AMP CJA X 1,50MG,AMPOLLA,AMP,CAJA X 1,1,10/15/2020,BE-01027,TAKEDA
8054083003559,13,DAXIM 2.5MG VIAL X 5ML (LEVOSIMENDAN),2.5 mg/mL,Solución para Perfusión,INYECTABLE,Caja Vial X 5 mL,1,5/31/2018,EE00051,ABBVIE
8054083004228,13,CHIROCAINE 0.5% INY CJA X 10,"0,50%",AMPOLLA,AMP,CJA X 10,10,6/11/2019,EE02034,ABBVIE SAS SUCURSAL DEL PERU
8054083004273,13,SEVORANE FCO 250 ML,,Frasco,Frasco,solucion,1,,,ABBOTT
8054083004280,13,SURVANTA,25 mg/mL,SUSPENSION INYECTABLE,INYECTABLE,VIAL x 8 mL,1,5/16/2017,BE00866,ABBVIE
8054083005195,13,SYNAGIS 50 MG VIAL X 1ML,50mg,CAJA,CAJA,AMPOLLA,1,,,NOVARTIS
8054083005225,13,LUPRON DEPOT 11.25MG AMP. X 1,11.25mg,CAJA,CAJA,AMPOLLA,1,,,ABBOTT
8054083005249,13,HUMIRA,40 mg/0.8 mL,SOLUCION INYECTABLE,INYECTABLE,JERINGA PRELLENADA x 0.8 mL,2,10/1/2019,BE00956,ABBVIE
8054083008622,13,SYNAGIS 50MG / ML,50MG / ML,AMPOLLA,AMP,CJA X 1,1,,BE-01092,ABBVIE SAS SUCURSAL DEL PERU
8054083013428,13,HUMIRA AC 40MG/0.4ML AMP CJA X 2,40 MG/0.4 ML,AMPOLLA,AMP,CJA X 2,2,9/2/2024,BE01122,ABBVIE SAS SUCURSAL DEL PERU
8054083014104,13,LUPRON DEPOT PDS 30MG JERINGA PRELLENADA,30 MG,AMPOLLA,AMP,CJA X 1,1,1/30/2024,EN01030,ABBVIE SAS SUCURSAL DEL PERU
8058773460097,13,KETESSE AMP,50MG/2ML,FRASCO,AMPOLLA,50mg /2ml Caja Amp. x 5,1,9/1/2025,EE-01958,Biotoscana Farma S.A.
817432015089,13,ACID FOLIC,800mg,Tableta,Tableta,Fco. Tab.,100,,EG3073,TERNONOVA
8296120862983,13,DIANE 35 X 21 GRAGEAS,35MG,GRABEAS,GRABEAS,caja,21,,,BAYER
832436006147,13,MEDIK8 WHITE BALANCE CLICK SOLUCION FRA X 10 ML (PANGAEA),N/A,SOLUCIÓN TÓPICA,SOLUCIÓN TÓPICA,FRASCO X 10 ML,1,1/30/2019,NSOC16635-14PE,PANGAEA LABORATORIES LTD
832436008752,13,MEDIK8 WHITE BALANCE CLICK OXY-R SOLUCION FRA X 10 ML,10 ML,SOLUCION,SOLUCION,FRASCO X 10 ML,1,,NSOC29491-17PE,PROSKIN PERU S.A.
8400004529,13,NOR-TENZ GTS OFT,0.2,GOTAS OFTAMOLOGICAS,GOF,FRASCO,1,,EE00673,LABORATORIOS GRIN
8426594052904,13,BLEMIL PLUS CONFORT NUTRIEXPERT POLVO LATA X 400 G (ORD),,POLVO,POLVO,LATA X 400 G,,,,ORDESA
8427030002743,13,ENSURE VAINILLA,400G,POLVO,POLVO,TARRO,1,,I6002609E,ABBOTT
8427030003313,13,LECHE SIMILAC SENS EYEQ S/L,,POLVO,POLVO,TARRO,1,,I1003909E,ABBOTT
8427030003337,13,LECHE SIMILAC NEOSURE,,POLVO,POLVO,TARRO,1,,I1001810E,ABBOTT
8427030004112,13,ENSURE ADVANCE VAINILLA X 900G,,,,,1,,,ABBOTT LABORATORIOS S.A.
8427030006253,13,SIMILAC TOTAL CONFORT PRO-SENSITIVE 1 POLVO LATA X 360G (ABB),,POLVO,POLVO,LATA X 360G,1,,I1001117E NAABLB,ABBOT
8427030030647,13,LUPRON DEPOT PDS,30 MG,POLVO LIOFILIZADO PARA INYECCION I.V.,PVO.,JERINGA PRELLENADA,1,,E-22920,TAKEDA PHARMACEUTICAL COMPANY LTD.
8427426000063,13,PERIO-AID MANTENIMIENTO,0.12%,Colutorio (Gargarismos),Solucion Bucal,Fco. X 500 mL,1,4/16/2013,E15463,DENTAID
8427426000346,13,SENSAID,,Colutorio (Gargarismos),Solucion Bucal,Fco. X 500 mL,1,5/16/2013,E15522,DENTAID
8427426001480,13,PERIO-AID TRATAMIENTO,0.12%,Colutorio (Gargarismos),Solucion Bucal,Fco. X 150 mL,1,9/19/2007,E14873,DENTAID
8427426001572,13,PERIO-AID MANTENIMIENTO,,Colutorio (Gargarismos),Solucion Bucal,Fco. X 150 mL,1,4/16/2013,E15463,DENTAID
8427426014961,13,XEROS DENTAID M-M COLUTORIO 500ML,,FRASCO,FCO,FRASCO,1,,NS0C056,DENTAID
8427426020832,13,XEROS DENTAID  DENTRIFICO TUBO X 75 ML (DEN),,GEL,GEL,TUBO X 75 ML,,,NSOC10709-12 PE,DENTAID
8427426021884,13,PERIO-AID TRATAMIENT X 500ML,,,,,1,,,DENTAID PERU
8427426021891,13,PERIO-AID,0.0012,SOLUCION,SOLUCION,FRASCO,1,,NSOC391441,DENTAID
8427426023802,13,PERIO AID MANTENIMIENTO COLUTORIO BUCAL X 500 ML (DEN),,COLUTORIO,COLUTORIO,FRASCO X 500 ML,,,,DENTAID S.A.C
8427426030008,13,SENSAID CON FLUOR,,Pasta,Crema,Tubo X 95 g,1,5/23/2013,E15553,DENTAID
8427426030404,13,PERIO AID,0.12%,Gel Dentrífico,Gel,Tubo X 80 g,1,12/10/2013,E16062,DENTAID
8427426040625,13,PERIO-AID AC CONTROL COLUTORIO BUCAL FRASCO X 150 ML (DEN),,COLUTORIO,COLUTORIO,FRASCO X 150 ML,,,NSOC38497-10CO,DENTAID S.A.C
8427426040632,13,PERIO-AID COLUT.MANT 0.12% / 500 ML (DENTAID),0.12%/500ML,FRASCO,FCO,FRASCO,1,,OC38497,DENTAID
8427426040656,13,PERIO-AID COLUT. TRAT. 0.12% (DENTAID),"0,12%",FRASCO,FCO,CJA X 1,1,9/2/2016,NSOC39144-10CO,LABORATORIOS DENTAID PERU S.A.C.
8428148180163,13,PHYTOSOYA,0.5%,GEL VAGINAL,GEL,TUBO X 8 APLICACIONES,1,,PNE0603,REFASA S.A.C.
8429420077959,13,ISDIN ULLTRA SOLAR ALLERGY EMULSION FRASCO X 50ML (ISD),500ML,EMULSION,EMULSION,FCO X 500ML,,,NSOC25422-15PE,ISDIN
8429420095403,13,FOTO ULTRA ACTIVE UNIFY SPF 50 CREMAFRA X 50 ML-ISD,SPF 50,CREMA,CRE,FCO X 50ML,1,,NSOC64229-15CO,ISDIN S.A
8429420104563,13,UREADIN ULTRA 20 CREMA TUBO X 100 ML,,CREMA,CREMA,TUBO X 100 ML,1,,NSOC29282-16PE,PRODUCTOS ISDIN
8429420107502,13,ISDIN FUSION WATER FRASCO X 50 ML (ABL),,SOLUCION,SOLUCION,FRASCO X 50 ML,,, NSOC25555-15PE,ABL
8429420113114,13,MELACLEAR SERUM CORRECTOR,N/A,SERUM,SERUM,FRASCO X 15 ML,,,NSOC33960-18PE,ISDIN S.A. ISDIN PERU S.A.C.
8429420123342,13,UREADIN ULTRA 10 LOTION PLUS REPARADORA FRASCO X 200 ML,,LOCION,LOCION,FRASCO X 200 ML,1,,NSOC24851-15PE,PRODUCTOS ISDIN
8429420902442,13,ACNIBEN REPAIR GEL-CREMA HIDRATANTE TUBO X 40 ML (ISD),,GEL-CREMA,GEL-CREMA,TUBO X 40 ML,,,NSOC30913-06PE,ISDIN S.A.
8429979201058,13,ACGLICOLIC SERUM LOC 30ML,30ML,FRASCO,FCO,FRASCO,1,6/1/2021,NS0C55472,SESDERMA PERU SAC
8430340036254,13,PILEXIL AMPOLLA ANTCASPA (BAG),,AMPOLLA,AMP,CAJA X 15 AMPOLLAS,,,NSOC04352-12ECG,LABORATORIOS BAGO DEL PERU S.A.
8430340036469,13,PILEXIL ANTI-HAIR LOSS SPRAY FRASCO X 120 ML (LACER),,SPRAY,SPRAY,FRASCO X 120 ML,1,,NSOC042685-11CO,LABORATORIO BAGO
8430340041470,13,PILEXIL CAPSULAS,,CAJA,CAPSULAS,CAPSULAS BLANDAS X 50,1,,DE-1899,LAB. BAGO DEL PERU
8430351066011,13,CETAPHIL LOCION LIMP PIEL SEN FRA X 237 ML(GDM),,CREMA,CRE,FCO X 237ML,1,,NSOCO3045-96CO,GALDERMA S.A.
8430351066035,13,CETAPHIL LOCION HUMECTANTE X 473 ML,,,,,1,,,GALDERMA PERU LABORATORIOS S.A.
8430795002323,13,ATACHE PERFORMANCE SOLUTION,,CRM,CRM,FRASCO X 50 ML,,,NSOC145,EUROLABS
8430795002378,13,ATACHE SPECIFIC ANTI TACHES SOLUTION,,CRM,CRM,TUBO X 15 ML,,,NSOC133,EUROLABS
8430795002385,13,ATACHE WHITENING MILK,,CRM,CRM,FRASCO X 250 ML,,,NSOC239,EUROLABS
8431166160116,13,UREALETI 10%,200 ML,EMULSION,EMULSION,FRASCO X 200 ML,1,1/1/2017,E-36769,ALLERGAN
8431166160130,13,UREALETI 20 %,X 100 ML,FCO,FCO,FRASCO X 100 ML,1,,E-36698-C-PE,BAGO
8431166180015,13,LETI AT4 CREMA CORPORAL FRASCO X 200 ML (BAG),0,CREMA,CRE,FCO X 200ML,0,,NSCE-2432-09G.EC,"LABORATORIOS LETI,SL"
8431166180039,13, LETI AT4 CREMA FACIAL EMOLIENTE FRASCO X 50 ML (BAG),50ML,CREMA,CRE,TUBO X  50ML,1,,NSCE-2431-09G.EC,LABORATORIOS LETI S.L
8431166270013,13,LETIXER S PIEL SECA CREMA FRAX200ML(BAG,200ML,CREMA,CREMA,FRASCO X 200ML,1,,544C69,LETI
8432414212182,13,SAFLUTAN SOL OFT 15MCG/ML 0.3ML,15MCG/ML,CARTUCHO,CARTUCHO,CAJA,30,,E22884,MERCK SHARP & DOHME
8433042001346,13,ANGINOVAG,,Aerosol,Inhalador,Aer. X 10 mL,1,12/17/2012,E6326,ALBIS
8433042002688,13,NADIXA,1%,Crema,Crema,Tubo X 25 g,1,3/16/2012,E19240,ALBIS
8433042004477,13,SUTRILNEO,10MG,COMPRIMIDO,COMPRIMIDO,CAJA,30,,E20279,FERRER
8433042004484,13,SUTRILNEO,5mg,Comprimido,Tableta,Caja Comp.,30,2/5/2013,E20280,ALBIS
8433042006082,13,PEITEL 0.25% CREMA X 30 GR,0.0025,CAJA,CAJA,CREMA,1,,,FERRER
8436024610086,13,BILAXTEN,20 MG,CAJA,COMPRIMIDOS,20mg Caja Comp. x 10,1,,E-22586,GRUPO FAES S.A.
8436024610307,13,VENOSMIL,2%,GEL,GEL,TUBO x 60 g,1,6/21/2022,EE06009,FAES FARMA
8436024610529,13,DOLOTREN,,CAJA,CAPSULAS,Rtd. 100mg Caps. x 20,,,EE-00772,Grupo Faes S.A.
8436024610987,13,ACECNOU 3G,3 g,Granulos para Solución Oral,GRANULOS,Caja Sobre x 8 g,1,8/1/2021,EE03710,FAES FARMA
8436024611298,13,VENOSMIL,200 MG,CAJA,CAPSULAS,200mg Caja Caps. x 60,,6/1/2020,EE-00871,Grupo Faes S.
8436024611687,13,DOLOTREN SUP 100MG,100mg,SUPOSITORIO,SUP,CAJA,12,,EE- 013,FAES FARMA
8436024612103,13,BILAXTEN 20 MG X 20 COMP,20MG,COMPRIMIDO,COMP,COMP,20,,EE-03396,FAES FARMA
8436025480039,13,ANGINOVAG,,Aerosol,Inhalador,Aer. X 10 mL,1,12/17/2012,E6326,ALBIS
8436025480138,13,NUCLEO CMP FORTE,,Inyectable,Inyectable,Caja Amp.,3,12/11/2012,E6064,ALBIS
8437002567071,13,HELIOCARE 240 MG CAPSULA (IFC),240MG,CAPSULA,CAP,FCO X 60 CAP,1,,PNE-1207,I.F.CANTABRIA S.A.
8437009282007,13,COLNATUR COMPLEX,N/A,LATA,LATA,ENVASE LATA EN POLVO 330 GR,1,,DE2543,LABORATORIOS BAGO S.A.
8470000735820,13,BLUE CAP LOCION SPRAY FRASCO X 100 ML,,,,,1,,,
8470001509802,13,ACNIBEN RX BALSAMO REPAR.LABIALX10ML,10ML,BALSAMO,BALSAMO,TU X 10ML,,,NSOC01220-09PE,ISDIN
8470001520357,13,PILEXIL SPRAY,120 ML,FRASCO,FRASCO,120 ML,1,,NSOC42685-11CO,LAB. BAGO DEL PERU
8470001529688,13,ENDOCARE TENSAGE SERUM FRASCO X 30ML - I.F. CANTABRIA,30ML,CREMA,CRE,FCO X 30ML,1,,NSOC10168-12PE,I.F.CANTABRIA S.A
8470001532411,13,UREADIN RX 40% GEL EXFOLIANTE X 30 ML,,Gel,Gel,Tubo x 20g,1,,NSCE-3250- 10.EC,ABL PHARMA PERU S.A.C.
8470001532435,13,UREADIN,0.1,LOCIÓN,LOCIÓN,FCO X 200 ML,1,,NSOC04108,LABORATORIO ABL PHARMA
8470001541871,13,UREADIN RX 20 CREMA ULTRA HIDRATANTE EMOLIENTE X 100 ML,,,,,1,,,ABL PHARMA PERU S.A.C.
8470001546531,13,NATALBEN SUPRA,,CAPSULA,CAP.,CAJA X 30 CAP.,30,,DE-1606,ITALFARMACO
8470001547927,13,NUTRATOPIC PRO-AMP CREMA FACIAL TUBO X 50 ML,50 ML,CREMA,CREMA,TUBO X 50 ML,1,,NSOC23119-15PE,ISDIN PERU S.A.C.
8470001564832,13,ENDOCARE TENSAGE RADIANCE EYE CONTOUR FRX15 ML(IFC),N/A,CREMA,CREMA,FRASCO X 15 ML,,1/14/2019,NSOC16031-13PE,IF CANTABRIA S.A
8470001565358,13,OVUSITOL,,POLVO SOLUCION ORAL,,CAJA SOBRES,30,,DE1481,LUKOLL S.A.C
8470001594969,13,ISDIN PEDIATRICO FUSION FLUIDO FRASCO X 50 ML (ABL,,FUSION FLUIDO,SOLUCION,FRASCO X 50 ML,1,,NSO607404-11P,ISDIN
8470001653505,13,NEORETIN DISCROM CONTROL SERUM TUBO X 30ML (IFC),30ml,crema,crema,tubo x 30ml,,,N50C16556-14PE,Laboratorios IFC
8470001679864,13,HELIOCAREÂ 360 FLUID CREAM TUBO X 50 ML,50 ML,CREMA,CREMA,TUBO X 50 ML,1,,NSCO56652-13PE,DROGUERIA FARMACARE S.A.C.
8470001788993,13,FOTOPROTECTOR ISDIN MINERAL BABY FUSION F. SPF 50 FRA X 50 ML,,FLUIDO,FLUIDO,FRASCO X 50 ML,,,NSOC29385-17PE,ISDIN S.A.
8470001813800,13,HELIOCARE ADVANCE SPRAY SPF 50 TU X 200 ML (IFC),200 ML,CREMA FLUIDA,CREMA FLUIDA,TUBO X 200 ML,1,,NSOC16840-14PE,DROGUERIA FARMACARE S.A.C.
8470002063754,13,PILEXIL CHAMPU ANTICAIDA FRASCOX300ML (BAG),300ML,CHAMPU,CHAMPU,CHAMPU,,,NSOC42672-11CO,BAGO
8470002073241,13,AZELAC GEL HIDRATANTE 50ML,,FRASCO,FCO,FRASCO,1,,NSOC317,SESDERMA PERU SAC
8470002129856,13,UREADIN RX 30,50 MG,Crema tópica,Crema,Tubo x 50 ml,,,C17521,ABL PHARMA
8470002431393,13,AVENA ISDIN SYNDET SOLIDO X 100G,,,,,1,,,ABL PHARMA PERU S.A.C.
8470002487307,13,HELIOCARE COMPACTO OIL FREE FAIR SPF 50 X 10 G (IFC),SPF50,POLVO,POLVO,COMPACTO X 10G,1,,NSOCO8612-11PE,I.F.CANTABRIA S.A.
8470002643178,13,UREADIN 3% LOCION DERMOPEDIATRICA X200ML,,Locion,Loción,fco x 200ml,1,,NSOC02609-10P,ABL PHARMA PERU S.A.C.
8470003244268,13,DRYSES LOCION ANTITRANSPIRANTE SPRAY FRA X 100 ML,100 ML,LOCION,LOCION,SPRAY X 100 ML,1,,NSOC06343-02CO,SESDERMA PERU S.A.C.
8470003331166,13,ISDIN-EXTREM-UVA-LOC PED FCOX125ML,,Locion,Loción,Frasco x 125ml,1,,NSOC02494-10P,ABL PHARMA PERU S.A.C.
8470003331180,13,FOTOPROTECTOR ISDIN GEL CREAM SPF50 TUBOX200ML(ISD),200ML,gel,GEL,TUBO,,,NSOC08750-11PE,ISDIN
8470003406581,13,C-VIT RADIANCE,N/A,GEL,GEL,FRASCO X 50 ML,1,6/19/2019,NSOC26599-16PE,SESDERMA PERU S.A.C.
8470003450829,13,ISDIN ULTRA 90 FCO X 50 ML,,Crema,Crema,Tubo x 50ml,1,,NSOC06821- 11P,ABL PHARMA PERU S.A.C.
8470003468237,13,ENDOCARE TENSAGE CREAM POTE X 30 ML - I.F. CANTABRIA,30ML,CREMA,CRE,POTE X 30ML,1,,NSOC25925-16PE,I.F.CANTABRIA S.A
8470003808576,13,UREADIN CREMA HIDRATANTE PIEL SECA 50ML,,,,,1,,,ABL PHARMA PERU S.A.C.
8470006562543,13,XUMADOL,1G,sobre,sobre,Cja x 30,30,,E28051,LUKOLL
8470006728178,13,BILAXTEN 20 MG COMP,BILASTINA 20 MG,CAJA X 20 COMPRIMIDOS,CAJA X 20 COMPRIMIDOS,CAJA,20,12/1/2021,E-22586,FAES FARMA
8470006920794,13,GARYDOL,,Comprimido,Tableta,Caja Comp.,20,2/16/2011,E18157,QUILAB
8470006941416,13,POSITON,30 G.,CREMA,CREMA,TUBO,1,,E-22910,FAES FARMA
8470007006398,13,OESTRACLIN GELX 80GR,0.06MG,CREMA,CREMA,CAJA,1,,EE-05343,PHARMA SOLUTIONS
8470007054320,13,COSENTYX (SECUKINUMAB) 150 MG/ML,150 MG/ML,AMPOLLA,AMP,CJA X 1,1,11/30/2020,BE01030,NOVARTIS BIOSCIENCES PERU S.A.
8470007152675,13,ALECENSA 150 MG CAPSULA DURA (ROC),150 MG,CAPSULA DURA,CAPSULA DURA,CAJA X 224,224,12/13/2022,EE05533,ROCHE FARMA (PERU) S.A
8470007587064,13,FLUIMUCIL,300mg/3mL,Solución para Inyección,Inyectable,Caja Amp. X 3 mL,5,5/12/2010,E17323,LUKOLL
8470007597064,13,FLUIMUCIL,300MG/3ML,AMPOLLA,AMPOLLA,FCO.,1,,E-17323,LUKOLL
8470008046669,13,FLUIMUCIL ORAL 100MG SOBRE CAJA X 30,100 MG/5ML,POLVO,POLVO,CAJA,30,,EE02624,LUKOLL
8470008437979,13,NAVELBINE 30MG TAB CJA X1,30MG,TABLETA,TAB,CAJA X 1,1,,USO COMPASIVO,PIERRE FABRE PHARMA
8470008485314,13,FLUIMUCIL ORAL,200 mg,SOBRE,sobre,caja x 20 sobres,20,,,Zambon
8470008652877,13,ZESTRIL,20mg,Tableta,Tableta,Caja Tab.,28,3/6/2012,E19205,ASTRAZENECA
8470008661039,13,CETRAXAL PLUS GTAS X 10ML (LUKOLL),GTS X 10 ML,FRASCO,FRASCO,FRASCO,,,EE-01531,LUKOLL
8470008844036,13,FLUIMUCIL ORAL,600mg,Comprimido Efervescente,Tableta,Caja Comp.,20,8/24/2014,E16689,LUKOLL
8470008878956,13,VENOSMIL,200mg,Cápsula,Capsula,Caja Cap.,20,6/1/2010,E12939,ALBIS
8470009189792,13,DOLOTREN,1.16%,Gel,Gel,Tubo X 60 g,1,7/10/2010,E13033,ALBIS
8470009451967,13,LABETALOL 100MG/20ML AMP CJA X 5 (NP FARMAMEDICAL),100MG/20ML,AMPOLLA,AMP,CJA X 5,5,,EE-04849,NP FARMAMEDICAL
8470009859459,13,ACTILYSE,50MG,VIAL,VIAL,VIAL,1,,BE00315,BOEHRINGER
8470009949624,13,FLUIMUCIL ORAL,100mg,Granulos,Granulos,Caja Sob. X 1g,30,2/21/2013,E20374,LUKOLL
8470009949709,13,FLUIMUCIL ORAL,200mg,Granulos,Granulos,Caja Sob. X 1g,30,7/2/2013,E20809,LUKOLL
8470009965204,13,MONUROL,3g,Granulos,Granulos,Caja Sob.,1,4/29/2013,E15493,LUKOLL
8470012028811,13,FLIXONASE,50mcg/dosis,Spray,Solucion,Aer. X 120 Dosis,1,4/26/2015,E12836,GSK
8470020069356,13,VENTOLIN,100mcg/dosis,Aerosol para Inhalación,Inhalador,Caja Fco. X 150 Dosis,1,9/20/2012,E14878,GSK
847301546531,13,NATALBEN SUPRA,,CAPSULA,CAPSULA,CAJA CAPS X30,30,,D-1606,ITALFARMACO
8500002970025,13,EPOETINA ALFA 2000 UI/ML( EPOCIN),,UNIDAD,UNIDAD,UNIDAD,,,BE01537,QUIMFA PERU
852260000012,13,XERAGEL,,,,x 10 cc,,,DM8634E,Biomedical Sciences (Ver FARMINDUSTRIA)
8710428003812,13,LECHE ISOMIL IMMUN EYE Q,,POLVO,POLVO,TARRO,1,,I1001210E,ABBOTT
8710428015372,13,ALTERNA PEPTIDO,1.5 KCAL/mL,SUSPENSION ORAL,SUSPENSION,FRASCO x 1 L,1,3/5/2024,DE2729,ABBOTT
8710428020468,13,PEDIASURE VAINILLA,400G,POLVO,POLVO,TARRO,1,,I6004109E,ABBOTT
8710428022158,13,GLUCERNA SR 900 GR,900G,POLVO,POLVO,POTE 900 GR,1,,DE1263,ABBOTT
8710428022301,13,GLUCERNA,,POLVO ORAL,POLVO,LATA X 400 GR,1,,NR39264,ABBOTT
8710428022394,13,GLUCERNA TRIPLE CARE VAINILLA,900G,POLVO,POLVO,LATA X 900G,1,3/28/2017,DE1525,ABBOT
8710428052988,13,OSMOLITE-HN LIQ 1000ML,,EMULSION,EMULSION,FRASCO,1,,DE0690,ABBOTT
8711141840487,13,TRYPTANOL,25mg,Tableta,Tableta,Caja Tab.,30,6/13/2013,E15606,MERCK SHARP DOHME
8711141841149,13,MODURETIC,5/50MG,TABLETA,TABLETA,CAJA,30,,E21064,MERCK SHARP & DOHME
8711141841330,13,SINEMET,25mg/250mg,CAJA,CAJA,CJA * 100,1,12/14/2016,E0113720000,MERCK SHARP & DOHME
8711141912221,13,EXINEF,90MG,COMPRIMIDOS,COMP,CAJA X 14,1,2/1/2019,E-23162,
8711141912238,13,EXINEF COM  60MG,60mg,COMPRIMIDO,COM,CAJA,14,,E23161,MERCK SHARP & DOHME
8711141912245,13,EXINEF,120 MG,COMPRIMIDOS x120MG,COMPRIMIDOS,CAJA,1,,E-23160,Lab. Merck Sharp & Dohme Perú S.R.L.
8711141912412,13,ZOSTAVAX 19400 PLV INY (MSD),19400 UFP,AMPOLLA,AMP,CJA X 1,1,1/14/2018,BE00890,MERCK SHARP & DOHME PERU S.R.L.
8711141912504,13,ATRIPLA (TENOFOVIR+EMTRICITABINA+EFAVIRENZ),,TAB RECUBIERTA,TAB RECUBIERTA,CAJA X 30 UNIDADES,30,,E23231,MERCK SHARP & DOHME
8711141912733,13,PROQUAD,,POLVO PARA SUSPENSION INYECTABLE,INYECTABLE,VIAL,1,11/10/2019,BE00960,MERCK SHARP & DOHME
8711141912757,13,VAQTA,25 mcg/0.5 mL,SUSPENSION INYECTABLE,INYECTABLE,JERINGA PRELLENADA x 0.5 mL,1,5/8/2022,BE00863,MERCK SHARP & DOHME
8711141912825,13,VARIVAX,,SOLUCION INYECTABLE,SOLUCION INYECTABLE,UNIDAD,,,BE00985,MERCK SHARP & DOHME
8715131009007,13,"NEULASTIM 6MG/0,6ML","6MG/0,6ML",SOLUCION INYECTABLE,SOLUCION INYECTABLE,CAJA X 1 UNIDAD,,,BE01035,TECNOFARMA
8715131009397,13,VECTIBIX,20MG/ML,VIAL,VIA,CAJA,1,,BE00959,TECNOFARMA
8715131009403,13,NPLATE 250 UG (ROMIPLOSTIM),,UNIDAD,UNIDAD,UNIDAD,,,BE00964,TECNOFARMA
8715131013714,13,PROLIA,60mg,AMPOLLA,AMPOLLA,Caja Jer. Prell. x 1,1,2/28/2020,BE-00793,TECNOFARMA
8715239090303,13,OMNIC,0.4mg,Cápsula,Capsula,Caja Cap.,20,3/2/2014,E11633,ALBIS
8806044019457,13,ZOYLEX,250MG,VIAL,VIAL,CAJA,10,,E19460,KOREA UNIT
8806044019549,13,DACTINOMICINA 0.5MG,0.5MG,INYECTABLE,INYECTABLE,CAJA,10,,E-G6385,KOREA UNITED PHARM.
8806107604781,13,AMARYL M,1mg+250mg,Comprimido Recubierto,Tableta,Caja Comp.,30,12/26/2011,E19045,SANOFI
8806107604798,13,AMARYL M,2mg+500mg,Comprimido Recubierto,Tableta,Caja Comp.,30,12/12/2011,E18991,SANOFI
8806718008954,13,MEGEX-I SUS 200MG/5ML 240ML,200mg,FRASCO,FCO,FRASCO,1,,EE03202,DAEWON PHARMACEUTICAL CO LTD
8806718031938,13,3-GEL,582 mg + 196 mg + 20 mg,Suspensión Oral,SUSPENSION,Caja Sobre x 10 mL,1,3/5/2019,EE04012,DROPESAC
8839000000000,13,CEFUROXIMA IM/IV 750MG X 10,750mg,ampolla,caja,caja,10,,,vitalis
8850769011951,13,VITAMINA E,400UI,CAJA,CAPSULAS,400UI Caps. x 30,,,DE-0994,Distribuidora Quiarsa S.A.C.
8852961008951,13,PIEL SEX Y LUB GEL SACHET X 5 G,,GEL,GEL,SACHET X 5 G,,,,APROPO
8886451018014,13,PEDIASURE PLUS T/SURE/VAINX900,,,,,1,,,ABBOTT LABORATORIOS S.A.
8886451018021,13,PEDIASURE,,TARRO,TARRO,TAR *   1,1,8/27/2015,,ABBOTT
8901067019825,13,PIOUNO 30,30mg,Tableta,Tableta,Caja Tab.,30,6/1/2012,E19443,PHARMARIS
8901067019887,13,METADIEN,500 MG.,TABLETAS,TABLETAS,CAJA,30,,E-19587,PHARMARIS PERU S.A.C.
8901067020203,13,ESPANORM 5,,Tableta,Tableta,Caja Tab.,30,7/13/2012,E19559,PHARMARIS
8901079006097,13,ZERODOL CR 200MG TAB X 30,200MG,TABLETA,TAB,CAJA X 30,30,,E20170,IPCA
8901079006103,13,HCQS,200 mg,TABLETA RECUBIERTA,TABLETA,CAJA TAB,30,1/29/2023,EE03042,ZENNIT
8901079006325,13,REVELOL XL 50,50mg,Tableta de Liberación Prolongada,Tableta,Caja Tab.,30,6/10/2014,E21753,ZENNIT FARMA
8901079006332,13,REVELOL XL 100,100mg,Tableta de Liberación Prolongada,Tableta,Caja Tab.,30,1/21/2013,E20208,ZENNIT FARMA
8901079006547,13,RAMCOR 5 MG,5MG,CAPSULA,CAP,CAJA X 28,28,,E021147,IPCA LABORATORIES LIMITED
8901079006554,13,RAMCOR 10,10MG,TABLETA,TAB,CAJA X 28,28,,E021113,IPCA LABORATORIES LIMITED
8901079006585,13,ZERODOL-P,100/500MG,TABLETA,TABLETA,CAJA,10,,E20212,IPCA
8901079006967,13,ZERODOL,100MG,TABLETA,TABLETA,CAJA,10,,E20158,IPCA
8901079008213,13,HCQS 200 MG,200 mg,Tableta,Tableta,Caja,,,EE03042,IPCA LABORATORIES LIMITED
8901086160225,13,IOPAMED 300 X 50 ML,300 x 50 ml,ampolla,ampolla,fco x 50 ml,1,1/7/2016,ADE-0075,MEDIFARMA
8901109317520,13,TACROLIMUS 1MG TAB CJA X 50,1 MG,TABLETA,TAB,CJA X 50,50,10/20/2020,EE02038,NOVARTIS S.A.
8901111243220,13,UNIMINTH 200,200mg,Tableta Masticable,Tableta,Caja Tab.,100,3/12/2014,E16318,DROPESAC
8901111426210,13,KEFDIL-500,500mg,Cápsula,Capsula,Caja Cap.,100,7/2/2009,E16575,DROPESAC
8901117015364,13,ARTROSIN,1.5g+1.2g,Polvo Oral,Polvo,Caja Sob. X 5 g,30,3/4/2013,E20424,BIOTOSCANA
8901117016477,13,ARAPLUS,300mg,Tableta,Tableta,Caja Tab.,30,12/4/2012,E20027,BIOTOSCANA
8901117016965,13,ARAPLUS,150mg,Tableta,Tableta,Caja Tab.,30,12/29/2013,E21367,BIOTOSCANA
8901117022966,13,BUDEMAR,200mcg/dosis,Solución para Inhalador,Inhalador,Caja Env. X 200 Dosis,1,3/5/2013,E20431,BIOTOSCANA
8901117023307,13,BIOMOTIL,25 MG,TABLETAS,TAB.,CAJA X 20 TAB.,20,,E-21160,BIOTOSCANA
8901117030794,13,CRONOPEP 40 MG IV,40 MG,AMPOLLA,AMP,CAJA X 1 UNIDAD,1,,E021960,BIOTOSCANA
8901117033863,13,CRONOPEP,20mg,Tableta,Tableta,Blist. Tab.,14,8/18/2010,E17565,BIOTOSCANA
8901117050839,13,CRONOPEP,40mg,Tableta,Tableta,Blist. Tab.,14,6/21/2010,E17436,BIOTOSCANA
8901117063280,13,FLUAMAR,250mcg,FLUTICASONA PROPIONATO,FLUAMAR,Suspension para inhalacion oral,120,1/3/2017,E-19223,BIOTOSCANA
8901117063631,13,FLUAMAR,25mcg+50mcg,Aerosol para Inhalación,Inhalador,Caja Fco. X 120 Dosis,1,9/10/2012,E19757,BIOTOSCANA
8901117063648,13,FLUAMAR,25mcg+125mcg,Suspensión para Inhalación,Inhalador,Caja Fco. X 120 Dosis,1,9/10/2012,E19756,BIOTOSCANA
8901117122505,13,LEVOMAR,50mcg/dosis,Suspensión,Suspension,Caja Tbo. X 200 Dosis,1,2/12/2012,E19143,BIOTOSCANA
8901117201392,13,TIAMAR,9mcg,Aerosol para Inhalación,Inhalador,Aer. X 200 Dosis,1,8/8/2010,E17533,BIOTOSCANA
8901117202207,13,TENVIR,300mg,FRASCO,FRASCO,FCO *  30,1,7/26/2016,E0191520000,CIPLA
8901117272750,13,ARAPLUS,300 MG,CAJA,TABLETAS,300mg Caja Tab. x 30,,,EE-02075,Biotoscana Farma S.A.
8901117274389,13,ASTHALIN INH X 200 DOSIS,,,,,1,,,ESKE CORPORATION S.A.C.
8901127002842,13,CARDIVAS TAB 12.5MG,12.5mg,TABLETA,TAB,CAJA,30,,E18738,SUN PHARMACEUTICAL
8901127002859,13,CARDIVAS 25 MG CAJA X 30 TABLETAS,,,,,1,,,SUN PHARMACEUTICAL PERU S.A.C.
8901127003740,13,CARDIVAS TAB 6.25MG,6.25mg,TABLETA,TAB,CAJA,30,,EE04550,SUN PHARMACEUTICAL
8901127005119,13,CLOPILET (CLOPIDOGREL 75 MG),75 mg,Tableta,Tab,Caja x 10 tabletas,1,,E-23278,SUN PHARMACEUTICAL
8901127005126,13,CLOPILET,75mg,Tableta,Tableta,Caja Tab.,30,2/7/2010,E17082,ESKE
8901127005454,13,MIRTAZ 30,30mg,Tableta,Tableta,Caja Tab.,30,8/23/2010,E17580,ESKE
8901127005638,13,QUTIPIN,25mg,CAJA,CAJA,CJA *  30,30,8/1/2017,E0197000000,SUN PHARMACEUTICAL
8901127005645,13,QUTIPIN,100mg,CAJA,CAJA,CJA *  30,30,8/1/2017,E0197030000,SUN PHARMACEUTICAL
8901127005973,13,IROVEL,150 mg,TAB,TAB,CAJA X 10 TABLETA,,,E22722,SUN PHARMACEUTICAL
8901127007199,13,TOPIROL,25 mg,TABLETA RECUBIERTA,TABLETA,CAJA,30,4/25/2017,EE00340,SUN PHARMACEUTICAL
8901127007205,13,TOPIROL 50,50mg,Tabletas recubiertas,tabletas,CAJA x 30,30,4/30/2019,E-19358,SUN PHARMA
8901127008233,13,OXETOL 300,300mg,Tableta,Tableta,Caja Tab.,20,10/4/2009,E16801,ESKE
8901127008257,13,GABANTIN 300,300mg,Cápsula,Capsula,Caja Cap.,20,11/3/2009,E16870,ESKE
8901127009247,13,NEXITO,10mg,Tableta,Tableta,Caja Tab.,10,7/26/2012,E19605,ESKE
8901127009490,13,TOPIROL,100 mg,TABLETA RECUBIERTA,TABLETA,CAJA,30,5/3/2022,EE01888,SUN PHARMACEUTICAL
8901127009674,13,VENIZ XR 75,75mg,Cápsula,Capsula,Caja Cap.,10,7/26/2010,E17522,ESKE
8901127010182,13,VENIZ XR 150,150mg,Cápsula,Capsula,Caja Cap.,10,7/25/2010,E17521,ESKE
8901127010526,13,DUZELA 30MG CAJA CAPS. X 30,30mg,CAPSULAS,CAPSULAS,CAJA,30,,EN-23139,SUN PHARMACEUTICAL
8901127010533,13,DUZELA 30 CAP 30MG,30mg,CAPSULA,CAP,CAJA,30,,E23139,SUN PHARMACEUTICAL
8901127011073,13,lamosyn 50 mg caj x10,50 mg,tabletas,tab,caja x10,1,1/12/2016,e-22371,sun pharma
8901127011097,13,LAMOSYN 100,100mg,LAMOTRIGINA,,CJAX100,1,,DE-001606,ESKE CORP.
8901127011363,13,STROCIT,500mg,Tableta,Tableta,Caja Tab.,10,12/12/2011,E19004,ESKE
8901127011585,13,QUTIPIN,300mg,CAJA,CAJA,CJA *  30,1,,E0197140000,SUN PHARMACEUTICAL
8901127011608,13,GEMER,2 mg,TAB,TAB,CAJA X 30 UNIDADES,1,,E019520,SUN PHARMACEUTICAL
8901127012735,13,AZTOR EZ,20mg/10mg,ATORVASTATINA/EZETIMIBA,AZTOR EZ,CAJA x 10 TABLETAS RECUBIERTAS,10,11/1/2019,E-21075,SUNPHARMA
8901127015644,13,LEVIPIL TAB 500MG,500mg,TABLETA,TAB,CAJA,30,,EE01327,SUN PHARMACEUTICAL
8901127017716,13,MAXGALIN 75MG  X 1 TAB.,,,,,1,,,SUN PHARMACEUTICAL PERU S.A.C.
8901127017723,13,MAXGALIN PREGABALINA,150 mg,capsula,capsula,Caja x 30 capsula,30,9/30/2015,GKM1551,SUN PHARMA
8901127018294,13,LEVIPIL TAB 1G,1g,TABLETA,TAB,CAJA,30,,EE01333,SUN PHARMACEUTICAL
8901127030845,13,PRAMIX,1mg,CAJA,CAJA,CJA *  30,30,,,SUN PHARMACEUTICAL
8901127030852,13,PRAMIX,0.25mg,CAJA,CAJA,CJA *  30,30,,,SUN PHARMACEUTICAL
8901138824822,13,CLOTRIMAZOL 1%,20 ml,FRASCO,SOLUCION,Tópico Sol. x 20ml c/caja,,,N-27375,Lab. Portugal S.R.L.
8901148209565,13,EXIFINE,1%,Crema,Crema,Caja Tbo. X 10 g,1,10/15/2009,E16831,BAXLEY GROUP
8901175121519,13,AUROTAZ P CAJA AMPOLLA X 1,0,,,,1,,E22020,NORDIC PHARMACEUTICAL COMPANY S.A.C.
8901175349111,13,CEFTAZIDIMA NORDIC,1G,VIAL,VIAL,VIAL,1,,EG5362,NORDIC
8901296000632,13,TETRADOX,100mg,Cápsula,Capsula,Caja Cap.,10,7/22/2010,E17519,RANBAXY-PRP
8901296000656,13,LOVIR,200mg,Tableta,Tableta,Caja Tab.,50,10/20/2010,E17709,RANBAXY-PRP
8901296000670,13,INVORIL,10mg,Tableta,Tableta,Caja Tab.,100,1/31/2010,E12578,RANBAXY-PRP
8901296000687,13,RANOXYL,500mg,Cápsula,Capsula,Caja Cap.,20,3/25/2010,E12555,RANBAXY-PRP
8901296000694,13,OFRAMAX,1g,Polvo para Solución Inyectable,Inyectable,Caja Vial + solvente,1,2/8/2010,E12605,RANBAXY-PRP
8901296000724,13,CIFRAN,200mg/100mL,Solución para Inyección,Inyectable,Caja Vial X 100 mL,1,3/9/2010,E12682,RANBAXY-PRP
8901296000786,13,SIMVOR,20mg,Tableta,Tableta,Caja Tab.,10,10/12/2010,E17685,RANBAXY-PRP
8901296000816,13,SIMVOR,40mg,Tableta,Tableta,Caja Tab.,10,12/11/2011,E18987,RANBAXY-PRP
8901296000847,13,CEFCOR,250mg/5mL,Polvo para Suspensión Oral,Suspension,Fco. X 75 mL,1,1/31/2010,E12573,RANBAXY-PRP
8901296000861,13,LOVIR,400mg,Tableta,Tableta,Caja Tab.,50,10/20/2010,E17705,RANBAXY-PRP
8901296000878,13,LOVIR,800mg,Tableta,Tableta,Caja Tab.,50,10/20/2010,E17706,RANBAXY-PRP
8901296000885,13,CIFRAN,500mg,Tableta,Tableta,Caja Tab.,10,2/1/2015,E12580,RANBAXY-PRP
8901296001042,13,AMOXICILINA + ACIDO CLAVULANICO,500mg+125mg,Tableta,Tableta,Caja Tab.,10,10/3/2010,E17650,RANBAXY-PRP
8901296001080,13,COVANCE,50mg,Tableta,Tableta,Caja Tab.,10,10/20/2010,E17710,RANBAXY-PRP
8901296001387,13,CEROXIM,500mg,Tableta Recubierta,Tableta,Caja Tab.,10,4/27/2010,E17292,RANBAXY-PRP
8901296001684,13,FLURAN,20mg,Cápsula,Capsula,Caja Cap.,100,12/29/2010,E13504,RANBAXY-PRP
8901296001714,13,SERLIFT,50mg,Tableta,Tableta,Caja Tab.,100,1/29/2011,E13586,RANBAXY-PRP
8901296001721,13,ENHANCIN,1g,Tableta,Tableta,Caja Tab.,20,12/29/2005,E13498,RANBAXY-PRP
8901296002612,13,ENHANCIN,250mg/5mL,Polvo Oral,Polvo,Fco. X 60 mL,1,9/27/2010,E17640,RANBAXY-PRP
8901296005033,13,BACQURE,500mg+500mg,Polvo para Solución Inyectable,Inyectable,Caja Vial,1,12/20/2012,E15080,RANBAXY-PRP
8901296006856,13,INVORIL,20mg,Tableta,Tableta,Caja Tab.,20,9/8/2010,E17614,RANBAXY-PRP
8901296007143,13,COVANCE D,50mg+12.5mg,Tableta,Tableta,Caja Tab.,10,11/5/2013,E15975,RANBAXY-PRP
8901296007815,13,AIRLUKAST,10mg,Tableta Recubierta,Tableta,Caja Tab.,10,3/18/2014,E16335,RANBAXY-PRP
8901296009321,13,RIOMET OD,500mg,Tableta,Tableta,Caja Tab.,10,2/1/2010,E17158,RANBAXY-PRP
8901296011034,13,EPIPROCTO,,Ungüento,Unguento,Tubo X 30 g,1,2/21/2011,E18172,AGRIPINO SARMIENTO
8901296011195,13,LOXOF,500mg,Tableta,Tableta,Caja Tab.,10,1/12/2011,E18039,RANBAXY-PRP
8901296011201,13,PANSEC,40mg,Tableta,Tableta,Caja Tab.,14,12/7/2010,E17912,RANBAXY-PRP
8901296011218,13,ALTIVA,120mg,Tableta Recubierta,Tableta,Caja Tab.,10,9/25/2011,E18799,RANBAXY-PRP
8901296011225,13,ALTIVA,180mg,Tableta Recubierta,Tableta,Caja Tab.,10,9/25/2011,E18798,RANBAXY-PRP
8901296011256,13,AIRLUKAST,4mg,Tableta Recubierta,Tableta,Caja Tab.,30,8/23/2009,E16687,RANBAXY-PRP
8901296011263,13,AIRLUKAST,5mg,Tableta Recubierta,Tableta,Caja Tab.,30,9/23/2009,E16781,RANBAXY-PRP
8901296012819,13,ROZIDAL,1mg,Tableta,Tableta,Caja Tab.,20,3/15/2011,E18226,RANBAXY-PRP
8901296012826,13,ROZIDAL,2mg,Tableta,Tableta,Caja Tab.,20,3/16/2011,E18238,RANBAXY-PRP
8901296013069,13,LAMOTAXYL,25mg,Tableta,Tableta,Caja Tab.,30,1/9/2012,E19071,RANBAXY-PRP
8901296013076,13,LAMOTAXYL,50mg,Tableta,Tableta,Caja Tab.,30,1/10/2012,E19074,RANBAXY-PRP
8901296013083,13,LAMOTAXYL,100mg,Tableta,Tableta,Caja Tab.,30,1/12/2012,E19077,RANBAXY-PRP
8901296015056,13,NEURAZEPAN,0.5mg,Tableta,Tableta,Caja Tab.,20,3/12/2012,E19222,RANBAXY-PRP
8901296015063,13,NEURAZEPAN,2mg,Tableta,Tableta,Caja Tab.,20,3/10/2012,E19217,RANBAXY-PRP
8901296015261,13,ALYVIR,,TABLETA,TABLETA,CAJA,10,,E19840,RANBAXY
8901296015957,13,RISATE,35mg,Tableta Recubierta,Tableta,Caja Tab.,4,1/11/2013,E20176,RANBAXY-PRP
8901296300787,13,TELEACT,40 mg,Tableta,Tab,Caja x 30 tabletas,,,E22751,SUN PHARMACEUTICAL
8901296300794,13,TELEACT 80 MG,80 mg,Tableta,TAB,Caja x 30 tabletas,,,E22788,SUN PHARMACEUTICAL
8901296302514,13,TELEACT 80 MG,80 mg,TAB,TAB,CAJA X 30 UNIDADES,30,,E22914,SUN PHARMACEUTICAL
8901296302576,13,AIRLUKAST TAB  5MG,5MG,TABLETA,TAB,CAJA,30,11/20/2020,EE02296,RANBAXY
8901296302583,13,AIRLUKAST TAB 10MG,10MG,TABLETA,TAB,CAJA,30,4/4/2023,E23004,CAIR LGL
8901397013470,13,SYFEN,50mg,Tableta Recubierta,Tableta,Caja Tab.,100,1/24/2012,E19106,TORRES PHARMA
8901463119204,13,PIRAZINAMIDA NORDIC TAB 500MG,500mg,TABLETA,TAB,CAJA,100,,EE00845,NORDIC
8901463126479,13,FLOXITEL TAB 400MG,400mg,TABLETA,TAB,CAJA,5,,EE05422,NORDIC
8901530000077,13,TRASIC,50mg,Cápsula,Capsula,Caja Cap.,100,4/9/2011,E13776,ESKE
8901664003753,13,CEFEPIMA 1 GR CAJA X 1 AMPOLLA (N),1g,,,,1,,EG4762,NORDIC PHARMACEUTICAL COMPANY S.A.C.
8901704000636,13,METRONIDAZOL 500 MG  AMP X 1.  (PHARMAGEN),500MG/100ML,AMPOLLA,AMP,AMPOLLA X 100ML,1,1/6/2016,E-13642,PHARMAGEN
8901708004982,13,ZORYL 4 MG X 1 TABLETA,,,,,1,,,INTAS PHARMACEUTICALSLTD
8901708005057,13,PIOLET 15 MG X 1 TB,15mg,,,,30,,E21524,INTAS PHARMACEUTICALSLTD
8901708005286,13,GABAPIN 300,300mg,Cápsula,Capsula,Caja Cap.,100,8/29/2011,E14124,ACCORD
8902031802375,13,ESOPRAN,40MG,TABLETA,TABLETA,CAJA,20,,E18885,NORDIC
8902031803730,13,CIPRONOR,500MG,TABLETA,TABLETA,CAJA,100,,E18757,NORDIC
8902269011198,13,DIP 5,5mg,Tableta,Tableta,Caja Tab.,30,12/13/2010,E17928,EXMEK
8902269011204,13,DIP 10,10mg,Tableta,Tableta,Caja Tab.,30,12/13/2010,E17929,EXMEK
8902319011604,13,METPURE XL-25,25mg,Tableta,Tableta,Caja Tab.,20,5/22/2014,E21716,BIO REG PHARM
8902319011628,13,ALESTOL-2.5,2.5mg,Tableta,Tableta,Caja Tab.,30,5/19/2014,E21699,BIO REG PHARM
8902319011772,13,FEXMOR,20mg,Tableta con Cubierta Entérica,Tableta,Caja Tab.,14,6/19/2014,E21770,BIO REG PHARM
8902319016548,13,ALMIDA,300mg,Tableta Recubierta,Tableta,Caja Tab.,10,1/11/2015,E22148,BIO REG PHARM
8902319016555,13,ALMIDA,400mg,Tableta Recubierta,Tableta,Caja Tab.,10,2/15/2015,E22175,BIO REG PHARM
8902344234115,13,TETRAHES SOL 6% 500ML,6%,BOL,BOLSA,BOLSA,1,8/31/2017,E22886,ALMIDON HIDROXIETILICO
8902344312219,13,LINEZOLID IV SOL 600MG,600MG,FRASCO,FCO,FRASCO,1,,EE01360,CLARIS LIFESCIENCES LIMITED
8902344334112,13,CIPROFLOXACINO (CIPRONOR),200 MG/100ML,AMPOLLA,AMPOLLA,200 MG/ 100 ML F. AMP X 1,1,,E-19789,PHARMAGEN S.A.C.
8902344339193,13,PROPOFOL ,  10MG/ML,SOLUCION INYECTABLE,SOLUCION INYECTABLE,CAJA X 5 UNIDADES,,,EE00406,CLARIS LIFESCIENCES LIMITED
8902344341226,13,PROSAFE 1% P/V EMULSION INY VIAL X 20 ML,0.01,Emulsión inyectable,AMP,AMP X 20 ML,5,,E23240,
8902344419116,13,BUPICAN HEAVY 0.5% BUPIVACAINA CLORHIDRATO EN DEXTROSA,,SOLUCION INYECTABLE,SOLUCION INYECTABLE,CAJA X 5 UNIDADES,5,,EE03592,OQPHARMA
8902344901147,13,SUCROFER 100 MG / 5ML CAJ. X 5,100MG,AMPOLLA,AMPOLLA,CAJA X 5ML,5,,E21063,PMG PHARMA
8902382230018,13,AMOXI-C,500 mg,CAPSULA,CAPSULA,CAJA CAPS,100,8/31/2022,EE05241,PHARMA-C
8902396022128,13,NITROGLICERINA PHARMA VIA 25MG 5ML,25mg,VIAL,VIA,CAJA,5,11/19/2020,EE02265,PHARMAGEN
8902413017779,13,CISPLATINO GP PHARM VIA 50MG 50ML,50mg,VIAL,VIA,VIAL,1,,EE0151,GP PHARM
8902413017793,13,CISPLATINO GP PHARM VIA 10MG 10ML,10mg,VIAL,VIA,VIAL,1,,EE00107,GP PHARM
8903500402997,13,DI-VITERMA,500 mg,TABLETA RECUBIERTA DE LIBERACION PROLONGADA,TABLETA,CAJA TAB,30,7/23/2024,EE07599,BONAPHARM
8903703002390,13,ENSUFER 100mg /5ml Amp. x 5,100mg /5ml,AMPOLLA,SOLUCIÓN INYECTABLE I.V,UNIDAD,1,1/6/2020,EE-03690,NORDIC
8903703008262,13,HEMONOR,5000 UI/mL,SOLUCION INYECTABLE,INYECTABLE,VIAL x 5 mL,50,12/9/2019,BE00667,NORDIC
8903703009627,13,CUTENOX,60 mg/0.6 mL,SOLUCION INYECTABLE,INYECTABLE,JERINGA PRELLENADA x 0.6 Ml,1,5/22/2020,RD2507-2020,NORDIC
8903726104477,13,ZIDOLAM,150/300mg,CAJA,CAJA,CJA *  60,1,3/20/2017,E0198160000,NORDIC
8903726120279,13,TENOFOVIR HETERO TAB 300MG,300MG,TABLETA,TAB,FRASCO,30,4/30/2017,EE00816,HETERO LABS LIMITED
8903726165768,13,EFAVIRENZ HETERO TAB 600MG,600MG,TABLETA,TAB,FRASCO,30,6/30/2020,EE01504,HETERO LABS LIMITED
8903726186138,13,ABACAVIR,300 mg,Tableta Recubierta,TABLETA,Caja Frasco Tabletas,60,8/1/2020,EE01528,SEVEN
8903726187050,13,LAMIVUDINA TAB 150MG,150mg,TABLETA,TAB,CAJA,100,,EE01232,HETERO LABS LIMITED
8903726187067,13,LAMIV + ZIDOV HETERO TAB 150/300MG,150/300mg,CAJA,CJA,TABLETA,100,,EE02372,HETERO LABS LIMITED
8903726217221,13,MOQUIN,400 mg,TABLETA RECUBIERTA,TABLETA,CAJA TAB,30,4/16/2023,EE05896,GLOMED
8904012415529,13,AMPHOLIP (AMFOTERICINA B COMPLEJO LIPIDICO) 50 MG/10 ML,50 MG/10 ML,INYECTABLE,INY,CJA X 1,1,2/22/2018,EE04354,PHARMARIS PERU S.A.C.
8904012415543,13,AMPHOTRET-B,50MG,VIAL,VIAL,VIAL,1,,E22778,BHARAT SERUM
8904012482026,13,CLOSTET VIA 250UI 1ML,250UI,VIA,VIA,VIA,1,1/3/2019,BE00702,PHARMARIS PERU SAC
8904030850418,13,DICLOMEK,75mg/3mL,Solución para Inyección,Inyectable,Caja Amp. X 3 mL,10,4/12/2012,E19310,LABEX
8904030850630,13,PANTOMEK,20mg,Tableta,Tableta,Caja Tab.,10,1/23/2013,E20218,LABEX
8904030850678,13,DERMACLOB 0.05%,0.05g,Crema,Crema,Tubo X 15 g,1,7/21/2013,E20850,SGS
8904030850692,13,PANTOMEK IV,40MG,VIAL,VIAL,VIAL,1,,E20277,LABEX
8904030850708,13,CELECOXMEK,200MG,CAPSULA,CAPSULA,CAJA,10,,E20284,LABEX
8904030850739,13,CEFUROMEK,500mg,Tableta Recubierta,Tableta,Caja Tab.,10,2/11/2013,E20305,EXMEK
8904030850746,13,MEROMEK,500MG,VIAL,VIAL,VIAL,1,,E20321,LABEX
8904030850753,13,MEROMEK,1G,VIAL,VIAL,VIAL,1,,E20323,LABEX
8904030850777,13,MELOXIMEK,15mg,Tableta,Tableta,Caja Tab.,20,2/22/2013,E20380,LABEX
8904030850791,13,ONMEK,8MG,AMPOLLA,AMPOLLA,CAJA,5,,E20375,LABEX
8904030850807,13,CECLOMEK,250mg/5mL,Polvo para Suspensión Oral,Suspension,Fco. X 75 mL,1,2/21/2013,E20369,LABEX
8904030850913,13,ATENOLMEK,100MG,TABLETA,TABLETA,CAJA,30,,E20525,LABEX
8904030850920,13,ATENOLMEK,50MG,TABLETA,TABLETA,CAJA,30,,E20526,LABEX
8904030851187,13,MISOPROSMEK,200mcg,Tableta,Tableta,Caja Tab.,30,6/2/2013,E20713,LABEX
8904030851194,13,ALEVOMEK,500MG,TABLETA,TABLETA,CAJA,10,,E20720,LABEX
8904030851248,13,AMIKAMEK,500mg/2mL,Solución para Inyección,Inyectable,Caja Vial X 2 mL,10,6/16/2013,E20764,LABEX
8904030851385,13,VANCOMEK,500MG,VIAL,VIAL,VIAL,1,,E20856,LABEX
8904030851439,13,AMLODMEK,5MG,TABLETA,TABLETA,CAJA,30,,E20815,LABEX
8904030851446,13,AMLOMEK,10MG,TABLETA,TABLETA,CAJA,30,,E20808,LABEX
8904030851453,13,CEFEPIMEK,1G,VIAL,VIAL,VIAL,1,,E20924,LABEX
8904030852801,13,PIPRAMEK,4.5G,VIAL,VIAL,VIAL,1,,E21171,LABEX
8904030856472,13,PANTOMEK,40MG,TABLETA,TABLETA,CAJA,10,,E20217,LABEX
8904058100717,13,INMUNOGLOBULINA NORMAL AL 5%,0.05,SOLUCION INYECTABLE,SOLUCION INYECTABLE,FRASCO X 100 ML,1,11/2/2018,BE00932,RELIANCE LIFE SCIENCES
8904058100816,13,ALBUMINA AL 205 ALBUREL,,SOLUCION INYECTABLE,SOLUCION INYECTABLE,CAJA X 1 UNIDAD,,,BE00887,RELIANCE LIFE SCIENCES
8904059100717,13,INMUNOGLOBULINA NORMAL AL 5% (IMMUNOREL),,Solucion para inyección,Inyectable,Frasco x 100 ml,1,,BE00760,ESKE
8904081150441,13,DERIVA MS GEL,TUBO X 15 G,TUBO,TUBO,TUBO X 15 GR,1,6/1/2019,EE-02592,(GLEMMARK)
8904091100118,13,CANDID CREMA TUBO 20GR,,,,,1,,,GLENMARK PHARMACEUTICALS PERU S.A.
8904091100705,13,ECZIDERM S,,Ungüento,Unguento,Tubo X 15 g,1,5/3/2010,E17295,GLENMARK
8904091101597,13,BUTENFIT 1 %,0.01,CREMA,CRM TOPICA,TUBO X 15 G,1,,E022919,GLENMARK
8904091101610,13,MOMATE,0.001,CREMA,CREMA,TUBO,1,,EE-01003,GLENMARK
8904091102808,13,DERIVA GEL,0.10%,Gel,Gel,Tubo X 15 g,1,7/27/2010,E17526,GLENMARK
8904091103201,13,TACROZ,0.03%,POMADA,POMADA,TUBO,1,,E17475,GLENMARK
8904091103300,13,TACROZ-F,0.1%,POMADA,POMADA,TUBO,1,,E22560,GLENMARK
8904091103607,13,DERIVA - C,0.1%+1%,Gel,Gel,Caja Tbo. X 15 g,1,1/8/2014,E21401,GLENMARK
8904091103850,13,GLEMONT IR,10 mg,Tableta,Tab,Caja,1,,EE01242,GLENMARK
8904091105816,13,CANDID-V6 TAB VAG 100MG,100MG,TABLETA VAGINAL,TABLETA VAGINAL,CAJA,6,,E13436,GLENMARK
8904091113606,13,CANDID DUSTING,1%,Polvo,Polvo,Fco. X 30 g,1,1/9/2011,E13530,GLENMARK
8904091119806,13,CANDITRAL,100MG,CAPSULAS,CAPSULAS,CAJA  x 16 Tb,16,,E-13744,Glenmark Pharmaceuticals Perú
8904091119837,13,CANDITRAL,100 MG.,CAPSULAS,CAPSULAS,CAJA,16,,E-13744,GLENMARK
8904091135134,13,BUDESMA 200MCG INH FCOX200DSS,200 MCG,INHALADOR,INHALADOR,FRASCO,1,8/14/2020,EE-01630,GLENMARCK
8904091146017,13,MOMATE-S,0.001,POMADA,POMADA,TUBO,1,12/31/1899,E-21364,GLENMARK
8904091146215,13,TAZRET,0.05%,GEL,GEL,TUBO,1,,E21414,GLENMARK
8904091149216,13,HALOVATE CREM. X 30GR,,CREMA,CRM,CAJA X 1,1,,RLDQHOWJG,GLENMARK
8904091150441,13,DERIVA MS GEL,0.001,Gel,Gel,Tubo X 15 g,1,,E22401,GLENMARK
8904091184477,13,MOMATE SPR,50 UG,SUSPENSION NASAL,SUSPENSION NASAL,CAJA,120,6/8/2020,EE-01549,GLENMARK
8904091184538,13,COMBIWABE SF 50,SF 50 MCG,INHALADOR X 120 DOSIS,INHALADOR X 120 DOSIS,FRASCO,1,,12150115,GLENMARK
8904091184545,13,COMBIWABE SF 125,SF 125 MCG,INHALADOR X 120 DOSIS,INHALADOR X 120 DOSIS,FRASCO,1,,12150006,GLENMARK
8904091184552,13,COMBIWABE SF 250,SF 250 MCG,INHALADOR X 120 DOSIS,INHALADOR X 120 DOSIS,FRASCO,1,,12150019,GLENMARK
8904092901615,13,METILPREDNISOLONA INY. ENV X 1,500mg,INYECTABLE,INYECTABLE,CAJA,1,,EE-01933,BIOTECH
8904092903213,13,VASMED AMP,20UI,AMPOLLA,AMP,CAJA,5,,EE00569,UNITED BIOTECH LIMITED
8904092908157,13,MICOBLIP (ANFOTERICINA B LIPOSOMAL) VIAL X 1,50MG,AMPOLLA,AMP,CAJA X 1,1,,EE-01034,GLOBAL MED PHARMA
8904093801877,13,LOPINAVIR + RITONAVIR TAB 200/50MG,,FRASCO,FCO,FRASCO,1,,EG5559,MYLAN LABORATORIES LTD
8904102202794,13,LEXFLONOR  750MG TABLETA,750 MG,TABLETA,TAB,CJA X 5 TABLETAS,1,8/17/2015,E-22325,NORDIC PHARMACEUTICAL COMPANY S.A.C. 
8904102203944,13,GLANCIN,0.4 mg.,CAPSULA,CAP,CAJA,30,,E23201,NORDIC
8904102204279,13,TOLNOR  CAP 4MG,4mg,CAPSULA,CAP,CAJA,30,,E23288,NORDIC
8904112512708,13,ESOMEPRAZOL,20mg,Tableta,Tableta,Caja Tab.,,,EE03558,BONAPHARM
8904112512715,13,ESOMEPRAZOL,40 mg,Tableta,Tableta,Caja,30,,EE03557,BONAPHARM
8904112520970,13,BONACOXIB 120mg,120 mg,TABLETA RECUBIERTA,TABLETA,CAJA TAB,7,5/2/2022,EE04916,BONAPHARM
8904159612324,13,DOLORELIEF,75mg,CAJA,CAJA,CJA *  30,30,6/23/2017,E0200800000,NORDIC
8904159612331,13,DOLORELIEF CAP 300MG,300MG,CAPSULA,CAP,CAJA,30,,EE02707,NORDIC
8904159613932,13,RODEST,10mg,CAJA,CAJA,CJA *  30,30,,,NORDIC
8904159613949,13,RODEST,20mg,CAJA,CAJA,CJA *  30,30,,,NORDIC
8904159620756,13,STATURIC 80 TAB 80MG,80mg,TABLETA,TAB,CAJA,30,,EE06239,CAIR LGL
8904159620794,13,EPNONE 50,50 mg,Tableta Recubierta,TABLETA,Caja Envase Blister Tabletas Recubiertas,30,8/28/2023,EE06308,MSN LABS
8904159620800,13,EPNONE 25,25 mg,Tableta Recubierta,TABLETA,Caja Envase Blister Tabletas Recubiertas,30,8/28/2023,EE06309,MSN LABS
8904159622521,13,NEBIEM 5,5 mg,Tableta,TABLETA,Caja Envase Blíster Tabletas,30,9/30/2021,EE04310,MSN LABS
8904180900414,13,BONCHECK,50mcg,CAJA,CAJA,CJA *  50,50,5/17/2017,,BONAPHARM SAC
8904180900421,13,BONCHECK,75mcg,CAJA,CAJA,CJA *  50,50,5/17/2017,,BONAPHARM SAC
8904180900438,13,BONCHECK,100mcg,CAJA,CAJA,CJA *  50,50,5/17/2017,,BONAPHARM SAC
8904180900445,13,BONCHECK,125mcg,CAJA,CAJA,CJA *  50,50,5/17/2017,,BONAPHARM SAC
8904180900452,13,BONCHECK,150mcg,CAJA,CAJA,CJA *  50,50,6/21/2017,,BONAPHARM SAC
8904184001766,13,VENZOLE CAP,30MG,CAPSULA,CAP,CJA,10,,EE00226,INVENTIA HEALTHCARE
8904242400241,13,NORPRAZOLE,20 mg,CAPSULA DE LIBERACION RETARDADA,CAPSULA,CAJA CAPSULA,30,2/11/2020,EE00719,BONAPHARM
8904242400296,13,ALKAST,40 MG.,TABLETAS,TABLETAS,CAJA,30,,EE-01188,BONAPHAM
8906000020463,13,CUTENOX,40mg/0.4mL,Solución para Inyección,Inyectable,Amp. X 0.4 mL,1,2/20/2012,E19165,NORDIC
8906000020470,13,ENOXAPARINA(CUTENOX),60MG /0.6ML,AMPOLLA,AMP,AMPOLLA,,,BE-00857,NORDICPHARMACEUTICAL
8906000020487,13,CUTENOX AMPX80MGX1,80mg/0.8mL,,,,1,,E19167,NORDIC PHARMACEUTICAL COMPANY S.A.C.
8906000020494,13,ENSUFER,100MG,AMPOLLA,AMPOLLA,CAJA,5,,E18945,NORDIC
8906000020562,13,CUTENOX 80 MG/0.8ML,80MG/0.8ML,AMPOLLA,AMP,AMPOLLA,1,,BE-00860,NORDIC FARMACEUTICAL
8906000020579,13,VANCONOR 500 MG AMPOLLA,,,,,1,,,NORDIC PHARMACEUTICAL COMPANY S.A.C.
8906000020609,13,ROCSUR,,VIAL,VIAL,CAJA,12,,E19142,NORDIC
890600020463,13,CUTENOX AMPX40MGX1,40mg/0.4mL,,,,1,,E19165,NORDIC PHARMACEUTICAL COMPANY S.A.C.
8906006575042,13,TREONAM,1 g,POLVO PARA SOLUCION INYECTABLE,INYECTABLE,VIAL,1,12/5/2023,EE01143,OQ PHARMA
8906006575257,13,CEFEPIMA 1G,1 gr,Polvo para solución inyectable,Inyectable,Caja x 1 und,1,,E-20694,OQPHARMA
8906006575714,13,PARIN E 60 MG/0.6ML,60MG/0.6ML,AMPOLLA,AMP,AMPOLLA,1,,E-21200,QQPHARMA
8906028267055,13,VINLON LYO 1 VIA 1MG,1mg,VIAL,VIA,VIAL,1,,EE00910,CELON LABORATORIES LIMITED
8906028267789,13,ASPAVEN,"10,000UI",VIAL,VIA,VIA,1,,EE02476,CELON LABORATORIES LIMITED
8906028267796,13,FLUDARABINA 50MG AMP (SEVEN PHARMA),50MG,AMPOLLA,AMP,CAJA X 1,1,,EE-00874,SEVEN PHARMA
8906028268526,13,HYPRO VIA 1% 200MG 20ML,200MG,VIA,VIA,VIA,1,4/30/2018,EE02765,CELON LABORATORIES LIMITED
8906029290052,13,ATORVASTATINA 40 MG X 1 TB (PHARMACHECK),,,,,1,,,PHARMACHECK PERU S.A.
8906029290076,13,CLOPIDOGREL,75mg,Tableta,Tableta,Caja Tab.,30,9/24/2013,EG5917,PHARMACHECK
8906029290083,13,ESOMEPRAZOL,40mg,Tableta,Tableta,Caja Tab.,30,3/2/2014,EG6131,PHARMACHECK
8906029290205,13,ESOMEPRAZOL,20mg,Tableta,Tableta,Caja Tab.,30,5/11/2014,EG6172,PHARMACHECK
8906029290458,13,RISPERIDONA,1mg,Tableta,Tableta,Caja Tab.,30,5/20/2014,EG6179,PHARMACHECK
8906029290465,13,RISPERIDONA,2mg,Tableta,Tableta,Caja Tab.,30,5/26/2014,EG6182,PHARMACHECK
8906029290519,13,SILDENAFILO,100mg,Tableta,Tableta,Caja Tab.,4,9/15/2014,EG6247,PHARMACHECK
8906029290533,13,SIMVASTATINA,20mg,Tableta,Tableta,Caja Tab.,30,7/17/2014,EG6211,PHARMACHECK
8906029290557,13,TAMSULOSINA,0.4mg,Tableta,Tableta,Caja Tab.,30,6/9/2014,EG6193,PHARMACHECK
8906029290830,13,MELOXICAM,7.5mg,Tableta,Tableta,Caja Tab.,30,6/2/2014,EG6187,PHARMACHECK
8906029290847,13,MELOXICAM 15 X 1 TABLETA,,,,,1,,,PHARMACHECK PERU S.A.
8906029291295,13,RISPERITE,2MG,TABLETA,TABLETA,CAJA,30,,E21772,PHARMACHECK
8906041846367,13,CALBONE 500 MG,500 MG,TABLETA,TAB,CAJA X 100,100,,DE1786,OQ PHARMA
8906042660139,13,DOXICICLINA,100 MG,CAPSULA,CAP.,CAJA X 100 CAP.,100,,EG-6181,BIOTECH
8906042660306,13,DOXICICLINA,100mg,Cápsula,Capsula,Caja Cap.,1,5/22/2014,EG6181,MC GLOBE
8906045414135,13,SEFTAZID-1 VIA 1G,1G,VIAL,VIA,VIAL,1,,EE04411,BRAILE-BIOMEDICA
8906063986577,13,ACINIL-P TAB 40MG,40MG,TABLETA,TAB,CAJA,30,,E23327,NORDIC
8906063986584,13,PENTODIC TAB 400MG,400mg,TABLETA,TAB,CAJA,30,,E22609,NORDIC
8907010000193,13,Meropenem,500 mg,Solucion inyectable,,Caja x 10 unidades,10,,,oqpharma
8907010000209,13,MEROPENEM 1G,,SOLUCION INYECTABLE,SOLUCION INYECTABLE,CAJA X 10 UNIDADES,,,EE03909,OQPHARMA
8907010000766,13,PROTAMINA VENUS,50mg/5ml,AMPOLLA,AMPOLLA,Caja x 5,5,,EG5206,VENUS
8908000432291,13,ISOCHECK 10MG X UNI,,,,,1,,,PHARMACHECK PERU S.A.
8908000432307,13,ISOCHECK 20 MG CAP (CJA X 30),20 MG,Cápsula Blanda,Cápsula,Caja cápsula,20,,EE00276,PHARMACHECK PERU S.A.
8908000434158,13,LENOMIDE CAP 0.5MG,0.5MG,CAPSULA,CAP,CAJA,30,9/30/2018,EE03731,BONAPHARM SAC
8908001884044,13,PANTOPRAZOL,40MG,TABLETAS,TABLETAS,CAJA X 50,1,1/7/2017,EG-6090,MC GLOBE
898515001021,13,PROVIDE GOLD SHOT PROTEIN 887ML,,,,,1,,,SIN LABORATORIO
898515001106,13,PROVIDE GOLD BERRY,887ML,SOLUCION,SOL,FCO X 887ML,1,8/4/2021,DE2165,BARSAND INTERNATIONAL S.A.C.
9002260013593,13,CURAM 1000,875mg+125mg,Tableta Recubierta,Tableta,Caja Tab.,10,7/5/2011,E18554,ROEMMERS
9002260014460,13,BIODROXIL,500mg,Cápsula,Capsula,Caja Cap.,100,9/1/2013,E11113,ROEMMERS
9002260014507,13,CURAM FORTE,250mg+62.5mg/5mL,Polvo para Suspensión Oral,Suspension,Fco. X 60 mL,1,9/29/2013,E11197,ROEMMERS
902319017811,13,FOSEAL -800 MG TAB CJA X 10,800 MG,TABLETA,TAB,CJA X 10,10,3/15/2020,EE02013,EMCURE PHARMA PERU SOCIEDAD ANONIMA CERRADA
9027950150052,13,TAXOL 100MG/16.7ML AMPOLLA X 1,100mg,AMPOLLA,CAJA,CAJA X 1,1,,,BRISTOL MYERS
9088880087886,13,CEREBROLYSIN,,Solución para Inyección,Inyectable,Caja Amp. X 10 mL,5,6/7/2010,E17400,DEUTSCHE PHARMA
9160708005064,13,PIOLET 30 MG X 1 TB,30mg,,,,30,,E21525,INTAS PHARMACEUTICALSLTD
925832192,13,NECTAR,,GEL,GEL,FRASCO,1,,NSOC17128,CDER PHARMA
9329829002219,13,CAFNEA VIA 40MG/2ML,40mg,VIAL,VIA,CAJA,10,,EE04611,CAIR LGL
93AG-3E30,13,ADCON GEL X 3GR,3gr,GEL,TUBO,FRASCO X 60 ML,1,,,MAX ZIMMERMAN
9854632896324,13,ROPSIL 200-40MG/5ML FCO X 60 ML (MKT PHARMA),200-400/5ML,FRASCO,FCO,CJA X 1,1,1/30/2022,EN05150,INRETAIL PHARMA S.A.
9999990833129,13,MAXICEF,400mg,Comprimido,Tableta,Caja Comp.,8,9/25/2012,E14887,PHARBAL
ADE00360000,13,PATENTE AZUL V SODICO X 2ML,0.025G,AMPOLLA,AMP,INYECTABLE,1,12/17/2018,ADE0036,CARDIO PERFUSION E.I.R.LTDA.
AMM3062160,13,LIPIODOL UF 480 MG I/ML AMP X 10 ML,480mg,AMPOLLA,AMP,1,1,,ADE0091,CARDIO PERFUSION E.I.R.LTDA.
PZN-00193252,13,NAVELBINE 20MG TAB CJA X 1,20MG,TABLETA,TAB,CAJA X 1,1,,USO COMPASIVO,PIERRE FABRE PHARMA
PZN-06718000,13,NAVELBINE 80MG TAB CJA X 1,80MG,TABLETA,TAB,CAJA X 1,1,,USO COMPASIVO,PIERRE FABRE PHARMA
XXXXXXXXXXXXX,13,OTROS,,,,,,,,
